song_id,Release Date,Length,emotion,Popularity
bded28d61764bfeabd745be2dfc7c7359abbbf8dcddb379a6a63983906f4fa18,2024-01-12,04:30,joy,86
9cbb98a71136f6e0f72d0c21b5bf22504d782889fcf13f713f093e8d62d184c3,2024-01-12,04:30,joy,86
70f7e305e0aa831733f92c70bb3726f135fdfad14d40fd18e82526c5f7a51607,2024-01-12,04:30,surprise,86
e2fcc2f5bac878dbdf2afb8ed6619ff16e3219d15ddcef9568a107c9ad49a4fa,2003-02-06,03:13,anger,81
956c06ce8026d7fb4b4f6889767f4420269c12a0fb4e800a75b8634492f46ded,2018-11-20,02:38,sadness,85
a48e3f86224903928ab054c7ded349a2da17bca74dca66000a384274b99b570a,2018-11-20,02:38,joy,85
1bfe1aea94f4235bf0fb510b7a62b00ab2a0829d580925119c58c9a44957dc45,2018-11-20,02:38,anger,85
c9040c0026c9efc90e2c6b952ffda37f6401c00e021f7ecf6a199b83fa675ca4,2018-11-20,02:38,joy,85
71fb54190c830a570b81e33980c1bafafb7deb1a1fab4a6bd61a6c25bd1883d2,1980-07-25,04:15,joy,84
68f536bb280e82967caad841a1eb0339757590428e38e750993c182da1999305,1973-01-05,04:27,joy,82
81fc2b170d8553f92957530c06c2dab43345c9afa6fa3d84dc28f768fc5ae388,2018-11-16,02:49,joy,83
8825601e86e3ade1b6b79c39e69c9ccfb305b9b2160cbae56472d0bdf20f29dc,2013-09-09,03:03,sadness,90
7d4aefd77d43c9e243d8475df7ac178301afe5ebab13395f7c7046949f4c3e79,2007-04-22,04:13,anger,84
980f70ddf3b21d1e113c5d875f2cbf010b471355fb62c6c01aa8676aef00a6fa,2014-08-22,03:17,joy,82
6b961a8baac3d8dfd3685b7e5c42babe335ac797b472cedafd709d1c31965964,2024-03-08,03:48,sadness,89
835c2bc1171ecc9fe67b885975a219a006f602607b3be5187091517647d73805,2024-03-08,03:48,sadness,90
4c13cd18a9600740c7435c0156efc03684f40a8abd0c5aebb6835fc2b17f1bd2,2016-04-01,03:55,joy,82
3f57340e4053099b67155eb628b02f140d8b8b8400e1a734e840c638f5dd2e1d,2024-03-08,03:48,joy,86
edf763c5ee01f845ecc44b2cc86dea1ffe35618c5dae838801688165fcacce60,2013-01-01,04:07,joy,86
9be2e62c44029d74c07e49feb20d1bfc7d5bb653474faa2df68788b667bbbd07,2002-06-04,04:04,anger,82
8bd42c39a8801bc17eceb855c6f30242fff87fbf915bb27ca583e1afb89e6b08,2002-06-04,04:04,joy,82
1a5752583ae97749ed8f065085db0dfebc1c1d0d77d258f8297303e7f69a0ae6,2002-06-04,04:04,joy,82
cc84057a5745956c646d414f21e93c87bc50f76f3fc0e033cc6e8d5ae9571c77,2002-06-04,04:04,anger,82
5374fe83ad762efe27724bde2504a1861e782a9c9bb22817c0a046b3aaa2a54f,2002-06-04,04:04,sadness,82
67dc802846aa29cb355e658582f7bcb48d6c055d392fa66bd61946dd73112d26,2002-06-04,04:04,joy,82
dd9b3b2cb5fd467c684c584cdd7eeda009fdf4741422e122c3e652022f27cdc2,2024-07-01,03:32,joy,81
e6e3cd66bac4cb16510f7bfe8a3b891f04c3fefb32d2622317b204da7bbd2650,2024-07-01,03:32,love,82
059903ff56624f77867491872f151fa999ac0eb07b46200befa299dae0f7aa93,2023-08-04,02:58,sadness,84
fcf0f30f8838d07ef27b5e97b765a7cbb0658be68cd009400f6b20e6a2304725,1999-05-18,03:33,sadness,84
1c89ff9ddffe629a586e47783644e07f9e6505af114044b9c8d1631f3375e088,1999-05-18,03:33,joy,84
181ddb1efd443e98614687870efb6f320030230746464e6d2e307532012a3913,1999-05-18,03:33,joy,84
611e8f119977e0e44cc32fd77f8d3eb9b418c689275fdd8294d73e2480530b13,1999-05-18,03:33,sadness,84
38e5ae8a2a5bfe008f0b5c5d509bd1b4f3446faf253a251f0666c866e3807d67,2022-05-06,02:58,anger,84
d8e9afdf0c1ef0032f8e89efefd476a4e07b9a6abf7a80376afd34c3afc3f894,2023-01-11,02:58,joy,82
b70e5c80f85cfa9f36c856800b03bf167525dd99485ed47a64f51e7644e49ee9,2023-01-11,02:58,joy,82
1383630becc2f08976b261853b04826a8d0c05f4e8d8189c88cb7d19a355b030,2023-01-11,02:58,joy,82
2f5327db4b08831e566e1513165850a5ff01f488069cd18fe4d68a0e476c5b68,2020-10-09,03:00,joy,81
217996d3f73ba0997fd6107205a879c271ea14c8c30abd027484bff25f991b8f,2024-01-18,03:00,sadness,91
c08d6f8b462d29fe6de0e4f5b2143fde32160c89568645efacef4ef4974f9c32,2024-01-18,03:00,joy,91
caedb6c0282ae69ece7e0f4efd31c025d814fab0f63328ce5c831c0481c7ac4a,2024-02-11,03:53,joy,83
477c52fab3219c2dd9e18e9984589613265af5292dcd6e299c59c2902ae493bf,1971-05-01,02:05,sadness,86
c382ce9d9b4663c094b38831fe49a8a3606be580d523822df8450eec12b75c15,2024-05-17,05:43,joy,89
e19873532580da8aaf8f6b4f4592f20adcbe7e212322d4a2686dbc1d8cf75033,2024-05-17,03:30,sadness,100
b04cfc8ad52b8112c6282186251ac65dace30d679b3cad47294843b779712e69,2024-05-17,05:43,joy,88
99533b089870c4c3941c490df0fcef822b38d64f32f339e64515aefe1a2ed05c,2024-05-17,05:43,joy,88
1855845c8f16389a086fc8c314ff1b628bba5588ec11408d3d365e0034b2190e,2024-05-17,05:43,sadness,89
505b9702c0e113232bc04f845b70b7c8034f4a9ca179a60487cdfcb02f815cf2,2024-05-17,03:30,joy,99
647141d4fe2ebe80eea09259b7d7938572d032b4c7939bc11f8b1b91eb558374,2024-05-17,05:43,joy,88
2f17aef8289e914e8c102260af776d0d973325a6aee46f5f09bd506b8455bf59,2009-01-01,04:49,anger,81
af25d5766d1348dfd28487f4440ded32e114f463742a6bc908b280e10316fb5d,1970-09-18,02:47,sadness,83
a76b52fa4818de410561a1f01fc64dfbf95ebd00a39acb6a67b1c6e9a8f81b14,1997-02-10,02:01,sadness,83
07eccc6bc935ceab4d582998d7f9bbc9443660852c0b4427caa337fccc397beb,1986-08-16,03:42,joy,84
e0105d6b56a43374abb1b6c1725e7a4b0e2e771bfd008ecb79e094928c45f565,2000-01-01,03:44,sadness,82
4275a74dcb934c95deaabe90c2a50be3d28fc2961dac73825fd2711b51674dbb,1986-08-16,03:42,sadness,84
c0c5baa3df8313ae346403828f739f77387fb1754caf9e605040101307cab784,2003-11-13,03:18,joy,86
9c36fb1cad8e9cfda59b76f98c7cdaa21dd349ab79a0cee5a574796326c1507f,2003-11-13,03:18,joy,86
55d1a89f12280e8ec2ed9a4298c1c7f70549b8048604734399b6e46f714cc2cf,1984-06-04,04:01,anger,83
92fc5e1ac377bbb614a7d11c900f166ea7f2b7dc7158784a8bb59d9741c5866a,2012-12-07,03:33,sadness,90
e1d2d88c11e70b4530b3014975ff519e109ca103bdba1cc8f1df319ff8f5b726,2012-12-07,03:33,sadness,85
c2aeb30a919c49be3c3ff9695e61a4aff7b9ddc69eb6b0fc82c11b03838172ca,1984-11-05,03:36,anger,83
4ed10a6611a19105b4df1f3da92685d52f5b98e3ef91bd74cc9965414cde2f8d,2015-10-02,03:18,sadness,83
e75826b742452c78487719f2f861e91a20cd646ef3bdec321f05e9415a5a23bb,2015-10-02,03:18,joy,83
98c0c7ba13a0b5b4d70a32ef89b1f1952ae32a68e8c255bc45d0182d037d3cfb,2015-10-02,03:18,joy,83
586071e3057ca0f2cc0397be718b1dbe33bccac929131bfc784d0701c08bc15d,2024-02-13,02:41,joy,83
24ef9b5c17ba8ddca16ba5f695846d54a8f4ae2b2c2cd3aeaee00410fa977458,2024-02-13,02:41,sadness,84
46bf1cefec299876601fd83e10949e4e071d3f38ece3c37950d6e80c05595db4,2015-10-02,03:18,anger,83
e061455735bc16459497e02ef1c063c161cd5f5061a83df34a3ac43f39f6a151,2024-02-13,02:41,sadness,83
3754229c967290fb8a62f02eca0a908f7d634e3d0d9ac3ef3a14bcd10e4cb7db,2012-01-01,03:13,sadness,82
51a51e560b596a9eebbabad63e1d9ab1ff3459b8f37397d53571935ff0887476,2024-06-07,02:13,sadness,87
2fc9a97c5259b3a4ab013f93839864c9d4b580e849038ecf6e4818e85a94d769,2024-06-07,02:44,joy,82
8b701441c4be0779d0e8049e889993334cfa9ea2d5c5beed91326995a495892d,2024-06-07,02:13,joy,88
96bc4855194b4e67ea8df0ca9ed8864d9068bab68a0e60df03f14e8f87af8df7,2024-08-01,02:23,fear,90
b0f6d98791cc215867bfda73768638c4635be4904bc42f7805030c8a16aec3ba,2024-06-21,03:25,sadness,82
910b58e930eefb457606957f10d0986e62e0f0d1835e4ecd46a436414955a69e,2016-12-02,05:26,anger,81
800c6d229c96e24b73161a69ddb3da410eb6a9093ce2525915cc22c1811c9a52,2016-12-02,05:26,joy,81
4bf0980bfeaa33259bd9da1c0fce87fa78622249bcab324df70f3dd484e5364e,2016-12-02,05:26,joy,81
d7325d0fead55f674f76bf47ce727618842022093d2c35a5c6de9159c6ea2318,2019-10-04,03:04,anger,85
c92f52571bae168cc51f699d21a3c41679558a3762169d745d92c47c2a7fabcf,2019-10-04,03:04,anger,84
ebd0c70fab7b41d5448b50bc9dea3b6de404aac3c73334aebfe00387dbd635f1,2019-10-04,03:04,sadness,84
366f34494a3bdb6bc715bef66b9ccb9ec6f8b41aeba65c93dcbef940636662c3,2015-05-04,04:53,joy,83
61d279918bf2c81264ce1049f7c2a4c06fb11beeb46c756cac2ccdd3c5cfb518,2011-10-18,04:45,joy,82
ae77eac27dec967cc13c8e41abbe0bcc6a92a6af7dddb1085d986b0733c239c7,2015-12-04,04:23,joy,82
9087282e0eaee4e391a8a6ff83e5eae07e941525343a0606c5c59f00d5536025,2015-12-04,04:18,love,84
efd436c6aed636a4535e14a543bbd1257044f98814dde9bd93ac276003837c7a,2005-06-07,04:55,sadness,82
40dc5ebc49e2f3a2e82673cbc2477b92250649570194d9daa07ed70f00343ff2,2015-12-04,04:18,sadness,85
28c92ad8c90364b2ebe10114e8d3cf964b17dedc6b0bb274c428ba88f7b21953,2014-05-19,04:27,joy,87
8fc13ebd735d924561206d512a0c7b5368b6a1913c435c7decd3ab06923f32f2,2011-10-24,04:38,fear,83
6b2d8fa869b91618acaca71f794d6e8787e1b8addb1c2717a14ade7d5bfa5a38,2000-07-10,03:47,sadness,84
215adaad1591aafe7face37d1037f1a4cb9fa48ef8bb6fcad2d3b4592468eb8c,2020-03-20,03:18,sadness,84
f04f307d1a81b2b9b7bd795739fe67cbbde56b72f2ef4fdf3103f959461e717d,1970-12-07,02:40,fear,87
bd452dd9c50277f13fa183c4741f27ac3ec6a9cfc5405b7c84363f9b83cea094,2024-01-07,02:48,joy,83
6b7fd774248394d595bd879c1a0e1902b2258255a5c54955e64230be6b1f860c,1983-10-14,04:01,fear,82
0b7beb4661b83efb8d3a18b3596de8d153f7fdbb17349a4da9627aab2d86fc3c,1983-10-14,04:01,surprise,82
905b1921e831f3937d12b708b7a88b2b3dbee4503610fd1ccfce03e3d4ff0c4e,1983-10-14,04:01,anger,82
04325be9e55819311385ddff9fd3b96c9743f33520d2ba691507a6e211e5188c,1983-10-14,04:01,sadness,83
5983949bef33b9bbd6dea57efaf105b5d7b58c7f14c7b652c577cd568055a129,1983-10-14,04:01,anger,82
5811213ea85b5c624c40a97053c5b22babd4bbce124ea42627472c832cb14bac,1976-08-01,02:22,anger,84
957a3831570ef92580acb0b9d3b7ebf979e5cc556b79826ffe6c76e27330542e,1982-10-04,04:33,anger,83
dbb5f55599db77ee1eb236d416c918214791f26f34b8d26396fb0c3d08be0308,2022-08-26,02:55,love,88
e698d3c58f10109cbc1de67a34875607616ce067af3c8f0a7bac04821c30d300,1978-10-07,05:48,sadness,81
2039dd0d5504992008dac5ee65feaa47c3f6352b05e4423745c6e98209c0eb9a,1978-10-07,05:48,fear,81
c1bf3b076582335e1c8dce3234b8d63e87d77420b34e0f06c39ef5e71b8834c0,1978-10-07,05:48,joy,81
7d9e1048118a49f33990dfb8614dddcc4744e259c06463b4b02ef3abc21e9ce2,1978-10-07,05:48,anger,81
feac813abdd7b0973d4a09281ea4eac3199a8ee45d9822e6b983d064eec49b54,2024-02-02,03:05,fear,87
c4bf2e897eab6b22d6d2fe6b78a72616414fbbf04fab0af4091b0676ffdefcc6,2018-10-16,01:37,sadness,85
96d79bc244993353fc09323d2673fcf44ad165c288eafbd1d4b7e6923ea226a6,2024-05-03,07:36,joy,81
73e96432030e4d548904f80f6566126278dcc8e498b5593148f7834fca31c85b,1976-12-08,06:31,joy,83
78adf1f6ad324160e881e10ab7417ac91c6ca0fc22d3ab1f5b929fdf350d71ae,2014-06-21,04:18,love,82
fb2579ad52a257a286a407790deeccd154a2d158c9232a6cd0f11d0138d8e12a,1972-05-19,04:41,sadness,82
5267f676feb411a30d97fe6cd3c44a9d144c46d783e6263927b7047a672f2201,1972-05-19,04:41,sadness,81
36fe9396a76d61d28e21c2d03057787e62640331f986b257cf7b1b34ed7fafa8,1972-05-19,04:41,joy,81
7729a6723946fb80c0c7c27ade6592138169fb9f04e584b02c0779de6e16841b,1983-05-30,03:03,sadness,84
3b4674818b1e81978022b8ee19d88adbc7147fe45b3bae44bdad9a94f274de49,2021-08-13,03:22,love,84
25dedf18760d9731f58a3ae3afda454d1cc16eed75261b9fbec6b3e523c49e8d,1975-10-24,04:35,fear,83
c2f0e0356379da2939341404f629c5e841f18be24c33e3f22786e76d3c26d9b9,2024-05-31,03:47,anger,94
e4f2d5463b80faa73fd454f11a6b13b248e82d151c5be6c7019f6f2e034b716d,2024-05-31,03:47,joy,94
06ab36c1706e0fd2ec054d5b2a06ddf2712a2780bcdd8942cce7db62b2da52ab,2002-05-26,05:50,joy,82
393cc897d9d9ed1e9a8be809ad3c60e32593deefff905872a4d0867fec3d597d,2002-05-26,04:57,joy,83
27c102477d1aae7c7f9fd73c5bb0a3f7df08d749b2450140ff289b918ae3e72a,2024-03-15,01:47,joy,83
f75ee67e39572982fea34b27d8e5c4435458596ae60c664a235e11e6dfe37cbe,2003-03-04,03:55,sadness,86
0a2b867a4c37e3f87a0535df3c161dd4954c4872d697e56f3f0610214df5907d,2003-03-04,03:55,sadness,86
f8b90045e48d814ceba27244467c729316b726e64483e1ed6f0cb98c388e3f4a,2019-12-06,02:02,sadness,84
5b0d1637b6b4a8f15b5f4c931a052aee9f8d4dce04ac49feb13a18321783a81b,2007-01-01,03:23,anger,81
96243b7d50ce72c428d1d48b48f352b5c7478ddebb7c4d06bffd66a7b53afeab,1977-02-04,04:30,sadness,81
1d1209ed46e8e66b22311f06ade3e6fbdeded37c03efd9780fc141157b4fac23,1987-04-13,03:46,sadness,81
45709323555614e17c20281fe8a45c2fad7830df3e76d69e683561e7d99f9ce0,1997-05-20,04:10,joy,86
731704830fb4bb917f665d11aaf0e1700242bb849cfe5b3330a8b0ff3a0ddc8c,2011-05-23,03:59,anger,85
4503c3cf32d26ac32967f33402cd812c41c31e0be2e32c176a27a537130c6c59,2016-08-20,03:04,joy,88
de26ead3a7910dfa37e43c1e67ebb1333c16ea44678ecf7bc1580a9b0ca4d81f,2016-08-20,04:09,joy,83
61e77bcd5e7c5a88f18e7ff479f78839b764daea3b6e72ee4b319bed53284a59,2012-07-10,03:54,sadness,83
41dbe352e6c5291e77493ac5f5475c7381e9eecb8b7fb519252f35761acf7fc7,2012-07-10,03:54,love,83
39aff5b856a146451abd341c25df4faff42a397d7122a10d8fd7c4ca5e58e8fb,2012-07-10,03:54,fear,83
7056f1412bd77ccbb1cf870c47f68bbdee6f620219df6c27e3136afdac9d3bfd,2016-08-20,03:04,joy,87
8e9d55b41c555dca9fd87eed5934514e6cdc43fdc45d2cbf3fd5a9f8f132f3b2,2012-07-10,03:54,anger,83
71546ee1f7b1afa1b2a1250b0c578ac5e849cff4265f8df36553f0732c6cc08f,2004-02-16,03:57,joy,82
696c6b54b625860fc706fc127b99b7c148d85ec00d08c39385df48969fc3f394,2017-06-30,03:24,anger,82
6b7132b958be18a3be145d4f5ca91e927732d1faab933515afd21365b63c661c,2017-06-30,03:24,joy,81
6718041ae6bf962fb495f213cb854cc743a00971b71d271e46769c34e640d928,2024-03-17,04:57,anger,81
ad6b2ab025c96f20719cd4ed96fefd838af24490e8cfc2d86414687907889961,2024-03-17,04:57,joy,81
af1291cd12ed509c4f8786f3f40a13de989b4555c7d78d202c6e14329000ff43,2020-08-07,03:58,sadness,87
c9dbe6e2997a7e9747407f15481ec8c029190c3c0349aca38026ae9f8be01dd4,2005-05-23,03:42,joy,85
ca4552586412cd51a92404369e9c240ab1df588902788f967c97667e53bb6517,2024-02-09,02:33,joy,81
9e3d0abea861a709e600074a572e2d3c18f114445402f037b59f0b914dbc4389,2024-06-21,03:45,sadness,84
ea2e87ae4acba4f66216d3732ac3083f66b6e2068f644245d3ad09dbb1464cf7,1994-02-01,02:58,joy,81
1873e2581e66ac0c11865703c003d9ff8e8898e4c03f1181c7b0ebd21d7b6549,1997-10-14,02:33,joy,81
913d86ee998eed7d0d93bc4a192c28d89f47f03ea3f10bd0916a5745cfb1f96a,1994-02-01,03:01,joy,81
8da320146c12201b001fd861d1d685dad6fa9cde3db2855bce3e702a67f4123c,2024-05-10,02:24,joy,85
b5c20b5f2aaf19ea16278e96ba3cb5dc3e71fa7c2f3e2805840aedfdf47b63a5,2019-12-13,03:27,joy,83
132fd156ef1098d1c464c2462e0931b7e0d091ee6ab7fa106086156a0ae2b3c8,2019-12-13,02:54,joy,87
7203bdf09ba36e70a1604446fecfa58f26e7f09c64eb8be5a18ba71934eb9edc,2022-05-20,02:47,sadness,91
6a162334e0a95b3991e28e807612220cf48ad5b857bf67e7852c6a00b6788302,2024-01-26,03:07,anger,84
2e1970c30a3a3229d43cb08800464ee30bd743950fc38bb5b6f27516a230b815,2022-07-01,02:45,surprise,83
6f20cdf4e6a297bf4ba72a16516933dbaa47949b97d9b45cb8ae0f857c943c6c,2022-07-01,02:45,joy,83
30f3ef2d8e4bbcc0475d3c97e701988ded99da104ce3c8d69a5cb7e3cd91dc98,2022-07-01,02:45,joy,83
ce66a3847b94f6306edcd3def8cb23bd93047f4e42989e769e5a3c4d0d4143e5,2022-07-01,02:45,joy,83
030f4211b73dd5c38a2361f1575e79a89d8ba3228a9d369ac86394126dd94167,2022-07-01,02:45,joy,83
266f8ae23064df34d0d3b20a2eca552adb98795a5cdec293a74de6ccffdabbca,2022-07-01,02:45,fear,83
80ee7cae807f2202798f0c4f245bc64d866a71c27e450d241ae12c64a9202213,2022-07-01,02:45,sadness,83
90a372cb0c4389af8f64ac484aba45e43aec7077ff821768efc2fe4a5526b99d,2022-07-01,02:45,surprise,83
2f22feec0ff639de3358e88a939dc3d0b090887026451335984026e585929955,2022-07-01,02:45,surprise,82
9215be69d231e56a2c6500b56c63f0db0b3005b68189c8c450e22240c22fa968,2022-07-01,02:45,joy,83
95375f5aa383d7422d7e82009d335df6cb80912ccd2d3d5956155452750b00f7,2012-09-04,02:57,sadness,84
64a4f2c0e3e9bc45b5ad37835d7bd4fd79d62d4e71e9a6660c629054313da681,2014-12-09,04:52,joy,90
301f48d5347d9d87c6bcbe2ad6cd26e7b845080646a7659de6c0adec0fd7a140,2014-12-09,03:59,joy,85
1261a2089f3367e9fddaae732883440466167e29fbd62f47be6557a72cb6f9b5,2023-11-10,02:18,joy,85
2b2d6524a39cb0dca6c98505eadd711f9e27f939bac83644a5c4dfa06d0ae293,2008-05-01,04:02,joy,84
bd72d600ad694f79b6016f86769e27c2a09f7c3fc244d481b58c7fb7f5c4466f,2008-05-01,04:02,love,84
db094efc97a5a00ca32780a3bf1e4704522d086cee969dfb75e0103df0f09b6b,2013-08-30,04:29,joy,83
0ac82e2ff387c7718c6365ad3a42642223464701b231399077dce848e2362dca,2018-12-10,02:45,anger,82
8b7ac9afce8ba62ef4cffc652db9cbf7d0dd58d6fb3d0f8e3dcc6448182e643d,2018-12-10,03:59,sadness,82
c691eabd25a47fc5db2dd8a08286d33b44cb3d5c8dc3982584bc183e9239bcb4,2018-12-10,03:59,sadness,82
6ad64f6bda825cfdaa19538418be125e65f2413e68ef08d1b3a424f0519ec6aa,2018-12-10,03:59,joy,83
a9b1540eb0eee1cc4a4202b881b90e6347c753b56312a107418ab13177216d3a,2018-12-10,03:59,anger,82
ae32f7cf2305250d8a71b4c4258e1f796eb649d391d55506feeda4936123411e,2018-12-10,03:59,sadness,83
c7fac668b420163548a6d501567d538d815e0455bc9dae74f0f7d7a821403324,2018-12-10,03:59,anger,82
1908000170a47e1db036a80168161795059631f2ba9a4662666844c366f612db,2018-12-10,03:59,anger,82
587a139cb01de7b16f838a0390095ea4b5a1ecfaa9dc4d232cf972e5d26239c4,2018-12-10,03:59,fear,82
1dd94e3b59a4d22ff771c99edfa9900b9548efa82e44da1177edfb5aa8486813,2018-12-10,03:59,anger,82
ad5997d3a14ad8993eb897d16356874d3452d085179aced4410bfbae2f6ea3bb,2015-11-13,03:20,anger,83
e61e9b908007714d0d2481d56310c269be673e10b3ac689287c15413ba1c6ebc,2015-11-13,03:20,anger,82
018bfb781005eab2782ae91e391960f99b65746aad0c1f341df409b8c302c1d7,2020-12-04,02:40,anger,82
c78482b5c36f7063eb8c8a782dff1816893123e148f4e256a95a5960bd8abbcb,2007-09-11,04:31,joy,83
39dd60670c6239f535c3850a49487fed77f91884ecccd88d5f9671f3f27a7319,1985-09-16,04:58,joy,83
6970c9b17cfc0d446535c6773113f04c9f3d1678d67860a74ab769560783dcd9,1985-09-16,04:58,sadness,83
e33c5edbe0c74e1a40a55490fb7ea02df21708be8dcd2260470ba43446f9572b,1985-09-16,04:58,sadness,83
66b96365401dc53a8371a897264d1f271ca2fe9d32dbd86ec4f6d47435a58753,1985-09-16,04:58,sadness,83
c59507e343722ff40cc54603898905a5dff7d47e1c0efe8b478d8d96641b2d09,2017-04-14,04:35,fear,84
88fe0a328873f5694098e51b0f1ce6b1fc7ce021a2db94034957b7eadd976db8,2017-04-14,04:35,joy,83
dc0d27ba04d7d847bca3d185efed119ca6aac4328e0d6570fb658e54ee27c519,2017-04-14,04:35,sadness,84
749551522e4d7328001aa017f2b7ffd514ae139f6bf8cfce18fb89180e58db5b,2024-05-04,04:34,joy,97
bc2f243d20db1a21246bb7f574edc02eeb9ab4b1162d5867ae88bbc800586021,2024-05-04,04:34,joy,97
6f64b399ca9d7de6a31c0d1a24ff23cbb362926c7e5a4af5c7c6c3ed017e469f,2010-01-01,03:19,sadness,84
42e8156834c7ebd5585c9d73d2fc122dbb19e443c95b5c5b06249a2bb2daa50a,2017-04-27,03:22,joy,81
1074c03774dada07826d0578e16ddf8486fe74e02ffb5b90a6b7cb13e78d1ba4,2018-10-05,03:30,sadness,81
4cd38d1df21be429ccb1bd5f3205d7ae21927ee50db22b5d6f06a7aefc6d1b88,2019-08-30,05:00,anger,82
a190b44bb58a8d7b6633347ff04c525b9cfa28272d6c986bb34922c8750c5ff4,2023-05-19,03:29,sadness,84
b4e41a1414f353d19ee3f68827b3090d2ea3ab23aaec7fc234a27686639db297,2014-01-01,04:16,love,83
4a09906d9f65854883eb7595b10ab763e389bb10a368096206fb0061599c498e,2013-01-01,03:56,love,86
bd3a3cf4fb60a4f6fd68d79657cc8a21caa2848a59d77571fcbb3d2ed7e22b70,2015-08-17,02:22,anger,82
3bf8a997a174530cf4805ef4862d30cb997fb95681238988eeb0b8ca8debcb84,2015-08-17,02:22,sadness,82
0566b347d67130184a1eee24dd6156860110b70f61ce08331b4c34ec80320e54,2015-08-17,02:22,fear,82
07ee1c6eed46d24191668cd3041972f1c2a84f8be793417907da36a279ce6c5a,2019-08-30,02:11,anger,82
b4408ea39ec06ea75e7d3178c1e03d5fcc51735aebafd98870139eadb3749933,2019-08-30,02:11,joy,82
9a7fc3ab4a83c146959fe138320fcd5db8fd7c724b7ff691cefa35ad2cafda84,2017-11-17,03:40,joy,82
f553ca1a37672b26c8544be1c4d9b013c3fe5899fc4f610f8784ff49a409ed5d,2017-11-17,03:40,anger,81
68bd9dfa25c1f8edf762139ea76e45c62ce5d76ffce5b63753128e6424f24ff8,2017-08-25,03:02,anger,82
eed160ba92dfc8dc2c7898ac0d525c4d1f6e1c539ed3f50e6e2b2672c3212e9e,2017-11-17,03:40,anger,82
ba2cfa3694b4d02dc52cb7a96e7c702718ac6ed1e876d45f33608882f67fea72,2017-11-17,03:40,anger,82
25736164780b869c557457abdd2beedfe27429de6d9b7c685b06a5376312df3a,2017-11-17,03:40,joy,81
22868a91b1a4929b9e40d26afd2dd603b0ce2f126c9c0d2d152c50764d559462,2017-11-17,03:40,sadness,81
90210576c4873ad06b8bd899e634dadb848de68b6197d5ebe67701518873313b,2017-11-17,03:40,anger,82
1dda197731f700aa71d9e4bb506ccf5981e482e946d883a839b056d260c45c7c,2017-11-17,03:40,anger,82
02e0bef2690dbaf0b866757beba3a9caedbe620ade139654572f4bd7e9f08c31,2017-08-25,03:02,sadness,82
7a216a1c73e27d04eb33fd2cf894aa155df9a56b139e89aee3ed2571d6a713e1,2017-08-25,03:02,sadness,82
6ba580357e4159cac21cbb359424893c0ae51390a13959b1ba6d4f90c401e62e,2013-01-01,04:15,sadness,81
a6053216ee322256df2a670dacf2ed255b9f0c7c84679f16a7da481c53547b88,1999-08-13,02:46,sadness,82
6848eb76cb67a0664d2e2984b633260331bdd47e534f5929025029763072f4b1,1999-08-13,02:46,anger,82
be2515c1a1f7c28b0e6e2c7bcfec572b57ca01cd5c9667323c2e3892caf74444,2024-08-07,03:36,joy,86
47b7da029cc8c1f387774f7012e723fd99c8e1f595a6de615b4ccb28f950cd6a,2003-09-16,02:42,sadness,81
388fc8f46c9120cafe879414e839c3d281887d28beec7cff84bfd01369e6f1ec,2024-07-27,02:37,anger,81
1d5a8e5cab2b954bad411faf600caf50e05b619ca75f57f07cfde76e91d9e157,2024-03-12,03:36,joy,89
5dfbab601753ebc037878d3fd647a41c4af9916a863554441448a76ee0a3a403,2003-09-16,02:42,sadness,83
db637d1201c2c3cb1890dec76e583d49e381d443e8a6bc63241d1270d2bd1072,2003-09-16,03:05,fear,88
e659a62259c3c5fc313ee32979458c3f99f2ad22e88b61f2312c295c07a70e19,2013-09-27,03:10,sadness,82
a76d6881f35d3739e07ab82509a99569e47e346d9c35909a75a8c30252315917,2016-04-01,03:57,anger,82
2c3e35a9294d8dcb81886ae6e303e030637266838344bf639bd41abd9f36cc28,2016-04-01,03:57,anger,82
fc2faf4600cdc5a838fd777e847fd5cf43d7eeb0785c1321264066c3c8122aee,2016-04-01,03:57,sadness,82
ed30a6e19dedbec93661c88b9595c12598a84a60503fd316661eb467793c24ad,2016-04-01,03:57,sadness,83
30d7698b41faef684a7c065ebc539ef89ed16ea9f153903a91764de4b1061e14,2016-04-01,03:57,love,82
7bfe667d033d25fedb55db78e142800a5714daefa60d5b49cd20d5b6a18030bb,2016-04-01,03:57,joy,82
68f7b825f7583ad61434a7389db957105f6a20d18a5005a21f25f4a5f69facd3,2016-04-01,03:57,sadness,82
b2c976057f531add8e20c244f9eb29ef5ff5951dd94ab3d530979f9c3c89cb11,2016-04-01,03:57,sadness,82
9114e869bb99468335a05cce53dec411bdfaa21ff209d6d713e1b169ea3dae1f,2016-04-01,03:57,joy,82
6de5aeaecbab919310be93655b783b2c357b1f792e66bad4e26a86eafc74a65d,2016-04-01,03:57,anger,83
4b40fa9bfdf70238feee1a4ba00bcced1f8b5d071147133d5e0d9c84d600ef47,2016-04-01,03:57,joy,82
856ea8ccb9f75361c3cc1a205abbe6fad22dc0da8be06f2919deba91decc7f38,2019-11-08,03:06,joy,81
b5c91986a7c2613ae242c8eba65fb1fb301497a733ac55fac36c1183da9b2bc4,2019-05-10,03:31,joy,82
8248628e53d5edc2e58e4ebcd7133bbe21ad2e1b59423e9acf26887d7b0c0fae,2019-05-10,03:31,sadness,81
65d3d1f6ac0bde54152aee1f7690813917fe97e969d6a20ad0d594e893045bf6,2010-08-13,03:15,anger,82
507bc032a011ebf9e1766d8366cf1c4e69e65d016492dad8804fa4d16a207c43,2014-09-02,03:09,surprise,84
2413d0d5a50f93451e3da5932cc1f766092e15af6bbb6ffa5357cdd6b6307e8c,2024-03-13,04:19,joy,83
d1a788685698fa94944c8fec9df3e5b6ff77601cbb51df11fc1f2a3c899dbaf7,2024-07-29,03:21,anger,81
95bdbee5f3efec64d4eef7e92678a05d9394b77cb09c5da8fa74bef89fb21d01,2018-08-17,03:34,anger,83
83eafe49e1a48bb090c4e4bae4265bcfb3371a22ad36b0da06248455e54a91d3,2024-05-03,02:48,joy,85
f3162a88098cc6a9cf02acdd6f856eedd129f75b48f32f7f3449ca0d03c040df,1993-10-05,04:55,sadness,83
229614fb19d16bf3f29c0983e9ba824ea7ee6c643de63cb4ca399ca0d1d8133d,1982-11-30,04:54,sadness,82
ee3d03aa4bd8da8ca3a3fe689169eb1d58ec569f136b62c1653e4779fe476d93,2010-11-26,03:15,joy,86
62069a22ebd5ff5ce509ae16a997a07194624e7bc03be42358c006244f8eb973,2023-08-18,03:20,anger,89
69f28806096fe1a7d0f5fcf82f4bc086017599408f31581a9501fef9feb61e61,2013-10-04,03:51,joy,81
1840aa6aee85ee6266927ac6df41b2001753f7301a092e20c499b3eb9d72dc5e,2009-01-01,03:22,joy,81
aaafd3fdcc7f2be69fce5d53519f0ff0686dfed0f6ca14a24db8a16ddfbfb97a,2023-08-18,03:20,joy,90
8d77126d29b89923f1e2764dc51a2f0966389bfdbfb280a3d77fbc1afca6ec5e,2013-10-04,03:51,joy,81
42ec822c5fff573198de75b16ffd4841e79f99da54908bf4f7c42201ac2a5f4f,2013-10-04,03:41,joy,83
84fcc47baff1d5e98ab767bf8e686bad6f521869ad4a261523b5980c0448f317,2018-08-17,02:08,sadness,81
1895eda51cd09c4c5a85880fa0dd2055a0f823ff7f3be41f02158fac395f85ad,1985-03-13,03:46,joy,82
9029e221eeb74f6b75c6f1abbbab3fe834c19a9450714f5daba74a0d79c0e067,1985-03-12,03:46,sadness,82
d563612f1495693b1daa69168dc3e2fb3ed266dca33c054e94cde44387f37be9,1985-03-12,03:46,joy,82
c5d901f49d89131b7ffda1a8193d642fef5f47eba82e60885d1a4cf65430d17e,2024-06-14,02:42,sadness,81
88669b54d96ca27adcb8e4221fa9c48dde505cdc9a0702bb7e8dc8a7391029b5,2023-12-08,02:52,joy,86
82c1df6602356f610bf8b4fe59869471aa08aecd5b0b7a0f1d9522bbf421bc86,1991-09-26,05:01,sadness,82
78997a45a0d157d0c42da0d76a81465279fe44ad5bb66ba47f05cde22a8172a2,2020-05-15,02:36,joy,84
730ea93527c543d43f48832637067ea42a4bf7221072c186324c23a32ce6ef2a,2017-10-30,02:52,anger,85
715c6bfa70e74dd3bb172c63660c5e74de23a6f91ad5114fb39397b983fead4c,2021-05-21,03:35,anger,84
3f2dd170a75b3e78404fc9b855790f3cf8a3f6535f83dfb2a09e24c37043bd51,2021-05-21,03:35,sadness,84
f981cfdcfd4e8f0832c43e05b5d6107f606c2c0005b37740b7df9bb73358769c,2021-05-21,02:58,sadness,83
a81e8cdae9b8651874a189baf1357907110008d23c1d1111916025fb449323ff,2013-11-25,04:05,sadness,83
acea4bf2074571f46b67cee6fbb4d8fa2f49f830dd439e4bcba21eb01102e881,2013-11-25,04:05,love,85
1f2347a5271b1c168937d22baf62aad88ccd192978473d0efd1fe8fc1749f18a,2014-11-17,03:46,sadness,87
869bb76e6767a37b80b653e7b21858c27bd1ee5e9246852da41340ac98b8500d,2013-11-25,04:05,sadness,85
242d213b73dcd523dce82cbf963d7b9bab2a4081231f8e54ca7becf0251cf955,2012-05-25,03:19,sadness,86
5b16b2dfd9a5e17ddf27203784da74e2d44a4b3e9b2b6cb214d9d9bd5007dd42,2012-05-25,03:19,fear,84
a4ea1f3a61684516da1cc22c9dd7dfe26619cb3d60cff38de9e00fd76d2f7b29,2022-05-13,02:28,fear,90
4b629957e1ff83a289a28139133da2a013ed879baf7abf5ff1aba9d48229c979,2013-01-01,04:17,joy,86
cf95ee416df4311d9ee194efe40f2d6c9ed30bfc639b75e8e9448453b62bc6ec,1968-08-15,02:43,love,83
3fdee9193d4fbb02f9bef587171459bc1d3c6720b96cd353c35f2869d0808fff,1968-08-02,02:43,sadness,84
34e50bbe6a7ad6b3de201ad2f8ac8cd3bf253786adb32e45abccbc13530ab457,2024-07-23,03:55,joy,83
9165b0ce978daa06d49bfa5f16de4af7124f36b5db1d3d24b8f242589fb705a8,2013-07-01,01:39,sadness,81
69747a9f97ef322dc5dd75c4c04f05a94029550afb26077c6c0794676770f215,2013-07-01,01:39,sadness,81
5f165e1a7e934f8dc31d59fb3eff7e50c912ab24c220e09b9e0ba2513704ce72,2013-07-01,01:39,joy,81
86d7d1c47c6fc1588b049d5da3a38da1a68ef3276e64587f6b7fd6916312bd10,2013-07-01,01:39,sadness,81
ede17ad3e6c046513b25178a4f33a059ed97c8631a508118568cb3a72c469272,2013-07-01,01:39,sadness,81
5a663b1ee0aed5fda83a9863db304c4f7069e5e4753446b27bf9d60522eccaef,2018-06-22,03:10,joy,81
a7118fd351f32148628218e08ee4a12bd4dea56ed20aef8717f362ace983f2cc,2018-06-22,03:10,sadness,82
44c7695bf8716d024c18bb0f7bf55a9e4c1159a2b9aa7e319eab03cae97ddaed,2018-06-22,03:10,fear,81
aee5f0efdade5d99eabbecfcc732da4ee6829160fa9f65228197dca883a2cbfc,2001-04-25,03:19,anger,81
58bb5d4c77c99193c46a01e1e22e56a62ad08f99a43dad3f593bebc36585d5ed,2024-06-14,03:10,joy,81
2d7ce918ea9b5a29c915f43da6b51e29677fe66eaf732f1775057b68a9ff0ed4,1980-06-27,02:43,joy,83
8124e0ddfba104f2c8fc38eb9552bee1041162b3bb1f7b2c007fcf684b944c71,1980-06-27,02:43,joy,81
af1e42f08bb66c9ad8f6105f4bbd7a8c547eab598c83449400267a92303fdea2,1980-06-27,02:43,joy,81
54038ab56d9c869f38423f48afa1f18366e4060ecb86590841bf380e00de54f4,1980-06-27,02:43,joy,81
ae987cae7231f4a99dc8ab3bf9685352e7bfcde3612f2c48ada39fe7964c9ca7,1993-02-22,03:58,sadness,88
3c81ac5ff6c1e344e6f0d0a2ab630d56761b444c4047d778bd1da2c9fd18c3cc,1993-02-22,03:58,joy,85
afbb68d99a5f4398e72b3955c4efea0333b6ea69540946e894546b85bc5df6d9,2006-05-09,04:42,anger,81
f3ef7e678fdc4321772bfa71e2e11894ab48ce707122151c8fe639d3a382e868,1991-09-24,04:24,joy,84
6ad1933da59484a33ff0a389b65926d0e82db2ae88f76bd01810bdd8bdac0225,1999-06-08,04:15,anger,83
c34fbbffa539bde0a1cc734fd83d06d0156306ba71f02f1f510d5e6c34533633,1991-09-24,04:24,love,84
519995b81cc4ee3a293c4619075d1810d0a9ad0fccc547e86b3864061e83cb0a,1999-06-08,04:15,sadness,81
2743a4cd806cd35513f408ed11fb2b3a377cbd4b01cf3fe4910696755c2f3579,2019-07-26,02:37,joy,81
24331224861edeb8e1ba887180a15bbc7d6d756dda58785476d0820d8fc3b8fb,1987-11-12,03:33,sadness,81
70eb0ddb5b3e4f9704eef7ee62a5ee6ca3f341b22e49f0a120feb6a30b9390c8,2016-01-28,03:44,joy,87
d7fe20878d8ee73d67915fe96bdcddd46fab2795b838848a17a96af3a828ef2b,2019-12-06,03:16,anger,83
ad0bc718ab5b7f9eb0f1e2658ff183f876219e4b225de5199b484ef3f66ea878,2019-05-03,03:22,fear,81
6bfd9aea4e2f50d69052382e0d0ee0d466a7ce11cb41ae62675e1ad7c2833028,2022-12-09,03:21,sadness,88
610a1fb159c70383b9018d270baf7b3ffe755bd64d4f1a44650fd2c0493b0632,2024-02-22,03:06,sadness,89
f37184c06dec1e56d52e98f1afd203b5274980d977a933e6b2bb6f33544311cd,2022-12-09,03:00,joy,86
52ff20aecf42f26e3dab10571dd6e17d2d5dae58e9a0d8002379cac5bab86afa,2022-12-09,03:00,fear,86
eaa8164698992abb06763a7185d1bdd03e19acaf30a75260b9d95184ec5cd20c,2022-12-09,03:21,joy,88
12a63cedcdbe872d92705ec82e8ee22c89aa6992c75313677eec55572ec0c3c7,2024-02-22,03:06,sadness,89
8d193ae4bbe854eb0f4c773aaa20496d606c8c53a000f20b1ac346a746001dee,2024-02-22,03:06,joy,90
40029707cba9a5a7900d32b6ae5a0a2bfd2eb388e9673cf3b49addb21a7253a0,2022-12-08,02:33,fear,87
fd014d87e4e4bbdfc92a6c77737bb99f5cf28341f9d63d47567860919c386255,2023-03-17,03:05,anger,89
bbe0d0e05e9680b4fd395d874a540fa92984f1afe0bf002e8117627742946d9d,2024-06-06,03:06,joy,99
25e3e48ffa70edade4e9235de08940cfcffa87bfcb85c42b1065951f2f79663d,2024-04-12,02:55,sadness,99
2e9424f32cf3785f275c06b533f4ea879b11f76cc9e66a097651e918935a42de,2014-05-26,03:59,joy,82
f1b495d85c1687f80e25bd2d55047a4dc269a91e708494cbd070a44b7cc3d6dd,2014-05-26,02:52,joy,82
ccd66bead73502b3a8b5130f52281b189452b4dc617ef2798d3450bdfa0409c1,1990-01-01,05:12,sadness,81
a1a5ea48f70b87811e9bf74073000b6bdfca2fbc57e175f19d3271ca27d31878,1990-01-01,05:12,love,81
e430d18c4be85514c77872bb4970ae4f610449698695a404eedf271f93b07e68,1990-01-01,05:12,love,81
f711800096079bbba5d52050db61e0805b622130253be7867186ba36eeb11690,2015-04-14,03:26,anger,82
9104543415ce6c649fe038d724ac9c0ccfe8e015704c26ee7298a07055af68d6,2017-04-20,03:19,sadness,85
0e1566a6aa42c2b8e7e45d7decd5e6291846fdacca5d2e11cb4355696baa5ad8,2017-04-20,03:19,sadness,85
a42be6f6850bad3eb5170575e0f004c7648d5df1b1f30c29fc56860088224fcb,2021-06-02,02:03,anger,81
ac9223c5393079ee917b4290e919b0153d72b7434a3e8f69f7f816bba9fc2963,2021-06-02,02:03,sadness,82
03f96c1320944b6ab17a7c410781daf71da33a0977e8182f9d9452e29ca39188,2021-06-02,02:03,joy,82
19e4f7deb710375913dbd0b791574ee9044ac6f9b84ae285f3eb9dd5046d0232,2002-06-06,03:50,anger,83
7ff8eb7dc5804a62ad5b522f1ceab67c63c96d157d4a296c73b0b2bc4bcd8984,2016-10-31,01:58,anger,81
6985f566ad489324c983231c79abf086da41e56c023014c7db1d02c59ba88f21,2024-07-19,02:28,joy,84
864afce49437082f2dce0d90adfe0ba6e39ea5d08fa7660dd5225e7e3615280e,2001-09-04,03:30,anger,85
959960ac0c78aa999deedd7b6919027b5cc0da2fec7e7fe2a200dc848e5530e8,2001-09-04,03:38,anger,82
3e645c975194f2f2395b85b0cc8a4be9e142f3a85bc37af26f6c9a0eef08bcee,1999-02-23,03:34,sadness,83
5e987fb90f79eedbad7e1129265af291d9e69abe936d81eaa0f4a5317e60c575,1999-02-23,03:34,joy,83
dbfce7b82e6fd72508d55e45cc6f59f3088b1652be0179cb2eafb7cc8cd798af,2024-04-01,02:51,joy,81
5e0681e61f238af995df94d806b5ef50b89bbf5c29ca6614c4ef99289e228ae1,2018-05-08,03:37,surprise,83
d936b159c9d1400cf9bce74c9234de401d6e102544d3b49a61e0e67939cffda8,2014-06-05,03:33,sadness,87
e052d4ac37e8070de25530d92e06d262498b15f4bd47408cb8d56efc428e4437,2023-12-08,02:39,sadness,84
40b9975a1c188226af83bdd6f2fc637aa473c1e305520aec1c5c716280126b07,2023-12-08,02:39,love,84
816957f9bd859dc1bc85985ddd29f5d28aa616bc3b11f40260f3631025b08514,2023-09-15,02:11,sadness,90
720af5d0d2a7d9da63a91f6f920ee38d56d654de56968906185334a2de092595,2017-11-10,03:56,sadness,84
50bbb45b06c4f469ace02a6f03e357f6a7e5d3a068270605f2dc29a0a3225275,2022-10-21,03:20,sadness,85
48525c4d7a735cd5cafaf6493803ff798b9aa338397517dc22f6b343875116d8,2014-01-01,03:51,joy,81
3099e6565189b2e9c1872a77b17e95fd951b634a0d461cc45ccf6cf2bd01d17c,2023-09-15,03:30,joy,91
54e5e9f9f2c5e83845b8f66b86490e52f1c314b6b04f3bf05d005e25843700ba,2022-10-14,05:26,joy,81
5af8934dad1061e5ca9ea7e17008b7e61bf736ae9b1f7878c114db893900cefc,1969-09-26,03:05,joy,86
cf874759a47b34c81a83ceceafb38d1f078414499ce32dfad1ee84216db8d2d0,1969-09-26,03:05,joy,85
3df19b89bc99fc3e60015d8d6af4a4c21de6452a6b8a054bead899e7cca35df3,1994-10-03,05:06,anger,83
ec823a45001f4110250cff25595c203df79a12de2de1a7349f63d4245289c6b8,1972-08-01,03:47,anger,81
8df944c94c5ffd9dfd823cbfe2b6cf34b8bfd46cb68d3ab13492ed889f857ca7,2005-09-13,04:22,sadness,81
a27ab887cdd4b2981d1d5f1ccd08576484716d7428f94cfd9297cf9ca5ef0cfe,2023-11-10,01:26,sadness,87
952a892feb65ff619655495251cec4cfbd02b9fd819512651aa3e54762e33f4d,2023-11-10,01:26,sadness,86
f456ee7fafddc6e9ea9129880196e9a4fed4891b5bb60966684d7cab65a86484,2023-11-10,01:26,anger,86
a35edadda2709ed5b71c007e44410fbbbacc775f3c761a4c76406fb6bae2f38a,2024-06-28,02:32,joy,85
92b88c4f8656abe6799dfede5f599c38137f1740bfdbdb37fa9c6e060f8c4d4c,2023-11-10,01:26,sadness,88
d5d3a35b47bfee80e30f93cc1d057c332f01c943e336e785703d4378d743a19a,2024-03-13,03:42,joy,88
188c6b9446e17646903a5d1e41c8cb875796f89b8c0e501fc0314f7df1696380,2013-04-19,04:00,sadness,90
24e240f7476b9b79c0272c2f5c9180340dbd533fc73cb5ad804c7135a6f337d7,1998-11-16,03:00,joy,85
26cdc1f7b9e5c489f25a4cc53552b71e528333023882173f90ab91e3844a497b,2012-09-10,03:22,joy,83
a88e82babad33f4848c9254ead0f873a18edaef2ec53cf33a4e5b7ce9b9cf810,2020-03-20,03:20,sadness,88
22f912904af57c5cc0fbb34ce1a5222efe0ed2ea6806bc79639d36510bb11f1b,2018-03-30,03:48,sadness,84
6492cfec8d5385473376775d69f60b07bd6c7e4b8dbca27e37754e67d8ade6d4,2003-04-01,03:52,joy,87
00b2e53e6d1bbbd586f174ad622fd46a2ce290b663f1c62986bb4770a54e1762,2024-04-12,02:56,sadness,86
999e9f01c2eb611ac7c017a86d54b1e61641752577076be48a027f2069df17bc,2024-04-12,02:56,sadness,86
3d1ca819c5f4eca6cf83664eadf78e1a716214f7a958469f9bc3bbdad7a65806,2024-04-12,02:56,fear,86
41ff9791b7763fd482d468225fea6cbdb2294696eed2d577967db4e50896548b,2024-04-12,02:56,joy,85
426c2ea81786ae226c6e49a25ad0aeca6d8d919048a4cd17c2d0892c08a191f3,2024-04-12,02:56,sadness,86
3e47d1aa10bd392977671e6bdfac2d2be80bd789b901a68273bad2d5ffc8b285,2024-04-12,02:56,anger,86
f8bfc3e2e9caebba670ce795f134e869819f65185e3693d70679aeb6c09e440e,2021-12-10,03:46,anger,84
fb316c95c754d8048544ce38fef275df854ad3eb0912181a1239d665a66c56f7,2021-12-10,03:46,anger,84
1d3b82835d7cdcb650d2c27647067fbf354a4ce088f446dd0722d9e3b52b5f9d,2021-12-10,03:46,sadness,84
d6b7cf75354a24ea8e7640fe76e05739ad3867472b6f54eaa6f7b19278713b0d,2021-12-10,03:46,anger,84
1bf97b68438fb3fd4d3e8b4cd1426695b35f7ed5857436a4a40d66886bcc8aca,2021-12-10,03:46,joy,84
0e5d0d2b8be94d25e25a4f48e8a386cf1a63937787c6184273c86e1aa58b57ea,2021-12-10,03:46,joy,84
18e4443996415dee4ad64f515474dcc3bc32b77860149bf761d0926c1484d7bd,2021-12-10,03:46,joy,84
dcec079da70e32552d604acbefa65b18458b3651932f6d3a51502775c0c56383,2021-12-10,03:46,joy,84
e55596d0af5ea09b6081e254aa9e41ba87f04ccb634ecc99d7249a24976bae9e,2021-12-10,03:46,joy,84
0b6727ed25e92640cc412af5dd8a51c53f2884f7e7516d6a5f03491eeb38ad32,1988-04-05,04:56,anger,81
18cc301cd9a2ec84c243b25d88e5ff8ec369302ca0cd8042cd864455772fe937,1988-04-05,04:56,joy,81
5177e8c0a01cb67b99c200062ee0dcffe98cd0972fa104de20d5ebcdb5845b92,1988-04-05,04:56,joy,81
6803d878b352c9c55c361228b4faf564d88e614759724383244c71253b76b85a,2012-04-17,03:15,joy,81
5e423c47c0460b42af29f2bccd32499d3366d3904d8ae82ad64535a1f4abde42,2012-04-17,03:15,fear,81
565e4160a83b83c01c0474a56812642a06f30542c68ca3496cca5ead2f741687,2001-03-27,04:19,fear,82
427725f06cb71c549f6733fc8b8b6a81ece019cdf4f08ae70589be2543467276,2018-08-03,03:10,joy,84
384eb5dbed3a7d9c83c09e9894a67275a1ef5be764ac51dbad3f997c8ffdc465,2018-08-03,03:10,anger,84
4e3eb13ece1da214259aa6388f042235e5039843a48774b4b433690b0d2eb22c,2016-09-16,04:03,joy,86
540fd6db9f99a67264a735fe1c1c8af002cc9564e5caf381a91b14de701cd072,2018-08-03,03:10,fear,84
c4b108f1caeb111ec58a7512c0178f3e4c9feca6b924508525187a178cdd18b8,2019-10-04,02:55,love,83
07179388f5afe562c54618ff6305355b89437342e36032f221ff6e1815da1614,2024-03-29,02:46,joy,83
dde12c92ed693d39c775d87b68e9dbc9dfcc54ebf19385f87752b8eb9e245f2c,2016-06-16,03:15,anger,83
96ea1d68215833c14e20cfbdbfc75a65f118675dc30726f417eb5689e9f65cfd,2015-05-15,03:34,joy,84
0928363f06f12db05be7b2c7f300fdb5cdec3609e06e728c7d2fdfdc648880db,2016-06-16,03:15,joy,83
73b140d5b8dbe5b3d3a42b3a9eb080d1399c319f01ca25ef6fc2c85b02658c6c,2019-08-02,03:38,sadness,81
e0e9e30d66d4cdaf1e946126f25dae50b275711170bfd4851d1293b9f200d831,2020-01-25,02:07,joy,83
24ef0e0bdf3f04fa868fa91da860b907f406001507f0b0b8b3b18f554b395bba,2019-03-22,02:58,joy,81
11925124b07b13577ffd0019121a19cd8f448540a05589cb48c5e46c43258d79,2001-05-15,03:20,sadness,81
fe0b438d013e94b37db7617eb9bba7948bd75fdaeb267b6db2986ad7134fdbc6,2001-05-15,03:20,love,81
075b9bd595c37833262339d1c1ebd7d3fdb06c6baaa9e3fb43405048950664ed,2017-08-25,02:00,joy,86
e13467f3060390b5fcecdb21f5447f84a73408a2706f90997d67ae525b13d5fe,2017-08-25,01:59,anger,81
1236469a7cf8128266e08f3d388f3eeff308eaf51a7bad01af12972613ef0a87,2017-08-25,02:00,joy,86
3bc22989fa3ededfdc9667047b3146d4f82342dc8d9b478958c55cbacae74613,2017-08-25,02:00,joy,85
5947a94ed7c466643c3b4bb6052f6f469815f35474dd7dd13b5de4375808cea8,2023-12-27,04:23,anger,82
b3b5a6a2ef5ab6859b408dca7da752de2295ba02d4c6ccc03d168f8dd12eceda,2023-12-27,04:23,fear,81
15ce7fab3b2d1d06bcaf360b9bdaf386407fb712de59721143bfe26cd8baa9be,2023-08-25,03:47,joy,89
25d4fc0c0228c34d72250077222999aa16ae9d24d0c9e2fe9f5ed364bd6316e8,2017-03-17,03:21,joy,83
93888c6679fc6fe9dff9c4a78ec700f7311612d96a507db44d7b90d7c0a30b1d,1999-06-01,02:47,joy,83
a217f232bdadfd3184cf1e813c18e9073b20477a2a305cdaa244174c471c0064,2024-01-12,04:30,love,86
a27b9625b0b2523c49668a694f86518625e392f3dc1f92a798190c909358de29,2024-01-12,04:30,anger,86
91026fe69a760e5083eb78c53643d7e5342af8158a21883a2ba8e215f9349da3,2024-01-12,04:30,anger,86
22b50c66d7ee8da618ecffd96e9f697e8ffa37e2cfef249b7bdcb38116d801b7,2018-12-21,03:15,joy,81
c290feb166b1cdefe7e8093894b69a5c21c6abb186a75754a960ca6017e65be9,2024-01-12,04:30,joy,86
88e668287a9118bb86612b8acb5d23abc9c9731ee9ecc8ac869c0c6a52e728b9,2024-01-12,04:30,anger,86
260928e635bb2ea49d47054b8c49abd97ebeee0e53240aeebff685b2deeb1428,2024-01-12,04:30,anger,86
467389c9a4fb457b89192d608890e2f38c59a842cf9ebc68f73ab5818461c9ac,2003-02-06,03:13,joy,81
6308665757d58c7089a11622a7c0256417665b80b2bbe3405cc8dff1d6aa9a5b,2018-11-20,02:38,joy,85
c306f04ba5bd2acbe9064c5ec2828ad92268948b6341d1901cc224df1bdb2959,2018-11-20,02:38,sadness,85
91864f021d3fbff8e2dea59d699cbfc82f84f16000e7ab4035e58052df4edac3,2018-11-20,02:38,fear,85
e35fa05436fd63a37b408d9c2f6364dc2b078e133335faecc7fcb7f6f9afd225,1973-01-05,04:27,joy,84
adc1ff27d9ed4f4a5ad82657d7736b8cf8fbc5378458d429d8aaea30b2bc163f,1973-01-05,04:27,sadness,84
259819e19e24bea6b62b45a5ae2488856a11093eb798de50cc88c5b5f439cff3,2018-12-14,03:32,joy,81
2b2a8d31252d971728fd53970c38ed455b0674bf4450fbb075c3478005622d7e,2003-12-02,03:48,joy,81
88c1de4160c72325a7460976084dd3e2338b88f985d79899a9067951840feac3,2022-06-17,02:45,anger,81
b2a65310bdd207c66eebf3276b406402d9d17ca4ecb5fff79a39d7f3db9cc19d,2024-07-16,04:01,sadness,82
8701f34b380b4f92ad9531a08b59c61ce5d31c0d873f957b989e6c5337cacc38,2013-09-09,03:03,love,91
9a42b3604709c1fa28bc7234ac418d586e56b8657ab2730a9d98ea6df3a522b2,2014-08-22,03:17,joy,82
eda780d8c6ecde7c5aa62cde18a617fd6a862efa27f097093ae90a8651620f6c,2014-08-22,03:17,sadness,82
2060828593c103739d6684c3e1699f5ecca3c8263206c220176b2eb6843a5213,2019-02-08,02:58,sadness,82
e74eb2b1431943754c285c71e30d4e37c73ca973dc73d7d3548044fc6284223a,2024-03-19,02:22,joy,92
325037511082cf60930de8fc9482da9351dc27c61f094d5e7cba542603d4df86,2013-01-01,04:07,sadness,86
b1d6daf96b6741394ca7bb344f540a639c1115da8555e53fc801fc577deb3d10,2002-06-04,04:04,sadness,82
0b314238b0a771a49d17aea3f6430c3fd7cc36a45f1e392ee12a286218ad0b5c,2002-06-04,04:04,joy,82
d70397575b6585df36ee80894f2482fa749a58b3c9455768197151a050ef3bc8,2024-07-01,03:32,joy,81
6f31eac7cd539eebdb3edec475132265464e4d8909f1d5e8850a3261e841957f,1999-05-18,03:33,joy,84
a33c889929cd49a3cbaac31a7594a88995e921dc9345ebacf8f12cb282eb361d,1999-05-18,03:33,sadness,84
524af2dec9d5e65b4b34b48c96783809fe3242779de4effb58103171d9e094ce,1999-05-18,03:33,joy,84
a0afeabb33b8c53ebf677aebe8104211141668ec12c91297b37bf9b4e366e61d,1999-05-18,03:33,sadness,84
48a8899f7aab03f26faf100a798d77ab5cfd31df67c90f75dfa8668ede9806e6,1999-05-18,03:33,anger,84
466d754db99105ad776373bf271c4c4c3c1605c1c85de2023cd3043b29977fd2,1999-05-18,03:33,sadness,84
269605343e878619ba688963f6faed462493cd3c15d504550ed7f7f8f93f14a7,2023-10-13,04:27,sadness,81
e2bf784971ce133f96199feb6d91f96b42f89d1c0ac8c72c772e95c4f69cd83d,2023-01-11,02:58,love,82
d391e8baf054f71fe7e7f586f223281d5c0304a6db51710888a0fb7e8e5ce005,2023-01-11,02:58,sadness,82
b59600b1c373953a236c03427a38456c8549150933db99c6782736fe5acf1ae5,2023-03-03,03:16,sadness,83
486b71c1c308359b4708451fc37d69f61c2135ce4c0af485224314440ba0e327,2024-02-11,03:53,joy,83
c65066f528fc00cd25b2c9027108f0f5ac1e81b5b65a7807f4e477534b41d357,1971-05-01,02:05,sadness,83
ca5634a9f5f35ed4af13d0bf40938626da4d4843a933adc4eac4f09be24f94cb,2024-05-17,05:43,anger,89
89d70b5265cba96799d53ce1a7751a3ff54e18d1a944e12984167cbd2eeb1c3c,2024-05-17,05:43,joy,89
c6f252ea826f7947e9afc44df728a10b53c67eb016a8006580d769b34ff63385,2023-05-09,01:00,sadness,82
d85dd75def4be19576ccaacce8e4c2077ca41010b0a41fcc5a31d9518bd97086,2019-03-29,03:14,joy,81
d3d124797d448d6460b673931a9245b13820bdd32e4aa5b9511ad3d0c2443ff0,2024-05-17,03:30,sadness,99
bc748ff1f496bc30d146b77a76a0b54d396e9e40eb174f392c1a34f54e305050,2024-05-17,05:43,joy,88
54169621352e4a7088a2fe7e0b47b40e4fd4119d19b9797d67b78b49ccc7650e,2024-05-17,05:43,sadness,89
60df58f1c1d851acbbfbd251f1113c8fa83dbc69bf44bc3d1b42067d27c210d1,1977-07-16,03:34,joy,82
50f89473cb1a5d8e1e3ffda1ba74445d204a75b3d6b4a89c34a3811d3b31a3fb,2022-07-06,03:18,fear,83
121971fda36916838f6dfc9f4857ee202a2c87f318213589087612a00d402d24,1970-09-18,02:47,sadness,83
1ca1312e994be85ec57aef7a507b3e125cec510640ae715b54b19ec6db7ca314,1986-08-16,03:42,joy,84
19427570ae18df5bdc0908e43191721c90831aa731c292ef8deb2020354dd64c,2000-01-01,03:44,sadness,82
15c0398feae52ced7fd141915b333ba6410e71f1845a95439e02315d8a0b14d0,1986-08-16,04:09,sadness,87
d6eb94ec6187f080c6e4091ef5da77d91b4ed4a1a6d8e3c0e0d8f93a9c197daf,1986-08-16,03:42,joy,82
2565fc35bd8676490b8671c944d61271c7caa106e2d1951a0f07c84a4737b104,2023-10-27,01:22,sadness,81
dc98d8294bf76b02320f5016fad44681d4df91885b89dc69f65b8d6ce20e09d0,1999-01-12,03:31,sadness,82
925a16e399fdfbd8c97ddacce5d11e5e844da6dbd81d06bd68106796b14f25b3,1999-01-12,03:31,joy,82
1ac768c8488f1c948ab41d3f067faba096b6b9cabcddc20efaa556c6ab992f30,1999-01-12,03:31,anger,82
1e988bf1ed3f5154734a6e178c4308252aa7c885f6c66fb650cf9ab79211e08d,2003-11-13,03:18,fear,86
05d4c830fa6ee2d58c2e50215cc3dcb2ab81e936197bf54fbf2d065fe8c0566f,1984-06-04,04:01,joy,84
f55967c47441138ddebb3be98e05ddd09fcb07773e6d8ca5b9cf4d6ced77c3de,2010-10-05,03:40,joy,88
cba00bbfeb5ba53864067715c3e3d2eb7b19c029202dc9474bbd9cca3d8dcab9,2010-10-05,03:37,joy,84
be79e40cb2bfae8e03e8f6b576a4f263abb097f7991b2fd29cec10882129d322,2010-05-11,03:40,sadness,84
05f71299b0d60407c61f2079056ea18a3b1f0181ccadd718cae7724b25e27572,2024-02-13,02:41,anger,84
f509293f8225b198e74543ba86a1ca9b7dcae3cefd0f3a74a258219dbd33c273,2024-02-13,02:41,joy,83
42db3ca6fc9e72aa527d76e032cf9bdaa090bd5fdb207ca1843d84fc05ba34a1,2024-02-13,02:41,joy,83
1aeb021641d193093f47433f123e38b040bfd75457a19a10f7de79c14eb25cf1,2015-10-02,03:18,joy,83
396b01835f3270fedec223c9ff2ceedfa0ec2ef17c5f2cc8929b2a852242faca,2024-02-13,02:41,sadness,82
d34fe72eff7da34f27faf3228b301554148fd4c2ed7b29e63d3fb08df2aa16f8,2015-10-02,03:18,sadness,83
4f353584bc81c26f4fea50bbfdbba859b3d719e186287fdfeb4cdcfbae7e556f,2024-02-13,02:41,love,83
b842e65832bf342575151346c8fdb177fa4538e9a4dbbdb744861b2989930a23,2024-02-13,02:41,anger,83
26d0496c2258078d63fb4c07e4f3da6d1d627a01bc9a180034e4a46bb7775512,2014-10-31,03:47,joy,84
a1083ca9125416fd11a7e29ead22ef787f40576fefaccc97c678e481daad5b10,2024-06-07,02:44,sadness,82
d0d22430ff4f2deac2ab3a330bcf087c6c955a2cc36e1eaff87261459aad91fb,2024-06-07,02:31,joy,88
2b9bf03f92f458d73e0fd9370cda87dd57c47665b82f927732a5f14d43189907,2024-06-07,02:31,joy,88
da902ccf995b70b35f0037f3249abf231981aaa7b1df7274d10d54ffcb6c21cd,2024-06-07,02:13,joy,89
824c414fd017d168b3fab1deb2f6ed0f341969f136f4a5efe97ae5897f86a1de,2024-06-07,02:31,joy,84
8f131e783ee19fb9810f07da10c77bf3ec8179a4d9b842f14df6b1afdcf5f44b,2024-06-07,02:13,joy,89
679b493a3e81f109821703a517455154d0837abeeee068a3ccd58edcef31797a,2024-06-07,02:31,fear,81
9f8e03aeb4d7991c024e56b7e131f0299331a641454d904647e22e4b65ec8d72,2016-12-02,05:26,joy,81
c984c3bc90ed7e6d7d6430ce220a870ce3ddc43b1e27088e1ca7b7204fbe4d51,2011-11-15,05:17,joy,81
69d7284ae9cefe06d3a6667c9f7455bdc8cdbe7f5ce7f9bc34a1cb3988166c01,2016-12-02,05:26,anger,81
57c8101d43dd34006f0f91ba0ca48126554fe7ccd314eea7546f7f83330e0d9a,2016-12-02,05:26,love,81
7575e7a55d7b7a4a107ff0a6ca5f7f4aad7a73e185fc8b2bac2afcfeb7f685d0,2016-12-02,05:26,joy,81
6b99c0f387871ca0065e9287f1822610c83f6e4826dffe7f05fb1ee2a5def307,2023-11-10,05:06,anger,87
9793ae2f466075611193c999e1e1876ba046e600cecdeca37f2d36258000e5c0,2019-10-04,03:04,love,85
3b35a68d82454bfe807a91415c59b9e4d5a92f2b0cca7e7a23aa6509633f94d0,2019-10-04,03:04,joy,84
2e8b423e2ada3e5f4aed2cf5719629c0884c9bd0184524fa14fcf62de5bac356,2023-11-10,05:06,surprise,87
3df94997d92f7f7609b77f251c477c4f661586411ed7e5e8130e3066fbaa9e80,2023-11-10,05:06,sadness,87
2b3a86a2f4152b73206c2b96849478ce94b7cb4de42b45854aa8c0ce7fc4bc7e,2019-10-04,03:04,anger,84
3f718c84cbd03a41c98117d85072c3d6d52c769e74352d3a28fa8c526fa7cc03,2014-05-19,04:27,joy,87
1a60cfaddc1497c37001fc49f6c07694645e5085170f41cba3c5c6aee9200619,2014-05-19,04:27,joy,87
5b2565c822bf9897ec5c6bf4137b8b7f3e3b5c04821b08a88760cd8dbbd54642,2005-06-07,04:55,joy,82
33a2aa6401f7f2a523fa91322afe9d65b059729a7dacb1468846db70242f19e3,2000-07-10,04:26,joy,89
737b8681fca7b62ad347ba9d487cfd2662f4a0f3c04c15cd02a98cb98e290f27,1970-12-07,02:40,joy,87
0d128eba6a21d0bcc0aefc49ffcbe88d46cf54ed12a5a3e1b715d37f90866e0e,1969-08-03,02:21,joy,82
09886fdb2727b80c3323c393ab474f7c2f53f358e2e2b736b6ac51f6e48dc782,1970-12-07,02:40,anger,88
634a40f463d784bf87c8dfb8c2adf7e5b568a622aa01af586cfe5b84ffacd5fa,1970-12-07,02:40,sadness,89
f82e6e62107892c1eb64afd7867b57dc917c6259bb406fb97d1ecf0c14c35be6,1983-10-14,04:01,sadness,82
7273e4bec1516597ed34fb878f7b039875dd423b33795ce1d87576ec4552698e,1983-10-14,04:01,anger,82
a6fd06ce7cab3e37f68b90bd067fff919417ac6115017abb931ef76c3795f933,1983-10-14,04:01,joy,82
0e60c0ebfe3086bfee577e27d41eb17d36cb7409525dbd1b8291986743a4eeb0,1983-10-14,04:01,joy,82
bd08e7c5f5752f523d357241c2b1b179d9c10aae18770d90be3eb6d89a39523b,1983-10-14,04:01,joy,82
163f6b077c0826e926d1c80bc39d249543253cf22d7a9522991b7219fdb9cc6e,1983-10-14,04:01,sadness,82
62ec05111c0b02bd1b57a5c1722a9b88a5686e3f844818c8c36fcb0a56f513a0,1983-10-14,04:01,joy,82
103f3e813d0ff51d3a803122df8325ddd6eb564cf6d55a60b87030e69ba29a2f,1983-10-14,04:01,anger,82
02a8db173a2d05cc1110c287341a97b5f25f637c698e6459300f0e5e66a847a7,2013-01-01,03:30,sadness,83
581939ca8a44b3ba90abfb0d5f98d75c4c7fe28370babbde2768c122051886ac,2023-08-04,03:51,love,82
7207cc1347b2cec8ce7efab21d43019a54ab4f5d9524ecab82d5bd5f62eab4ee,2021-06-25,02:52,anger,83
9619517a94b7d75264d63d4d376d1e02712e48437958c8bebfdbbfcd91260d57,2023-08-04,03:51,joy,82
b275d0f14fbc15b6bcc033cf0b897aafc3a4ba30d262e9d37479251a32c05e4e,2021-06-25,02:52,sadness,83
a37baabdfb05c489dd164d389e910a67ede4ef691c0077a5f12e1fe45f741b50,2018-06-29,03:18,joy,81
270658085db46c575b9b62c2eb156b5abe389156e303e9a7840dca8e4d5fc13e,2024-05-03,07:36,joy,81
bf8ad1c0b6e35818a5f1aa82c65167d606481b008728f71dfe0e7107d2364392,2024-05-03,07:36,anger,81
87ad813c7b52e5c369d31bae8ac589f0b0162d704b54bcfe5c3d380976e335b5,2024-05-03,07:36,sadness,81
9778987e9bc8caee28a332f707b62254e81435b7ad78519fca561afc3d244f63,2017-03-03,04:23,sadness,85
7364c9c091e5600bb747a5d529d59cdd2a164c8ab509760e10b9b80c0212bbe8,2017-03-03,04:23,joy,85
38c1f98e995ed2196fd948abd513b31d4c5b9fba8e55484b8bf868c94e6dbe1e,2014-06-21,04:41,sadness,81
de6990a7ad740ad054d0fd5baeb60c603c2155c143b59ba243ef216555531995,2017-03-03,04:23,joy,85
2c22956eb9111711300b88628843fa60b612bc4bdda36aa019dcaa64bb6b2536,2014-06-21,04:18,love,82
f7f4069e14c2127434f182bd6d7f3de3b92217e267584ab517fee6573c60c2e4,2014-06-21,04:41,love,81
e21aadfaaf1793a6b0c04f1c1b8abca1123a874ce9e2fd86afbcee6cfbc14639,2024-07-12,01:38,joy,82
554524e568f8c580e4fdf5535b2a09ce5c09c42c55b9fdb4c631d7aa11e9b09c,2024-07-12,03:47,joy,84
24cca110f71ab77cfc377f2eff3a03bd22b3111c9a82f66b2ec5b07890258790,2003-03-04,03:55,anger,86
65b395a70ebadb2e565f2c9fe951929273404f7b0e1fe3482c93a871c2074434,2021-08-27,02:33,sadness,82
f96259568b92fdc9ce0ee0cd24c9fc3727760814858ee11ebf1dd718833e36dd,1977-02-04,04:30,anger,81
fe18996fe406ee4781cc925712caae031abada25bffb8f6784d79b1af4a292c7,1984-12-12,05:04,anger,82
e7037436117e5fa091fd8217701e6ce9df6eca5cba19df3af31a5b0420d3de9f,1984-12-12,05:04,love,82
22982d972e4077b905b4c88db895e5f46c60e34f78eaab9397bcce4504a30a49,2016-08-20,03:04,joy,87
52e05d1d0b1ceaa1edcc06abaae6c7fcd9e9e1123096d63f5f385bcd38cd20ad,2016-08-20,04:09,sadness,83
5121ddb9dbb81db2043b0f9927d573dfcef63daae477da5e7a13cd03c026462e,2016-08-20,04:09,joy,83
319f0e3aa2aa7bf0d2171e4caf306ede75e879d1d55ee47ea6b1ddf3cd6dc020,2012-07-10,03:54,anger,83
5d01dbd390f7db666ad4039fe9e86952c5f70bd691bfa1cb6b6161cca95069c3,2012-07-10,03:54,joy,83
e80bfe6261ce7ba21f6671f28b016cd92222af8985e591465272324dcd15569c,2012-07-10,03:54,anger,83
a7b3a385aadf8e02d7b9d986b94805e245f0225809ed31b52a93fb1d425791c2,2012-07-10,03:20,joy,84
a4742e0b033feb45d1bd71986d79e971cb1c34bc886da693aa34bf8e5b40aebf,2016-08-20,03:04,joy,87
6af70c6aabbe37d4404daa869d6cf14b2d9f0ce064800e412ecb2ff3471f1156,2022-04-29,03:09,joy,83
7af3440b0be0d0ca8f84c585ec23667a2edccb05ad0680daa2cb7777d2c22476,2024-03-17,04:57,anger,81
f2e867a6eaf6e8f5eba4d1ed484185218ec0d9fe07cb4c8edceecd429b470508,2024-03-17,04:57,love,81
8ef27d2620a78d3a5e2af9168212505a9a080682b427b58c35028d8187ac167b,2024-03-17,04:57,joy,81
576f50d33ab8269c68ee0c2cd889f050af8e64a64c1f8950e6d86d5795c3359c,1998-11-09,05:00,fear,83
175fa02e00e28ccfd87936d1eed02fda454a5ae7de09ddf8dd37b605cba0db76,2024-06-21,03:45,anger,85
ad35cc4f00acafa6ddbfe7d8ccff2e29b9f90ded6e117967f9b7d2f8d96396ec,1997-10-14,02:33,joy,81
e4b428b01707fabe41aa922af73507fcbedbbad4714e4e722609971c7a4d91e7,1994-02-01,03:01,anger,84
cf91dd32b9999b4006ea3f1879c8f35070a510468c37befa7301d07a34073f1d,1994-02-01,03:01,joy,84
015508c67b6e7422925bc08dc11974878e1c702f04c836ade2f4fdd198b26622,1994-02-01,03:01,sadness,83
9172fea37de6effbbfc260ccb8048bd78de26c642e68f7a057ef3d8ceba3df52,2023-06-16,02:05,sadness,86
8af15214e7bb75e1acdd490bddee268837c02a4c84ec73667de37a4020eaa0a2,1987-07-21,04:33,anger,81
51e99be75488ad402b8a07e0e4674de75e9f2d80374c39d40e8f8c942dd05938,1987-07-21,05:56,sadness,88
f1ef8b47f1582b735affaacc04a048939564b87abaf7391314b791bcd3f0108c,1987-07-21,06:45,sadness,82
6be6bbdaec3b43b7800fd0f46b28cabe20de6e8e6d1325918a54f33597249a37,1987-07-21,04:33,joy,84
7959764c645a4a640b9b3b999e37ce95f2ccbca11538b5c7346458a2b23808ba,2022-05-20,02:47,joy,91
c52f5770449bae30f5751225115252dd46cde77f3e195947bb4ab2bcaeffada0,2017-05-12,05:40,joy,82
069b2ecafdc360ee8a65ba5b0bd4f38e46c478c9d3e20df1aa80200722ee1b3d,2019-12-13,03:27,sadness,83
99a55bb599d898c66a8958edcd1e946d7627f609ff23683d866a2fb6b12aaf4b,2014-09-19,04:01,sadness,83
98e6d80ffa9df945d555f6fedc7460a436258f25cc5c32c6373e60ace2d4e695,2017-06-23,03:24,sadness,87
dd29f1a0897306f1d838e2eeb95d0ed41049ae5f484adab4e802d032d66d10c9,2022-07-01,02:45,joy,83
c53bdd0fac6de167d2add7305571b43bd04cfbe5b3dcd804286f785813649934,2022-07-01,02:45,sadness,83
95b155f58f3d2e2968a8a7bf5a8cba20d93210403e6648e0adb7bd1560bb596f,2017-06-23,03:07,joy,85
1a9d4b8a6d44e99ec7d1a487938b1fa99b4b88565d5b9684022f0ead8ae821c1,2022-07-01,02:45,anger,83
3b6e229eb7b5f32d68ac70ddc177f67da467f17f976316b90f6b4e5081607e68,2022-07-01,02:45,anger,83
b3bac7d5ddf564754b74f208310d73e8f571f2dfc62b1ea4eb5b0bdc7f2a513f,2022-07-01,02:45,joy,82
d1869d5c25c8d204e0d9485c8ea8d0d305edeea5be1039d521d9e46473c49a23,2012-09-04,02:57,sadness,84
221dd8499d9562e1f6785bf77503bdab44b9999e12489f5cdf38fc1dfef97cb1,2022-07-01,02:45,joy,82
6266a7f33814df83ee23edcd326b1934a32001694962f9a62edcbf1038c28aa9,2022-07-01,02:45,fear,82
37d0b882cd3267c83405d0098572bd4a40bd6b4601d03c1cbcb1f23ee1b72ad0,2022-07-01,02:45,surprise,83
834135bd0d3dd1308708d5caefec503a2016824052c101a6a94c5a341d163058,2022-07-01,02:45,sadness,83
a33bd9a5cc36798d9b7f0065304b152479e7c17f879e9aca8ee7e7b871ebf01a,2022-07-01,02:45,joy,82
6cb87b87ad21d05ad8a967359154dfdc588232e1404dc1986767aab149e1a4e3,2011-09-27,03:55,anger,81
21e700b090c364ec536c3e37b56999ccdd60af4dbbdfbfe8cbe863f98e1a51d8,2011-09-27,03:55,anger,81
25189045f8b0e9c10a4f049feef84cb2995df81945e80e3a9370c2731dd1f15d,2014-12-09,04:52,anger,85
4e225c6093b2bf17617de93b3e9f941862ec9e3beb0a129e3d47e7927c3a3e74,2022-10-28,04:42,sadness,85
1fb172e245e59ddeb59b7b6d55d04982fb335f23468de2492f8b17c349f1d92d,2023-11-10,02:18,joy,85
8410739d540d85419bfcb5d2bcf2c4676dc6439c7fa3f5b7fdf7f05d30c1d28e,2023-11-10,02:18,joy,85
1f6e963ee8c92719a6306e732bce35fa7615a6c73da5d25416509738dbdd1292,2023-11-10,02:18,anger,85
436737cc0047ad78a2c1a7eb6a8699dae1ae6721dd99d877a422ef97081e0e69,2023-11-10,02:18,sadness,85
5a7b3aca2431f98a190ed0a75dd63a40f8666ec06dd4182b5fddd324233b5970,2023-11-10,02:18,joy,85
2cfd47563bd27cdc179b883a2a3c8d9c9b1a47ef8fa63aea2b9f279d928355ae,2008-05-01,04:02,joy,84
be4fdcd0adb440780d6c2ba5914b27db55acc6c5013295eed0c049d7af4c614a,2008-05-01,04:02,joy,84
a10120e9e2f83afeb4d194059b9fd5b78837b94ae87af42ca74633767efa236e,2008-05-01,04:02,joy,84
2fe28764c6af1966e5f9cb310e813aca3422ec9b74eb5b2bf33ee3b10f1ff9bf,1981-11-18,02:55,joy,81
a25a90e0abdb94116868b36ce13b9f23d5d4b9a7e82a14d23c30f6ca7be43b52,2013-08-30,04:29,sadness,83
267f1289f8f6c9bd20599f1f26a4c49fa1c342e0890bd788cfeab927faeefb6e,2013-08-30,04:29,joy,83
ea7c4e2382264e8dc3b5e4ce526afd0e7334523db0bf5be155ea598cf050c98e,1981-07-17,04:09,joy,86
f9ccb851b6cd491fed873150e346917ac83ae000a833b8f87ad1c9bf401e3936,1981-07-17,04:09,anger,87
81db4cfab7ccf189be0710bc00e00f6e363bb8382c62491fd7a44079dcaf3878,2018-12-10,02:45,joy,82
8239db0202902b8dc3e046db4941c3c346288a3d4e0ef728f220ca3f215d4188,2018-12-10,02:45,anger,82
71e27eedcfe5c81519a168b0bbb05d6599b5186af53b78887d58fb35634e758f,2018-12-10,03:59,joy,82
76d3e6f63e554f881d7d36acd07b6a4edd1add4d6a683fb49deade9a554c6ff2,2018-12-10,02:45,joy,82
7d157a6e2aefaa64493fc007eace02b4ad884bb076c0c28832a090be18af27fe,2018-12-10,02:45,sadness,81
df2c786bc9c5830b7825e2c8ecc49519b66385202936b3f1febc0362e6ac5c1c,2018-12-10,03:59,sadness,82
14c4823348e1b47fe5ea7776522d8e69939394dc36aad0fa01385dfcdb5247c0,2018-12-10,02:45,sadness,82
a2f7e7f1a16e2a2f49c6dc476d66b534bf55c5caba1467044f5be47f0de3aa26,2018-12-10,03:59,sadness,82
ba5a772a8b930a226e0e6898d258bab6b437948bf4f1c27f2588440edb406453,2018-12-10,03:59,anger,82
d42a1a6d0a9e426be6e856d48ef7facd0a73867a49737c4583f9777d9e3aebb1,2018-12-10,02:45,anger,82
4271f3bbd1197776ca77ab0206c82898126dc963e72695afefb5de0ca6395daa,2018-12-10,02:45,fear,82
98f99b847524609f1eb840be9e1801e7597286e058b65bb3b17338016f4e574e,2018-12-10,03:59,joy,82
ae6e60c1c9a5d50863062eb968edbda81a44b2f6a3569b4a7d6b1d032fa74b3b,2018-12-10,02:45,sadness,82
89ba46a6017b95930c966a9db505b7213c2acf029273ac48dbcf3499a5aa77f8,2018-12-10,03:59,sadness,82
91142fa0446f2a19e52fd9100c573799ac8192877fea1ee6432e5e63c5e933fb,2018-12-10,02:45,joy,81
fa41499b0069e9ddfba59ef9f852756ccbbe0348d6b611ec6851b85cd845cdd9,2023-11-03,03:26,sadness,90
d4b22348c49af36178b3d997b78c0b08ff1d530f4ed21da1840d79583156ee36,2024-06-07,02:46,joy,88
1446e417a2663509ee4be4ab4921077596cb8b34641a215a813e48e439106f3e,2021-03-19,02:33,sadness,84
d9a4266be5079d8703eec349ab8c623283980dd90ea4f02c36d5fcb17dc0af31,2015-11-13,03:53,joy,83
7666b2c2987927d7084ee3374fc7e94daf85f963c0443633a384bbf67e431269,2021-03-19,02:33,joy,84
a99f50eef5c48ebdd2023cc7a1f6f78d9b1df9286924dfc81fa2f4f53a43af54,2012-01-01,03:47,joy,83
b417b2c28530c0c9bf953ad5fe9839062eb9d6908ced7bdac81571e41d9c7035,2013-03-15,08:04,sadness,84
69d86403c75910fe5e3c83071035d275a020790d481dc033a311f4713002a978,2024-06-21,03:15,anger,93
7be1b426acc681a578a36a9185e8b7e88736f88caa493a3b1d2a4a0cd191f66d,2013-06-18,03:49,joy,81
297493f3ec925058051b573a5c9e6bf95ba1a86c9b6c58fa2183c2bcefdcff94,2007-09-11,04:03,joy,81
173f8cb041dd068935e7464a826a4e464f41e3dfb7d97d7ad47757d38b137ab1,2010-11-22,05:51,anger,81
1cdcf1c1a33daabb760fcd6b93b450993d366fcb428625814994a90238c466e1,1985-09-16,04:58,sadness,83
ae835e19ef04945bdc527d900426ced9f57bc2a3d63b72b71c48661c322070d3,1985-09-16,04:58,sadness,83
985c4a83de6091d24ee12bbb27440539dae80c61a05fba336eb1709191d32c68,1985-09-16,04:58,sadness,83
b3cf0c0049a625ebdbd06f8bbbe766a43ee5decfd51890d5dd1b8bfbe2379bc5,2013-01-01,03:43,sadness,81
855006a14f16e2690fd0c92cb893797bd46b5321a16b047e7e111af07cdf8063,2024-05-04,04:34,joy,97
d178748ccdf262062a16ee7692a72bb677676bfb7db72c18a6bd8cd91755b2d1,2017-04-14,02:57,joy,85
e6a12371d278b78f4e744f93e044231a7bae230d7a628332788593c167615aa4,2024-05-04,04:34,joy,97
566349a6dc49edd742b8b4af8e3dd22344e08560c1dacd9a437dbfa6ec72569c,2017-04-14,02:57,sadness,85
8e8d8bebff86a7ed412e14861887187d87bcf25f5629ca572725360cbae2b010,2024-04-30,06:23,sadness,88
b028a959b4fb1347e79992dfaf2c2984921a80d7f206ed33ff8f375a3572ea79,2018-02-09,03:52,joy,86
b0534b0c9559caa0f0f3029f613e4c04ffff57428fc85a970839e84e718aa236,2010-01-01,03:19,joy,84
a63caf0f19b78765e08e6767a34ec5037923a75f816dd03d1a2b8bb750b3c08b,2017-04-27,03:22,sadness,81
361b7f5519c2ead9bc51287e254634905a62a085c8a65a44eb0324a2a133c86e,2017-04-27,03:22,joy,81
c6ea92ff9529292107a484c5ef2316171b4a1be5cf86480cba1df8cab4b44ada,2017-04-27,03:22,sadness,81
f096acbbd9674df8770861707a862ca7bc9116fae07011c3c31d2c1b90423af7,2024-06-27,02:18,joy,92
1a558e9522eac98d219e192300ef5156b664afddffbe994a0f04226b091bdace,2018-10-05,03:30,sadness,82
07bfbdbeb27ffb9ff6120a872cd954687bec3dee45d4b4cbbe4581cdb12644f7,2018-10-05,03:30,sadness,81
83a79a0ab1a3a87fd3e461164450cbf38c29dff58c32d33a2ad7b845c155c2d3,2009-11-05,04:54,anger,82
c26bcd6a4057e3599a98c5885bbb5b7c59351aa3b8539377a2914cd1f6f111a1,2013-01-01,03:56,joy,85
604f08e60496037aa7faaa3356bbfa45116bd28ac5e1dd421a786081d5f7fccf,2012-01-01,04:25,joy,84
4eec14f7eb43a201c0fb08fc9cdec493a34d10c30430ddd3682dd77d6703cc9d,2018-10-05,02:25,joy,81
c0ff296ab254c817e6765296ab8f1dd226dd860fdec657f6cb4b4c48568dc07f,2015-08-17,02:22,joy,82
0971cf600a8258e0fd2cf36b0ec9f5eb0b5c3e6d51a0f18d3b9c29633702e602,2019-08-30,02:11,anger,82
4b5da76765c6088b2534c750df8e3825fde7437392e6932e3b39567821c40240,2017-08-25,03:02,anger,82
a7d8a7d076bb3a6efb8caecb2ed45277e01d24e4afccac91a6adf917afe6b03e,2017-11-17,03:40,joy,81
60852e4c039f134e4258b27d8d2a276219d5628fd536dde3e666e2e1c65b8217,2017-11-17,03:40,sadness,81
6a19c4e21b5c3b11e4058f18d4fbfb0325de38d3f3f74f99cd16b4faeb55b368,2017-11-17,03:40,anger,82
78b337581100658ae1ddb7efaf0b7cfdc8ed2a790386bab48705e96d85267c7d,2017-11-17,03:40,joy,81
dee19102e201de4323af6927f3bfb228209ecc9ab19189a450eb754774fbab88,2017-11-17,03:40,joy,82
6dcc58acb214613ce7a99a5885b1092ff10e9cb27321f3afa557cd9178a39006,2017-11-17,03:40,joy,81
9b5180975e7220d0dcf0bc7f0e0aaebc55439e1bdaa5b586b07102cb9baafe06,2017-11-17,03:40,joy,82
eb93c2df8f5e499800620bccf0ac4529bb13452801d9df3bbf2261ec36c1d7b5,2017-08-25,03:02,anger,82
e1f19236d37f09ea223a8133804012ef7f8499421a4a0c7b83e4c873c2fdc3d3,2017-11-17,03:40,anger,82
37fb99c7de8b72556e16ac9f6c375f6b33dfe911ec19664239a7b218abaae769,2003-09-16,03:07,anger,84
35f073384dc42479f4ed75fc31fbb664c0640b185646c97795a7ed5fe3aa1c6a,2003-09-16,03:07,sadness,85
6a772ee3d2254b4e2f6dfe363f50b558e2d14a69872b6db750aa8ec1b4b36f0e,2016-04-01,03:57,sadness,82
3aa7068b5b25ddf36a58d60f6bc8b8ddbe0eef3ff7bc06ea80b0e3fead526123,2016-04-01,03:57,sadness,82
f91b8b57548ff39740e190537cd6cae32b8f27370dec7f0fa9d8d1fffe3dcabc,2016-04-01,03:57,joy,82
3200f04cf5996ecdf4ef456f921b4fbb2a0f6e0becde74158843c115608be663,2016-04-01,03:57,joy,82
8b4cb59b5cfb80e93b88d3772bb95ba5fe630cbe7c57550b72c30928d670cc85,2016-04-01,03:57,joy,82
fc765b05ba850a96209acf62e415ce5439b9bdb3fdfbee1f57946aca484ce308,2016-04-01,03:57,love,82
dbaace5cb78a99751a5a00a47c2363d84f6a65f02e0878d606ef317ed4b1fa7c,2016-04-01,03:57,anger,83
386993285a352febfe298b13afe2b4ce2107d53f8af37f9575f0f9e11bab22ad,2016-04-01,03:57,love,82
6bfd7620cb2dd51f614d86d1637a645632d99bc3b6b09f22511c6d965f4607e5,2018-06-01,03:03,fear,83
9d0925ae7ee73bcc5eb4e6ef2e09a8755c00bedf790b1ef1bd0b77f8385a13e7,2023-03-24,04:25,anger,85
0a5a8216d6bf579b61661a2c5de8b4586f78a0670530948638a1f6780b1e1901,2024-08-03,02:55,joy,82
c7108f9e51f42848d429ee9eef28d5af0232c92ecbba490ca3790dfff32b3696,2019-05-10,03:31,joy,82
280a0f89cec3c5439cc7c6f4c1cb730979ddeebae8f995dd73d7e99cb5d890cc,2012-10-09,04:18,joy,84
745a2c16c4ba2afa7c34c00318f4c3374639f27320d8055e914b35404293c189,2024-02-09,03:41,sadness,81
5b2bb9c8884e7f97e48a9815cf49574fce476825523118588e828dc5cc397e8f,2024-02-09,03:41,joy,81
8edda74adbda0983c42239940708809c127ff2d03c585276a1201a5e4308e4dc,2024-08-01,03:26,joy,82
cb2c2eb3f46b27a655deeb917e81e5f26159c222e46c430674b77a2341c2214c,2024-03-13,04:19,anger,83
c2376a059154d0092d7c930faae3ae5f6173ccc6095fe81e9200affaae0acdb3,2014-09-02,03:09,fear,84
241490c1f362e90f724208d04d957f5ec5d04efd41dd566f047a1577c480b3b0,2021-06-11,03:09,sadness,81
1e36235a928a28a19808a3849215647f41e51df0242b06c4371e8c88eedad6c0,1993-10-05,04:55,sadness,83
c95073a8513afe5272517224e4dc66803a98ca63bffa47033e0aebee446f342a,1993-10-05,04:55,sadness,83
0af8a8ffc1e19a4c5ea9d5f163dbabe615b45f668250433b5f9ccf588c55ade0,2022-12-02,03:14,joy,82
6c7af8e80c5bcded64c8e24ecdccee415a0b8e50dd1de64ea90c95ffbb26ab28,2010-11-26,01:42,joy,83
a9fe568eb5aee1155163e67535af65ee2ea4c985e6623b0df471d18e61658213,2024-07-05,03:18,sadness,87
2bd41a166181404860c71a23c18b158a7bd1fded890bce6e1af58a490e83379a,2024-05-10,02:52,joy,93
72068e558f0941791a35a130d48ce459f6504b8817db046cebfdb4c4c9eadd6b,2024-06-14,02:42,joy,81
3364090fe8773c8af4f2605f01c4f9b50de91366df578c15e8ad68ccc92044b3,2006-01-01,04:02,fear,84
ad4d3d1f031c2ac87076996100c288a11c6b68134b04a764ed7d7b24e50940bb,2023-12-08,02:52,joy,86
581d1e75d5052a303538d2f73e07a43f09d77a25acccb7fe438ab4e9b0898fba,2023-12-08,02:52,anger,86
e3a4cd63800bf800c9b9fbbd826fc572f2e273f0118c8fc6117cbb9aa41b459b,2023-12-08,02:52,sadness,86
f917c55ec6b23278a50979faf2b7d983dbdffafa5ca19d59d56e8183fe9c40e2,2023-12-08,02:52,joy,86
79cfb17bb4533f262787018b5b5d11c1d1a72e527dda349b12d146c8466f4c8e,1991-09-26,03:38,anger,81
a14609eca09f2b88c6010a3c50781f9caafc868855f00e7d59ef9ac4d6df2b4d,1993-09-21,04:41,sadness,81
0cb66428d825f01716f188a7b12c8508ebd06bf7c80c6a6962d887e6b03b476c,1991-09-26,05:01,sadness,84
cb6058596e0ef0fb94d1805cdd408a148a950b84377643ec15b09621e73ced04,2023-10-06,02:35,sadness,83
3653d39eedf2941fe52f62dd41e493ec342c6bf87664e92cf6a208dd18b44444,2021-05-21,03:35,sadness,84
7154a2086a3e31fc3bb5e86e1ff948c494ccb47c2b6c9329c5254534aaa86f80,2021-05-21,02:58,sadness,83
647aa0a9f19a351519d0e9649044cb1026898f81bda366031542c6ce7a8981c2,2023-09-08,03:39,joy,86
e8cd742847b412a7b7695a6e5a43a18fb4927535929806889378567008c6c95f,2021-05-21,02:58,anger,83
dd8e571eeaf4f05b4fe1239e5baefcc5292669065ddfeccbc3d328e1d2088a67,2013-11-25,04:05,love,83
4b8c8192778e9675f2e5fc10b5e0320903c4f8089ebe0c90363f6a7f3b19324d,2012-05-25,03:19,joy,86
cc1efdd1fc35d3e429446390ea73b011195ca1a6b0a954036b49197ec34de846,2012-05-25,03:19,joy,86
130d62fe0d0c8d8cb497d53fe70c450eb78f641ab256fca54e49fd823fcb177e,2013-11-25,04:05,sadness,85
7d0d60b18dbc05d251e688b1a205f1997483181e0f787008dd20d042069b62b9,1968-08-14,02:43,sadness,83
1bc34c0995933bd6983f70a5905363aad1882346c5182d4890e8ebccfb0c5d3d,1968-08-01,02:43,joy,83
c990b646b32a8ec49e3c3a43356d2ae41a7d4a006f32c60a83111a2f5846e263,1968-07-22,02:43,joy,82
5c922c809bb3651af14a406b52efb6d3a814734b34b83d9c7c1a68aeb096e684,2024-03-12,03:55,anger,84
765797292e31c260615016804caf5206018c081e0b0f03e7d1c559263f91e683,2024-03-12,03:55,joy,84
6e8e9966fda0b516da0cc5bc6ade5bd1b0e8d63bb8e83a9ed4241b3172955666,2000-10-31,04:30,anger,84
bc724bc2e8fa4cd8f1e4c7ee6fa1fe79bc3784cab174ab3751900f3e3fff3381,2013-07-01,01:39,joy,81
e1605032be940c0953150495f6f484503bac6cb0b8627cd47ea5411563ebd5f9,2013-07-01,01:39,anger,81
ac5783c670380a4d2983f3fdb366830f88e1e679cd08e36eece184f5e35326b3,2013-07-01,01:39,joy,81
3d164a14679066ffef08e026e8333f2b6f2c9754616102f17ad220905fe9c408,2018-06-22,03:10,joy,81
98408d7c2dc3b3dd79a496b062625786557293716603f14d4c257b05caf8237e,2014-03-03,03:52,joy,82
fdc67225c7b1db69665bdfa17995b30b9c16d6aea87e5b8a8114283852e79a1f,2014-03-03,03:52,fear,82
e2f7bbc121f048a61234be7684770dca45de0d03fe327a2b09963d3478dfcb5f,2014-03-03,03:52,anger,81
3473a9eecbb0d399392be8caee480707d86fad7f6d64c7802e3d79499669bb7b,2019-09-06,03:35,sadness,85
673dd6ba48c7460fdff7d8e9c757c784e10b56c3eaa681ec0b885b439a95e5cd,1978-11-10,03:29,joy,85
5f7356dcb9cf831020d8509d84f43354012fa3525adf4f00a8fb9bc3e2501b19,1978-11-10,03:29,joy,82
0a9c2c5ed72ba4ae7dbdb4a24fa290fbec01b92dc7d17216994023e16cb55ff1,2024-05-24,03:53,joy,82
b9f22da17b6da151344bd73aa9a649db9b0033381204f946f24ba645bb476dab,2024-05-24,03:53,anger,81
3221c340143938d6b7e4a72a1480039950c59f710e11ab7f02dbf4bdd023b7c1,1993-02-22,03:58,anger,85
e879a329bddc650e59c2cfffb216001ddff90bec1fa0315ac6d27d431e146a59,1997-05-28,03:49,anger,84
b1f45ecfcfbda113ba22134382a9774454acb6cf528bccf2f8c52082b1280b4c,1997-05-28,03:49,joy,81
d4ea5b366d31b4d79a719bb65518f7c044d6eb91807d4b47d7865cbe12d721bc,1992-03-13,05:13,joy,82
d697ec4c80c6106de64f796ca9be0bc80c12f6da46cde6a885a04f49d0ce7bf3,1999-06-08,04:15,joy,83
71579f7a77a5aed6a856cecbbf6597f47816557bd08f9d479026bab2f420a2f6,1999-06-08,03:35,sadness,82
80f2558fe2f9184a68ef9f316bf1625b30372ccbef1d04c695c88a1fd840977f,2022-08-25,03:59,joy,82
5211ec7a607226ac4422d6ced766053c7566c178ae91f9d3db2a52a0bfc76901,1987-11-12,03:33,fear,81
ec450b0111714debb935cf7358ec6246bde68d34e18d8e3b2c9a5c7b26f59be3,2024-02-22,03:06,anger,90
6dfbc101c630e09a0775f2e50dcd9da2f4d268c9db421244a0b3c96484b03abd,2022-12-09,03:21,sadness,88
a0fbad47c02ad005ac9542ee50dceff93f29eab52cf44cbc4317b5f221eef7f4,2022-12-08,02:33,sadness,87
059855eede2087ce41e56510f3b49169faa4664964437fdd3abf3f3f65fcb5b0,2014-05-26,02:52,anger,82
91e686e3c5b3c28bbb4c798f933e9785c6151dda0fbd3aae921f54f8fcd69a24,2014-05-26,02:52,sadness,82
829385cbd6a3c384963da66257a60f8785a9d7212844dccc75d1a1b43afda8cf,2015-04-14,03:26,joy,82
17a942e0894d1af3d3ed86231cdd23781db4c68a6cb2db115f1c0c8ddd77b84a,2017-04-20,03:19,joy,85
cd5d37a145083450281f8a82261437b362f15bc1e31d3fee8cbeadae2eacfd27,2024-07-28,04:12,anger,81
1072b7f574233799dd90e7adef3090eb170e7a7f9ce1d30b7e8d021a7acf1c03,2006-01-01,04:27,joy,81
0e3f4be0e8c96bd2eed46755db7b1e2dad22a5c93b4f54f16b85b51bb2dbcddd,2006-01-01,04:27,anger,81
58fb962a8aa98017e3e5bbb69cfe13ff2a4e0deeac4b399aab28a2b5c7a1523f,2016-10-31,01:58,joy,81
dde5e54ce9cf4e588acf64bb0d6392103521076018ca0895a7ac56c1b16df61b,2024-07-19,02:28,sadness,83
1f5af1593e2eb637e79883872d4a852f2baaac5c1de349dd9c29eaea207681b7,2001-09-04,03:30,anger,85
e8d4905d16b57c60d87b7cc9dd5ce5a78add17012113060a4d3cb18f32ab82cf,2014-06-05,03:33,anger,87
4268a4d931734e0a8c5cdf52ca37369a88c3c68ca9f24a82b70322a478eb26b4,2016-02-25,03:18,anger,84
93718a09ff0fe9d8f5a30fa6926eda265599233bb00fa76a11c48f1f3d279f63,2014-06-05,03:33,anger,86
8a4dbf50212823ba1b9fbb17efa657edcd5274e478324888afb0a59d3b4939bf,2020-02-14,03:57,fear,81
efe6b2664529af2d02c98797aad618ba224229975dfbb388458cfae7bd9ea358,2021-03-26,02:50,fear,81
160f9acac23638a15963e65bef3b00a1a3682aacbdf3f94009cf86d2b6ddff3a,2021-03-26,02:50,joy,81
ad9743a125f3a9eeb8cafb1fd3588f4428446b664c4ab4296ac508b25e614202,2022-10-21,03:20,anger,85
ed75bdaa4ee071a5f0ea223485064914e979c3af6a5a5df2c12f1d48e9db4dbd,2021-04-09,03:51,joy,81
458eaac145c53453156c56b516d10cc9b66e7e1cbeb27641cf77c7e5a9c48713,2022-10-21,03:20,joy,85
cc50eb41779977b2f87032b828056e26fcb25cf3bd8afa62c5ef2ec7fce8f5c2,2022-10-21,03:20,anger,85
9fcb344c60830cb5ee037a7012cc692f67a80e26bf9208835ce6863402b467af,1985-02-25,04:11,joy,89
50fbe748cfe443a030d857a31c9c849c03c58f070bd185ed1e84b63e83285dba,1985-02-25,04:11,sadness,87
fcf5178535ef99cbbf606098255b43f1f4bb496a1295756611f4c1a6a27818df,1996-01-01,03:13,sadness,81
aca11600ce163ccee2039a7f770623b19ab5712508d8d76d053ee0a5be4aa176,2023-11-10,01:26,sadness,86
bf531d041e11d2e57508c6db5f5f382bcc2517abcd9ae625893e88048ba328b4,2024-06-28,02:32,surprise,85
b77940c62abeb5a89206f9397107925a28d7f5b5d714c04d5c2f8ecf8bcfb461,2023-11-10,01:26,love,88
5e69b722d968741a296756765f572ee2b1d0ca562ff3235ebf7ac6dfb60363fb,2023-11-10,01:26,anger,88
73d338b6f5195dc299d022cab7804b9355f442e57380f7e11f73970699c6454d,2023-11-10,01:26,anger,88
ff8f31b82714c7e5b201dfdffd095b1927201dfcb480c5476d3a4d8e757a3cbe,2023-11-10,01:26,sadness,88
7c00b3ddbaadeaaf6d767e970a6211a7a2cd889530f3e6b56d4b1a58d2c1c3fa,2023-11-10,01:26,anger,88
30e712714ceb1b5054c3523f6dcab99f00f314a2352c21c9773b57954d7329c0,2024-06-28,02:32,joy,85
7f9a14bbbc76a54a057bc399f410d0eb9701b180a6a50e6633f4185b208a8a11,2023-11-10,01:26,sadness,87
db78bc5c74cfb24329bb1d97df93ee7a08e9fd86f5f5848b595e3ac43df4c23d,2023-11-10,01:26,sadness,88
49180511e99c0a6e9593e1a215b47169d820992742583c8b86a43ee6b16f4f79,2024-06-28,02:32,joy,85
80c6ccbd847aaef0f79a18dd2d418ffc627fe33198bb36fe2db65f124ab54151,2023-11-10,01:26,fear,88
d68eed0150b464564928731a45936707fa722eecd8d0fd9fa581b5938ef5a184,2021-07-27,02:21,anger,85
bdbf0082ee47fa21c9ac09b9391b33dd47438a50375eea527652e73696eec949,2024-03-13,03:42,joy,88
0e5d4267f75f64fb06cf4dac928d9ff1cd94f009b39ee6f5b4ebb54ffcdf1fa2,2024-03-12,03:17,joy,83
853a9a7859d0c552a3b53c81dd953ed36e786c78a2f5abd35db375a16dbeebe8,2018-11-02,04:04,sadness,82
0cf108cfd7ef075e350d3e135c6fa22a0a4ab4729030f12ea638f097142bde77,2013-04-19,04:00,anger,90
89af0dbc88727378a4eb96d1fee6f34d758915348462ab36af0eaeb539f28865,1994-09-13,04:12,sadness,81
1f8aa74753742c94cdefff809a6668f057f4d89504c3ca291adb3eca6b264584,1998-11-16,03:00,joy,82
c388a08c1001231e238f1713a8b058390ff70c22cca3cae0d125a5e4857e9025,2008-06-17,02:57,sadness,82
14670ce5edbf25dd7b1bc772edb81fa53ce259a355529c2605197b2ec7dd931f,2008-06-17,02:57,sadness,82
31d44c03276cfb2ae37f8ba81a394cde358a8ebe58a3d66dbdacd88897d7caea,2008-06-17,02:57,joy,83
cb4fad42677a5261362bf0d056ca65e5d90ced4721d57a2953b45f4bd75d8b0c,2021-12-02,03:15,sadness,81
7eb77b713515314cfe08105d4c66174ab67d764a68730712dee122997361c453,1966-04-15,03:22,anger,83
66d0ed49c1ea83034edc1ef23772d785c7bba578a567ca1701ce6dd385a50fdc,1965-03-22,02:45,fear,82
4b526f605b8f74e357a8c57ca210c9cf40aaccd117613863c2dca1ee108f7af1,2016-11-24,04:20,sadness,85
993b2fc6e3133a82eb234f05ed4348c3253e04c7c95d8888abb581a80a797720,2024-04-12,02:56,love,86
1c1b715c90da8359e20e2181705912b5c6304737ddacae1409abeeac49b31b6f,2024-04-12,02:56,sadness,86
c48596914173af075d1602857498a484bc8ba739925f9817bcdca917df6686d9,2024-04-12,02:56,anger,86
e6d2bc08b53270e1191b729fdc6dd474fdb804b184386232c501ddf26b18ca17,2024-04-12,02:56,sadness,86
ddf8f06fbd0380a26877ab0b9003704872d3bef10327af708225d1fbbcb21d92,2024-04-12,02:56,joy,86
c060578814ce4c196a3742320283f5fe122541bb5d785759cefdfddca700d7fc,2024-04-12,02:56,sadness,86
e147a58f7b343bf73c32e4a9f3fbabcd756784e8e254adacefbf3d31b8ca9667,2024-04-12,02:56,joy,86
bf1428510b459da16e86801edffda8d7fb7d9452195be47368305152df91035d,2024-04-12,02:56,joy,85
083a7fc628b1790f7ee988c567eb6f757ee79efc7d3cfb9996d92bb21cb5e62b,2024-04-12,02:56,love,86
c9076f2e72dfe7c73a91d4ea76b5bbe0ba6e99b7dcb8f33211cbe5cabc3abe98,2021-12-10,03:46,anger,84
497dc4759f871f8a72111f40c682089133231c5727e211b85a5d88d271338ae4,2021-12-10,03:46,anger,84
53fc6756e7d40fb5e4d24c3fdbd6203cdeb84088cc1d05afaba72a3636d64cce,2021-12-10,03:46,sadness,84
907ad363626b7b9f95de1ccc21c9fd03cc5152ad4485f276103d545a48cf9ac5,2001-03-27,04:19,fear,81
11edd06c3c3a57e608a09d7c8807641737f73865c6bb79c4f63575fb75c3828d,2018-08-03,03:10,sadness,85
c20e333ea805f36a67adbdf5a91e23eac098859e3f73267ee65973d2c4e48255,2018-08-03,05:12,anger,82
9a3c7f0048e3363cc107e400fd508214b5ec38f69bea252d8acc7f81e13faec6,2015-05-15,03:34,joy,84
e8978c46f5e03535296e08e18070b9a9397114db563af74b232ce6a31cc40f62,2015-05-15,03:22,fear,83
b63236fa77c1555870fd0ece4065f6d501b959721daf0a0fdec76b36249c0e46,2015-05-15,03:22,sadness,87
f278fba0f100972033cc2f4e3628df0fec6cbcd58c3cb01e1cb8dd54089b1ca5,2016-06-16,03:15,anger,83
0448d3b136253d39cf0fa191995d4beacc88e517987af7940a435d7cc9b9d0fd,2015-05-15,03:34,joy,83
c7349cc229d3b4b1c23a1c4ae7f3b266a6fe3b705621732d00c78c45c36f5e13,2014-12-02,03:19,joy,86
de10b29023d4c41d497a4776e714bf5c5b6dcb32e95fd13ddabcd354a74ec4df,1978-11-18,03:36,joy,84
b07a234a459d989dba4b0906a873da03e6a7639d4940a4212b5f33a8444a7e79,2017-08-25,01:35,joy,82
c145791fa1fefe2df95a3c349616482cefa84d2030db8b32804c976717a3104c,2018-03-16,02:15,joy,82
ae95c3b08c0d1b895641ace528e6e777d211ec7dd1b23ab36ff53db969d56589,2017-08-25,01:59,sadness,81
52d226cce5b45eff78e9b4ceefcb8c6e263bcb73fe49da47f6ad600f9faa3a8c,2017-08-25,01:35,anger,81
be53cc3bda67aec13aff2285e77cc7cc9e00fcb0cd2bbcc59f971d7409c5ffa1,2018-03-16,02:15,sadness,82
e6e45701bf91addacfbb7361444e2390beff7c9cab32dff3d9122b13563ff3e0,2017-08-25,02:00,joy,85
8405f7e385b3adefdb955679204528506ba6a1813dd17756df62fc31e070c385,2017-08-25,01:59,sadness,81
fbc5a782a6f5f3b605158ed39146774c2df533940eae7f9c8e2f3d6b928540d9,2017-08-25,02:00,sadness,85
bec4a073dfafe16bd06cb9abed4749dda699698921c12e91858dff7e4ab56ea5,2018-03-16,02:15,sadness,82
4c82693137a9e62309cbcbb2a15a235bd023f192290bb9ba0ee518c16bc748bd,2023-12-27,04:23,joy,82
7d6b7a2e3a914dfc7e230cc5d6d2b4ef681befaf67c51af8dde18b3538e8195c,2023-12-27,04:23,anger,81
b50017c140ea72c5c8e4cc40e95485f9038ccaad9dcc5cab0793ea6d42971339,2017-03-17,03:21,sadness,84
c8b0872255f21f79b6457ca5d6442d5e0099bef4aabd1180e9ccf1a089f4c656,1985-06-01,03:45,fear,88
8bedac0b1ed337ec1d8fbfe61acc3f6d7e141a94941c6c452556dc673fa7c646,1999-06-01,02:47,joy,84
d84dcc71267f9100128d599c0e10fb3a2814ccfb3a030ed8d7aa48e941778e95,2024-01-12,04:30,anger,86
1f2112fb2233fc05afe34244267444211d9f3377860da4990994e524b3f1001a,2018-12-21,03:15,anger,81
c5839ef13ac71dd3bb691fd40373695e187c2db03e4ff4473c26ef799349d72f,2024-01-12,04:30,joy,86
576a4b0d2185253db435a6b8eb2489b0fb3261ffb14ba325c7eb6dfe5c4f7c27,2024-01-12,04:30,anger,86
3e0e1aa8c88a7ca44e93dee527a1cda15d2f2f39b93b81b8780dbae0db77d566,2003-02-06,03:13,joy,81
e6fc8f3b5a1868c4294cad7048882549c94570caf3eca8c3a80ec96bca2ca580,2018-11-20,02:38,joy,85
3ef9fbbbf79e3f765f1f608fa927a604e34b250d9e29a27abc875eb8ae5e7e43,1976-07-16,03:50,joy,84
4de5224d6631689c4c0876809331e7dc61b33413f8638ef4eea4d8bf199eca7c,1990-09-24,04:52,joy,85
e3d29a751b871b4279e63f6566ae6cf0c0c4897b64a1414ac421665fa4c5ebfc,2011-01-24,03:48,sadness,81
d53f820b4c283b2217e31148ce3196935256372f76689dcf81b42d791b69b663,2018-11-16,02:49,joy,83
a8c16655994d7cfc13bf831a9e4e0a808029f8bb979ab2aedb71b995a2b4975c,2003-12-02,03:48,sadness,82
1cad8ae87aca961d9e23eb4a78367f8290066de1e043ad21865e985c63cebf77,2007-04-22,04:13,joy,84
baf510ad1720bbf49f0a052e23a3407d73141b1dc98aa4c2ca35696864a77130,2024-03-08,03:48,joy,90
7bf3d877206069763abd728783ea30c6430ca5f517cce19cc83a49d3063e9482,2016-04-01,03:55,sadness,82
99b92bad35b15741ea2537cf0c5fed152286dac8e198fd17f3f0b1265c597a08,2016-04-01,03:55,joy,82
f058c934aa5164de9a00aca788b02b4af716966717432c8f5617c237f6d43775,2024-03-08,02:53,joy,86
ecdc76b41021eb0253ed1b11dda869a043504dc655bb56ba6e65c1392793a507,2024-03-08,01:32,joy,85
8eebc75d4019802a7fe55d11d0a26f6fe5ceb3978076e80e309a0bb779ceeab5,2024-03-08,01:32,joy,85
984358f1170d3f771e310dd2d70c02708f075cbb11772e83f236406713849133,2024-01-12,03:34,anger,94
4cb4550f458c97e5c5ec98aad1657660b59cd65c3d0febef79bb39306264b634,2014-08-22,03:17,joy,82
ce15588696dc70596b02d7ddf68bac73f8120f2f42c4e7b755d23f12058e28b1,2002-06-04,04:04,sadness,82
c56487bf3a957112be0f641b3eddec809518f651b950d2f3e4bed2f83508c92d,2002-06-04,04:04,joy,82
32a787ca21f129fa197e4055b1724f21af31cc0be079476fe20efdb0b4434a9b,2002-06-04,04:04,joy,82
6c2a303e9e3e7422aba2d9dc317c836f4a5256102f47b7ff305a52d11c98e2c4,2024-07-01,03:32,joy,82
80743fc263e19632680638b067c2987e79fecd829c958832972c2bd5b870c1b1,1999-05-18,03:33,joy,84
943fa9e52eb5874e965454021ba764a40f2d3e3ca42d162e5960610327bd1df6,1999-05-18,03:33,sadness,84
bf9e7bc192e73933edd9c014140feed89bca4f71d7760fdb4d91996c2af59e67,2022-05-06,04:03,anger,82
286d30e24b56fef1ea3c13abc9b51e2c8a2a94804502b2cf91c0e1b8284b4078,2023-01-11,02:58,joy,82
6209ddff495784de3f94bae580a98ca83bff396a32b417655fb677bf127d7f89,2023-01-11,02:58,joy,82
c8fa02f85b1187bb2deb869209e4c69a91334e90bf0cc78a174aebe27a96bfea,2023-01-11,02:58,joy,82
d0ee089b02e7076e4d18791ffc76c5b3c9f14ad16a90caf80b2737140a3aeadc,2024-01-18,03:00,sadness,91
fe8898af96ae63e95db56da84f25d45d208d34df16bb71979c3a6db2c43a0ea0,2024-01-18,03:00,joy,91
586dc184d124debf76202be976f881dd27a6cc07485b9e135f952f3b5fa3b94c,2024-02-11,03:53,joy,81
35c5d895525ba8766bf9bdc5c57230534980744c4b9bc15c74b12aab46d43ddc,2024-05-17,05:43,love,88
1a8038416151fb5e405f468a4b6d97a1436c6382e2aa8c6f5d51acff8f3976ec,2024-05-17,05:43,sadness,88
fb75ceef96b647d07dacb9ca4670df5c66fdcb8edb1a2c30ce5e4f5e102caf7d,2019-11-13,04:05,sadness,81
210ac16f1ca166c554765ab758b4741f81bc255b50f5ffd8f2705eb9e2e47829,2024-05-17,05:43,sadness,88
8b9e8c4b47709da847fa8b40137b2be534157cea65430f49e745bc5d14c0eb4a,2024-05-17,05:43,anger,88
c25df9192ab4ffbb9adee0b38bec7b7f113b44ae5ab996dd56aed928d44c30bf,2019-03-29,03:14,sadness,81
c69efd29aaf31c152db4580205c767062b5af01948999694b5a89af4393d5642,2024-05-17,02:59,joy,94
57ccb70331e0d8a58fb1498dc236c5e1352654b52548c57a02f42f631ba9c690,2024-05-17,05:43,joy,89
62de4f398bbf36a02af7a47a0446afc34c136901bbc20e265de6dab74f173e55,2024-05-17,05:43,anger,88
8ec2d1a6809d2d63eccba9ab14c9692c4351b32f43b64682784cb4a5fd90f2c3,2024-05-17,05:43,joy,88
533031167eac3c613740260839ba6ae9338327b3e1e3abad97e4cbe1ac301631,2023-07-13,03:42,sadness,87
6007790e9a63427eca02d3d77ece1a88648532d3f72f47b61520ed0829fd9bf0,2024-05-17,05:43,fear,88
153e0277c082581738e3d686ef82367e351b41dff0a9838b20298607e63dcaf0,2024-05-17,05:03,sadness,93
5665adb02468c4bb4e0e78209e20357a1ba94c9823c1f19a02222789ec8611a8,2018-04-19,03:20,anger,87
57f162779863bde0c832ac12bc83906c172d3ad956f9b91856b663deef0cc7a6,2009-01-01,04:49,sadness,81
1091c64e863c098925504f0065b0cc95b2dce024f876d36767004ca1f307db83,1970-09-18,02:47,joy,83
e643179b7d6f04a84a8d1dc75a117bf17eae65ddf120e67592f62ee195d377c8,1986-08-16,03:42,sadness,84
51c381927c579c1f93c8d8940858f4ff45dedc7e86470983e6e26b3551751064,2000-01-01,03:44,sadness,82
c5c2edafcfe5dd19537b81501428ef726a9748c67b94898e79075018e523f1ee,2007-10-25,04:11,sadness,83
6ae99a1481bdbec53095a5513de6a1bd746b0054a96dcc224f26a42615007661,2003-11-13,03:18,joy,86
fe43bcc6e7661d2e4bcdda8a1bf35353c0c50843ed7a54a712261fe6ed7d78a7,2003-11-13,03:18,anger,84
326f3572d93100fcc8234833ee54043142bb7507f6fec2a96a509d9e4b3621ea,1984-06-04,04:01,sadness,81
d0edc32bdd1510a614561804dd50712c4ac6098fbcea037ccdbc0aa7c6565725,1984-06-04,04:01,sadness,83
9e9dde0ea999a21fe8e2b951480c22a600121f058d17d88d075da55905665ebb,2016-11-17,03:45,joy,82
f85d684e5180e2be3aa04c920bbe8ca8d8124370e6b5c8fe84e1d47a034ad2b7,2012-12-07,03:53,joy,91
16afea6c04fb75a9621bb6b03724fee3232ef3febdfd0da71c4177778ad2046f,2012-12-07,02:58,sadness,82
0bb3c8442eb5f4ed95fb8db5a37114d6f1e6c967e4d161be96887faaa85d6995,2012-12-07,03:33,joy,90
7ae748dddf567b58429f131031e6ebe3f8735df88654c121e94cc2ce178a04d7,2010-05-11,03:40,joy,84
67c0c27a50b7d0928e7bdec0aa511a15f006c183be732c96993991c29c209051,2012-12-07,03:53,sadness,88
d384ecc45b42e569435a4d2f1cf2e0fd913bcba3221395857a1f53ff3f2f5963,2016-11-17,03:26,joy,84
0b424232d4520b40ff08ec5083d68688480ef6fcf98cf01c2185bebc66b9dc3d,2024-02-13,02:41,anger,83
f057c90b6e9b4147905803b720d4ed915122b3d33937a3a193ad669391a1413e,2024-02-13,02:41,anger,84
09bc939faeed4c1d7d7e09d01d521c0109e68dffed6edf0692c85d1588b70413,2015-10-02,03:18,anger,83
46d7200910792927ed1296197ea604297436840b7280155300208888d56cda43,2024-02-13,02:41,fear,83
ceed51c57ce1a545ada322442fa3d9f57ec6838ea06c360dbe9044a125e1bec9,2024-02-13,02:41,anger,84
066db369298eb798f51e640b38689b13989c33f5a4fa5fa7ac8e4f5352921ab3,2015-10-02,03:14,joy,81
ae8c77322384eb4979d0d5054020d13be275dcba9857b4347c66efb6a7a6a966,2024-02-13,02:41,joy,82
93167d1cbfa9011338349961096d70e5197ff43d8ab90abf63e3240b19f0c479,2023-11-10,03:33,sadness,90
d78e12f23a542f65af6e6a8fb2f0b92aba614edeabc6d29b56c34f351cc1bab6,2013-10-08,03:28,anger,81
acf1f39100fb1e9f67610a2b6a2501f79c03c28ea30efc146d52894539100824,2023-03-10,03:06,anger,83
133d8d5bb021c2490bc0c582978a767e8aff0b2b3233314e8a4ee5ef74b886a5,2024-06-07,02:13,sadness,88
205e836f55ae39bd28af351c6eebfa8eaaecc892d1202e7f6c8f96ba5895469b,2024-06-07,02:13,sadness,88
74bf37b9ebee3dda5a12c286eb41610cf3e43ed507eb84879548071434f6abf8,2016-12-02,05:26,joy,81
f279f8a08ea46b2bfe2b3ebc4a9086ab69d7f013751ed0d2022771a6419b820d,2011-11-15,05:17,anger,81
120a4db48579da6ea5d9d80716557cf2439c69f0ae044bd404a2f95d74755de1,2016-12-02,05:26,joy,81
8434ba476728f5c33c71a70a44a9e052527cc6ca6b9150eca4f10434115dc18f,2016-12-02,05:26,love,81
21978e192f5f40e51f6e4387deabf79e3ad6cafcbde5bb1f75e54019163dd591,2016-12-02,05:26,sadness,81
422269758460df06f8be07fee5a579be74e77f2341afe237dff8fafc05c158a7,2011-11-15,05:17,joy,81
30a15578ccd6be052805be53c469d02cf34a3e7d2d4b10723314fd7ea4e829f4,2023-11-10,05:06,joy,87
ef2f0d5d0f48af4195fb3a1fa66b577dddbebc81c45e5c657499cd7b2ee00b36,2019-10-04,03:04,anger,84
d0616f0b9b8e9fd0f61a2f436332b27ad3506d3a46d44f6fcfa85b5d46cb25e1,2019-10-04,03:04,love,84
14d86820231ddc2e21d85c5dbf77390d14b0e591c04efdf85a192a032becd9ce,2019-10-04,03:04,joy,84
bf51d4e3917fb1e96f244df778495136987e822e2300d2a782ebbb023b18dce5,2019-10-04,03:04,fear,85
57271ae587deea68816ca25fe738db4adc988370738c55b0f1594e650a4d2a95,2011-10-18,04:45,sadness,84
6796bf32cb2b53bf68d334637cc900ce49433fc25ec0f0bcf3c01e60eaca5a4b,2019-10-25,04:16,joy,83
d7e6b4a662f49bf456779bf70be99cdf8312c5669e739259897b644969b31f04,2015-12-04,04:23,joy,82
11773223f171116d9df12903fba91d497669cfe51c7b266d24ba173be376f246,2015-12-04,04:23,joy,82
861384133c85f6da782bf99b528ef9df6d88e3512fa213da8f8d29bf32ba6109,2000-07-10,04:26,joy,89
1358111e65fd2221313394205b0a7fe659a7c58d6d581dd381733d9eeaf5372c,2000-07-10,04:26,sadness,89
e6d4aa58fa2432e6dce9f0658bf92ed3458c88687a86d8102874418550144963,2011-10-24,04:38,sadness,83
037383e93eb456e8f816f30dfb640b633f9e6275cfd55de39dad0b0ab91ac958,2015-12-04,04:18,joy,84
ba92cd9ab5c19d67160452825c0662acdc54d85a0f27d21a45e9cc3204909213,2011-10-24,04:38,sadness,83
29bc2d372028722f891c84ebb1011c115dd969e51ddb2afaaffb9d67a67b8dcb,1969-08-03,02:21,sadness,82
f05346685dc4d761102331115f25e9bad0fd3354596b5d3870595d0a3e3811a6,1970-12-07,02:40,sadness,89
c9465ee3172ed75114dce5a19e2fae6fa4d9971cc57c006da8cf812c63ff4f58,1970-12-07,02:40,surprise,87
b47e0048a583ace780e6cf5a015d7c37018b298b344af637e75b26f44901932a,1983-10-14,04:01,sadness,82
facca2a2073d65ea05880a5baefdbc17cf9f2f5c7414b5f5592d2c46bff9ac6c,1983-10-14,03:58,sadness,84
abbdeaf7005c5ddee09afaf80933460681e7d69c92263a7f57e5ed2255abb0f0,1983-10-14,03:58,joy,84
bb3809a481182ab6fcb2ac9a3811e21bd65b09dd3a2bf82d6859aeb73d330910,1983-10-14,03:58,anger,84
114e2fac392dad5ffe7284c671b69dda418ba3e1f2876438a3c793d878881a7e,1976-08-01,02:22,sadness,84
fddc9fb679564d972203fab9ef2f9291f5b8d381153315d6cface9314df7d181,2017-04-13,04:12,joy,82
58adeb40331b28958f486535ed53a925a82d7b8046d3682ab2f8283ac6103fa9,2013-01-01,03:30,joy,83
0a77fe20f93ef22eedd441d7abf8780959a907bd77d028e7c00d32b169399102,1978-10-07,05:48,joy,81
9efc12bd78ce6dfe0083a506421837b342c500a133a467e0c505cd30f2d3bc8d,2021-06-25,02:52,joy,83
ba593be06c87141ec1e2368830d7d24e5d4ef88c650a170492fd9febfad96f2e,2021-06-25,02:52,anger,84
cb3e728a21c2d6f31e26d3cd4bf4455a1632c2bb8d02423020e72b1adfd82fa3,2023-08-04,03:51,joy,82
d0b300dab4b9f684794eda95eca16f13713ae2d9966213c3ad88409b2dce001e,1999-11-16,04:30,anger,81
c9cd242946eb76935285d21dae2a478d41446e8ed386d95698b5072f87f78bc6,2024-05-03,07:36,joy,81
354c5fa0210c5ef1911fc876952de4281c39e2ac1feaf305d449ccad4af54394,2024-05-03,07:36,joy,81
2e9cae55f3350d89bce019798e4a890dcd5a5ba989fa6d374801835077d89db4,2024-05-03,07:36,anger,81
c55bf428c9d21b811c14223a20adf902b47d4cf14ab337b752fda38c4f4d3957,2024-05-03,07:36,sadness,81
2ebcb9c30de51ea19eac22a95140d8c69a013b97aab93b4aa51b8f131f709371,2024-07-12,03:08,joy,81
9e0e80b590bdfd0c6e7e1a616c3a779ff3f7c2c50d919263b6355bf0fe97b42c,1976-12-08,06:31,joy,83
7442aedb9995b4e4fcfdfb228b1435cc29a10e7b5d90fc47b843c0a31c9cbf8b,1983-05-30,03:03,joy,86
bb58743422d5713aebc62bb0b2cb8361f2275f2801198492bbb614b3ffd73814,1983-05-30,03:03,joy,84
1f27f35ab8c801aa467dd98dfe4449a2b5291f9ed9f7cb4a8fa47323275350d5,1972-05-19,04:41,sadness,81
3ff708c2c9bb2a86465017706208fcb7508df9cfca94f7d7a0d4b432a9d804a6,2024-07-12,01:38,anger,82
48708c07633702ee960b7ed99266449b1bf972eea55485e1bf1329b9c4284d19,2024-05-31,03:47,anger,91
b7844abc30ca38921d29f0e5004b0506513064b6e1ace75e7b8c4a25fd0ac2aa,2024-05-31,03:47,joy,94
34a507babb7d0f04f9be590a185cde6fcb0ae7f2629499e23422aeb6ae85ec4d,2004-01-01,05:22,sadness,83
0fd86caa1fb770f382e9084b414b433ba4dfc195304fd2430e1f3bfb8e3da6bc,2024-05-31,03:47,anger,94
059545361acdceefbb3226325c433b187b52cfcd3088189de0c9ac0ad1eb933e,2000-05-23,04:44,sadness,86
39a824d3d2752e12a1bbfe95a04a023902e0699a8261c84437d30d672a7cfe5d,2000-05-23,06:44,sadness,83
f1cec639fb2e35b0799962d065a21cd2e3cafd61e108d9aed24e5110957fe152,2003-03-04,03:55,sadness,86
2a8574a9914b9e2f0ad4731f10d0e4bf6adfb70178d32feba9bbbf9b026bd721,2003-03-04,03:55,sadness,86
3df289e02d0459efa68b73d2dec7ce6e9aba8b823e3eb59da4bc39d6622323b4,2019-12-06,02:02,sadness,83
15d851880507d145ff8f5a6d6e8b8b4c7cb15b763e08922014f42a8b17eca105,2007-09-25,04:29,anger,81
33003c858a2143f2e396ded19b72478a081a92a13f0faa1e98e6214e031cc790,2011-05-23,03:59,anger,86
2bf178b460ddacbe4b467ee40dd34fb0bda57795caad1a8d40f981835965fbba,2011-05-23,03:59,sadness,86
f16b4f385df00e62f2c7b42cb5f0c0bc8ebfabdc12188d059cafd294d8f8c06d,2016-08-20,04:09,joy,83
5bddf3364d50cbfd02630be10078d937adfb55991126c850ffa3dc19ecbc2f49,2012-07-10,03:54,anger,83
8765607db750d5eff85ead8bfdb0147c5fb731ad87285bdf83236a62bb40e816,2012-07-10,03:20,love,83
17f122a77c15096b6c7beaf5a0198d19dfab0873e2723b559aa4b1ecf2146e0e,2016-08-20,03:04,anger,87
9f073bb9ccfeb9ca08dac116286197c60f5660477b5aa64d26b37e3854401948,2016-08-20,03:04,fear,88
640ee507f67fd369a8052509144dbe03a2abccb1a9daffb693cc2eda21c2ad83,2012-07-10,03:54,fear,83
c0608605a5624c998b27c202a042656d8a73d260f9143c2eb8e1c54304d66bd8,2012-07-10,03:54,joy,83
b12bf408038a1401205d5cc771bced214640f76e6f229c998e36a9627858966b,2016-08-20,03:04,joy,87
a45d6603827b28e6823579aceadb0437010bfcf3269e42460cd7f62840864954,2016-08-20,04:09,anger,83
15eac24c249744f2af48770eaf07394d3978069d2cd1bd783ad75a2c231eb9bc,2016-08-20,03:04,love,87
8982970d1478be394f9c3c80fd671c500387ce812f0d58e0e03bfbbaa83d2afd,2012-07-10,03:54,joy,83
9e1193111029fa7469a5f3502e5bb2dc6a216dd9d7b0b39207a03a2867e66f5c,2012-07-10,03:54,joy,83
218c641c2ebce6d6d4e0133036f2caf33e31d15bef28ced5f4e40726268aae04,2012-07-10,03:20,joy,84
2c746ca982dc429ab092fcde09df92ea4016178959fff5bbe67536fbb1c73b51,2024-03-17,04:57,joy,81
2ce1cf81859e2a459abca128e85fc1dca9d14e4aced6e2a3cb73c8917183d85e,2024-03-17,04:57,love,81
2f351ea16295fb1958739eeb5233ba2ff373ea313a6efb88728368094a71bcef,2024-03-17,04:57,joy,81
e8ca35f134352835264622f72c74907870b9cc37ec762339c02ab331c34ba0c0,2024-03-17,04:57,sadness,81
22e57d7164809054a825fc53a216aed119c7136dffb3aa48069b065ba3ba09a0,2024-03-17,04:57,sadness,81
dcdf8aafcf301da8c5d42038cbb52c30242fe6074024dc4537566f48eb25acca,2024-03-17,04:57,joy,81
3baab97e0d9db705fc2d4e02fb509630cf7d88ff51a9a97a885dd64ed0dde3e0,1998-11-09,05:00,anger,83
493fba58b8124a9580ccb55c842f56aaa3bb03b543755206e49eab26da8a4563,2020-08-07,03:58,fear,87
c7d5c6e57aa33569a912858885070ae6db5c6601e2a3a89837f97470fa4ae9af,2005-05-23,03:42,sadness,85
89c9b70361ac0a8db2105e6e39fd249ed71bc0f68c975f191a0c45801c609f36,2024-06-21,03:45,sadness,84
178b0dcb6d444f9c22d78c14aff5c40cc136499736156d3cac0afc2352558116,1994-02-01,03:01,fear,81
2932787b7f9eace585f1474a54a5702436273f7a4a93235687d1209bc2d6a730,1994-02-01,03:01,sadness,81
31cfd4a11752c3c13f1643bb10a7113ed835605ec370602965e6ac245f1c8506,1994-02-01,03:01,fear,84
8c73db1a686d35cfed9c2d79823688c9c7fc5360879886536fd31f3c4a4c8169,1994-02-01,03:01,joy,84
2d45c2409095cf1a4747211f80d95f11f2fd9bbbef6a0067b26317a36f84596e,1994-02-01,03:01,joy,81
6647043bfa501b2027dc1a6689b4858d12a3ec6b38e9883f8b37f9ddd69ebf43,1994-02-01,03:01,joy,84
a1ad33f406e35f0cbedb81779392cf5acae5dda0f35c90c4825b402922b5309e,1994-02-01,03:01,joy,81
c378125a9804b3c6a420df1527e0040f99b6fa4a30111f890fd5b26938345d17,1987-07-21,05:56,fear,88
9bb801b268d495ce42fb86df35afb51479dd9dc7349994fe699e850d2efd9d23,2019-12-13,02:54,joy,87
ae8a3c47006fd41a2b85e1ee76822de903d37060d07901000df29ab0f11ebefa,2020-02-10,02:44,sadness,87
c8275c3328c5e116359192ff9071f92bce7dc4f387677b7f340cabbd2dc0fce5,2024-03-22,04:11,joy,89
a68a9dc43381e52d102dc4d8491373debca010f207a48ec77d0b1f566da39642,2022-07-01,02:45,joy,83
a6c013d340156832b474951d863e290958a73d196d2f2f8c15126fb33bbb0e6b,2012-09-04,02:57,sadness,84
4c40e9db4abda59d8e4fad0472691247c3935045f0701da7c383dee1f1e7fe76,2022-07-01,02:45,fear,82
f9497276179d316690f7317fdbe3c93200ec621ec02ab5666db241243f41b3db,2022-07-01,02:45,anger,83
409a7e8026ee18aeda243da85014ef1f713d620930b89255afb581288d086cf1,2012-09-04,02:57,joy,85
2b5fb2ddb967a9771b46918762c8bab2421c2730332c61f2379036ec265a3d61,2012-09-04,02:57,joy,84
8c9c3942f06882ace3e6c913f5513e202c8ef01fc02ac3de3bc5c1b826bfb541,2022-07-01,02:45,sadness,83
2d27af2b27a8eda33e9fa1807efc9c247e0eabd41bf416373fa052d654a173b2,2022-07-01,02:45,joy,83
b8ca424d9f37eeb5b341a432e13abf36ebc800118efaefe6ce0c2ec6e5d246be,2022-07-01,02:45,joy,83
9ead5e09c982752a6fb5b405f2c52726e0ae72dcee11a691f7131e719f088fe8,2022-07-01,02:45,sadness,83
55f3e47f707ccda86c6a2e4052b3e20b5ceb9a42c2d9774a3e8b1011707bbaad,2022-07-01,02:45,sadness,83
9f438a91b5db493abe20215c2a395e62d6ce5551269a186e3afd27b68d2e0560,2022-07-01,02:45,anger,82
1b4c7317abf817bb2a55a3e35aa8424bf3904ad1fe706c2c7d2a5d588a64859b,2012-09-04,02:57,sadness,84
573efb928d2008dea19fc954da97f82884cd170aace2a4700a5fbdd7ae6e88e5,2022-07-01,02:45,joy,82
eda35abcc3bdf217440978770d59d8e64135488e2ff30b24e26fc496c784a2e0,2022-07-01,02:45,joy,82
1c759cc10487e6a9f2a11cf421943aef4a4fba2f7fb97d608c055a316f4413ab,2012-09-04,02:57,joy,84
737e0dd170e58cf6c2f8565a293445ca613675f403396b9b993fb713f8f01f3f,2022-07-01,02:45,sadness,82
bce8450f4bb94c091e7f0fedaf1630d7ac40cc4a8c16402188e058e997c7d74b,2011-09-27,03:55,sadness,84
4105058121f985dab85538d407eca11bc6c2b6058caff3e49399a5ffacb74e7b,2014-12-09,04:52,joy,85
0244be1e6f874b39c2493222b2bb5a1da07cd4a3fcd0f745619e6bc44c8a0a2e,2008-05-01,04:02,anger,84
e79df648d46508c63a913f19b61370a797ae034366084a7960f4623583041412,2013-08-30,04:29,love,83
cc55561999f8c8602ae4d32f1f2bc9dab99c5eb40f544d83a6e7dc84023102bf,2021-05-21,02:47,joy,81
3c5aa87255bbb16647927ace9c642fdb80aa562194af1a888d5136c2fa093f7a,2018-12-10,02:45,anger,82
6d6f0f5063a63c3bdb77d79cb73a9f9a54a171a14066d76d86d459c6293b50fe,2018-12-10,03:59,joy,82
e60fe53ec63a55e95ad81597f1a88d173b9f95ed3372f2ff4cd27b58cb906205,2018-12-10,03:59,anger,82
315ec1151aafbca1738e826133b5ae7c0d2687d7ceae0c7453e0d2058ed79ce0,2018-12-10,02:45,anger,81
5109aa43c0507f0065d7e5290f63734ce317ffc98a2775ee2c999e4793b1b844,2018-12-10,03:59,anger,82
a03954c240c8784ac7bd858925e51f0759f96883a034e092f014f3366a27dde9,2018-12-10,03:59,joy,82
7ff31428baa69ac02c467b80c7813cc670fcde305aecac03de424914b3261a21,2018-12-10,03:59,sadness,82
542fd0a3569404ef501a03dcd0a512c85dfefe7d643f35f234302e0ab4d98bd1,2018-12-10,03:59,sadness,82
4106a31d72308b52b9e8207a9dcf41c1c0cca420c901ce6d28664b7b10efe706,2018-12-10,02:45,anger,82
86842493e773e6cb0c5e3a5d9868abeea940fd83e446635b79ffc061f0ea75d9,2018-12-10,02:45,anger,82
87f4186f0ea066f4dfa33b0517ea82f21a55cc1129617e4c0b7198f67d19fa42,2015-11-13,03:53,anger,83
336d3540d7b28fc0fe9e19f20adf4bd0672c96ad9002147346dd293c7cca91be,2015-11-13,03:53,sadness,86
338b74d2881e4eff9a4475b6d687a0c64a9ff13d8ae40d1c8aec91b1bb79ee0f,2015-11-13,03:20,joy,85
e1197d78122b0fa2c831f67619e3c0d26d8a23bc092770dd91086484b44f33db,2002-11-04,04:27,sadness,82
e140c4646293f695d9fc48cd8b7c105f51e851943bc00f418321a5dc3daeb90f,2024-01-25,03:49,anger,86
120f8d2121834bfa0c3c1f89802b8ee03aa362addf3467d29b7c23b0be38bb9b,2024-01-25,03:49,joy,86
c9362d1d1c04c117d2931f782ab866e921e79dfa467c1517bcc9db704020af5d,2016-06-10,03:33,joy,84
448d5c28b9794713796cc56e433bafa1c57d1064223441798d8ab39626aeb049,2016-06-10,03:33,joy,84
824a8ac85ff323e6ed86e2aa9e184d9386b4cdcbefcb97c3e6e507e8c76127dd,1979-03-23,04:31,love,81
36eb46e0f685a12875d6d285fb64c7532cd475f47da78a0fe614152ac94bc304,1985-09-16,04:58,sadness,83
39e476824d65aa137081789b2553c8e7f0eed0cbb428b5f69a942f4139f2c85d,1985-09-16,04:58,sadness,83
f6624a0f66e883f9be921f98990bba83ab0172bc95d78d3d9856fccfa20edd07,1985-09-16,04:58,fear,83
57a39671a9dc648d12865f540e0ae13bf0befc1250379197c32dbac48456eb39,2013-01-01,03:43,joy,81
22047918b363fd0122f338f75f4c94880b153002cbf1ed4ae4f665b799e27f7c,2024-05-04,04:34,sadness,97
7cc7a2e0a4d603c7023b44526e31dad7cb4b0e294e1ab296bc79168c9f9a6e86,2015-03-16,03:39,joy,81
9d2b0249ce6370b2fca830d5b7b915165b43a50af70a7e4ffb043d42ec0e0889,2017-04-14,04:35,joy,84
9e3d3731d936642c1c6af6c33c8ec49b6a1037c2ec7b5a9c34cf78d7eec6aaf3,2017-04-14,04:35,joy,84
6e142091e9bc82877c87439a7218bae3a285016a098ad591f3200041997ee857,2024-05-04,04:34,joy,97
c685b7d74e462ed847105b75be13c42560b158a079e2416fd8ce3d5554a7108f,2017-04-14,04:35,joy,84
f715348aeee77b8b1086171d0f76f6dcf4d7967c1eac8b8f05308d844dca01bd,2017-04-14,03:33,joy,83
3b72fd7569f5d537d598b821312a48d82056a6541aae802df39b0040617ee760,2008-09-23,03:23,love,84
a0f82fbf7cb9cc23396ea350b778f2171b159af422c8c3f6cde018e626095f19,2013-01-01,03:56,fear,85
8f6a69e034f798f4583f0dc2950386a336756a42530edc12d1a6b3f422df44aa,2014-01-01,04:16,joy,83
1f396a25804c3e6cb92c91fca4a8b139e6d3ed6033a458d2261c704b23a36c71,2019-08-30,03:22,love,82
3f7430421a863bcbd700d48a617e64e7c7afcaf1050bb5c27fa06df74e52a09c,2019-08-30,05:00,love,85
82b5e023b79bc6db2bb7180b721b88612e2cd51521791d76b93129fd73e29a9c,2013-01-01,03:56,joy,85
9c5a843beba5c73fa0fff99463cf1c9b7e7762da9316420d6a548a0ffc41583f,2019-11-22,03:35,sadness,82
ddd804a3467b325804515a7c3015fe8ecbfdb0da428ae3fe81f3ff4a6421a574,2019-05-17,03:02,joy,87
6d72e3392f9114434c01972753c768fd59c395d9807d2129ffd936fec4f90c3d,2015-08-17,02:22,joy,82
1d833871e4daebc3e52210e3aaf59db651c07ec03df0ca4440fcac839172d947,2019-08-30,02:11,joy,82
dcc25834700204c2ac46aaf097af0b3e9cf4105af5f7f4af6f4a40da07a78ef0,2019-08-30,02:11,joy,83
5fbf9e6861aff43935dce5e7a2e079c3667cb26c31e4fc227ae5f5ede6d33358,2019-08-30,02:11,anger,82
809809ac52e25d8f291a61b20c8588c0dc51d4bc59dd3e3f7cf4ecc28e1965ab,2017-11-17,03:40,joy,82
3a4361ed44719b7816d6b88e5a5b168cb43ec3be5db064209aa768007c132e64,2017-11-17,03:40,sadness,82
0618a556751c7bb888e907f81e876aead6e6744d4c1a6fa3a4c17fb042611b4b,2017-11-17,03:40,anger,81
2e4cdb5f508e42f8a9f01965282da216cfbc404ec6cb2849166aedd8238bff39,2017-08-25,03:02,anger,82
1463152b9e20adf129e311bad12d908557d821c060df1dc348f420b34e651447,2017-11-17,03:40,joy,82
6a3889673380f9fc02f158b41ba00b6b810b11dce0307b0bbcad4a07941ed571,2017-08-25,03:02,joy,82
c12c0f6ba7ef93f8eff28e2fea433904f070c65ef15ce85a30da634a0502f1e8,2017-11-17,03:40,sadness,82
84c51fc827cab3434b700ef71f80271c46cd9e2f4a75ae3a825c6cd94041e973,2017-11-17,03:40,joy,82
200e33c1a5162a98b3c0f6b44b9ef3fc4e03b812f9f9e08608a5f4863eaa89f3,2017-11-17,03:40,joy,82
f38dd2ccb990746835e0560bc2704e46b080e4941dbe0f70fe1e218e8a72c6a5,2017-11-17,03:40,joy,82
db971a56888778f843fb869586ccc27785904642e662ac26e171ce0e560d4ff2,2017-11-17,03:40,joy,82
b100924a9b476da8e3afe380e10fc23c44a118c0bcb732571ca6388c3dc135a1,2017-08-25,03:02,joy,82
a272681976f207244012c74bacb8baca3f9467829af0bf653a973b7cb9aad2b0,2024-07-16,03:36,joy,87
224ae39020e8734f21132a7ad2883e411841c1414b8e21d5ce86a5815c29134c,2024-03-13,02:37,anger,83
0a22229260cd24e1607ff33e651e5cac8e1c9600decd699098859963215b7a39,2016-04-01,03:57,joy,82
800e96366721512eb76827a39e1fdc3100ea6dd0039fda99ebc53d3e096318cf,2016-04-01,03:57,joy,82
9556b6d9dada3d923dc8d10b67f5a13797bd3bbe9cdc4be9f9a9c4dee9383ecf,2016-04-01,03:57,anger,82
3d3ffb8e041e557907509863879a6a18265335fb90081e36cb460de1eb7e7598,2016-04-01,03:57,anger,82
cbde486898af442c10628743442d53e34d1a0f5ee9e2b61023ab6e4203e093e4,2016-04-01,03:57,love,82
9f1645446ae5be1014175de48308fac61d7c008a2da100a3ffdea87e905480e1,2016-04-01,03:57,joy,82
40f9daef0394aadec8c6a3e970973ac5d1458ed0bcb762d5c7871586314964e9,2016-04-01,03:57,anger,82
ad69b3501561db8fb1daa1a8a87d5e131fe67515ccab21b9feea76b463b5f286,2023-03-24,04:25,sadness,85
d43dded42aa89228d5adbc285da81edf2eed0cef1136910ee558bf401d611e4b,2019-11-08,03:06,joy,81
9bd4bfba2fe114df4bbdee1100e298bf6ba2a9c49bfae8759cdca61cf7fba98c,2017-06-02,04:00,sadness,83
cb33a6ae89bb77f24146f7625a1694d1555c04b0502045d75ce6be1fd4819081,2019-11-08,03:06,anger,81
99ead5ce8e355eaa76cf864947954c3a1d492b2efc489a96618691591b18a5d2,1974-04-15,04:43,sadness,81
bec23b4c47431e6fbd2bf71ebe65cb39ca8bda09208fbf56ca1ab5fe46207230,2014-06-25,03:44,anger,83
0f9ce82d4e0fd477aa3c16d1645c0fb7617e9d40086150f5c35379e9d47fc925,2007-12-14,03:49,joy,81
03e9c6b0faa466d83ab476cbb436c24480072f7666c36f3c2f39f3f9f461c24d,2024-02-09,03:41,joy,81
c18b4af1dc7e4e0b9dabbd3c75f9fa1e13eed883c91fa8c49fe5b16a46acada1,2024-02-09,03:41,anger,81
230aa87f5abf3b17651ed8f2a5664f60693b81bb4e23c1bfb9dce27727500079,2024-02-09,03:41,anger,81
de8d4375037417ee0e1005805fa5ac2550615c4dc85bd6bcf6bb596cd3ad5560,2024-02-09,03:41,sadness,81
a015299ddcba8b603ea796856ebc49b4bf0930036f928f55ecdddd24277694ae,2024-02-09,03:41,anger,81
569a15cd2a1b92fcda1b09d6c0bf09a0784554a8f908561651138fcaaf5c7c24,2014-09-02,03:09,joy,87
2bde3cd015a764c3d864d16228ba141c91411fda299e48490203a5e8b79e355d,2024-03-13,04:19,sadness,83
246c15db37744d848c8c11bdb56eb04a6e06376e478504e3cf4b421605321025,2017-08-11,03:00,sadness,82
0b717d7c7dd8b75bbcb30a7f5ea20d613a1b1b846bf15e55204e86e1fee1a7de,1993-10-05,04:55,sadness,83
77afb4fad8a9b8b43a93f733a656ca3c042aac293878784300447bcf8d18c317,2024-06-28,02:36,love,88
3382b33bc452e12ac18a6989ec2a93b9dfe86645f55d1c851f571447cfda71ce,1991-08-12,05:31,joy,81
e5e17ce7aeb0880519bebae1ce5eb4d099a305e77d712ebe5874160a71257a1f,2022-12-02,03:02,joy,82
326bc68c93737f5b0feac2998f0599410fb5f57d49dae7c646b50484fd4c96d2,2010-11-26,01:42,joy,83
94d982a9234f04269fae97211dcf7d5bfba5d59b58cb0d778599849f3bf03494,2013-10-04,03:51,joy,81
80e89915b9bc7b13a2bab8d03fa74d3bd320fdc2f61a30db0ea2aea4502ea881,2016-06-17,02:50,fear,82
0314d3c17f0b690065d2e8a7fa897c61423c80f61ed0ee9a8460e703a0c163d5,1985-03-12,03:46,sadness,82
e5f69afd44fc005d3b3a96ee90aad74be7c16651175222740772bdfaeec450e2,2023-03-03,02:57,sadness,85
17839ecf6eb2042acf103d51697b80f08bd7b0e87b67557ab17f36a138ddab6d,2024-06-21,02:52,joy,84
d131d150e83b70468e68e6020132bcc36ec819774cefeeb40375c586b9ab877e,2024-06-14,02:42,joy,81
e930d623dfc7b09449d0ea25dcc8733d24fc444f10f3b40740e47b71b712b4bd,2024-06-14,02:42,joy,81
7cc9938ac01380d9bee0325acac0a431dabd0792e9738a00a53ac2c03edefe6b,2024-06-14,02:42,joy,81
46625905784929046eece558aa13922737d06f83fc1c8a3dac61ebd53730dc9c,2024-06-14,02:42,anger,81
9d2d4c546e56b4225b3817b3e74101096feed2d1597c7f862a2539533fcba1a3,2004-08-30,04:19,sadness,88
1d3347dd6310f889adde76bcd582322e1d154371fde29ee116020cc994f9bd6b,2006-01-01,03:27,sadness,81
ce35bb11822154db4b9f4bec9f80fc8273bb081b075f597720b4c12f2d9059c2,2006-01-01,03:27,anger,81
d435d9bd31aad64b20c8bb0430351a9d6e28afd1894077598eee81138d4b2c3b,2001-09-11,03:43,sadness,85
409211605f2f83f4e98a6c22e8627675f2da265ffdb1ca8fb1b65f302857ab15,2010-11-22,03:20,joy,82
9a7a0173be3a92f585a648e70e9d0ac6bc622052564cbd76b58eb20eec400ed1,1991-09-26,05:01,sadness,82
d4bc6b9bbd467997957c56774eaa764db8f68f9a3cb72d03d185e32fc7a01096,2020-05-15,02:36,sadness,84
f4983f3f29607531b080e8e4aca53818ff8814b9255c7fa0dfcaf50ea4bff8ba,2022-10-14,03:02,sadness,90
5b55c07f22160fd050e65a1b2ff2e1b2eb4f431b72aee4c58431b2b45922d4a5,2021-05-21,03:35,anger,84
0192ae87b95b374ae49433242a5b60afdab2228cd1d31c30c92a7f623df3f998,2021-05-21,02:58,joy,83
16ca78ee29cfd8edf0a48c0c2e3781bb2c860bef99b558a0d860e8eb8d35de05,2023-09-08,03:39,sadness,86
691b23684cf0af3f31b8cc4220ae4e89abea59b75667207287b57afb3255424e,2023-09-08,03:39,love,86
e929738a7511c692d89f8602112d30c648cd4908cdb67a172a3b0a342e6daac1,2021-05-21,02:32,anger,82
3f26caefeaf28ab4ceaec184153605af71407e401709cbb9fd2ef3f2328b84fa,2013-11-25,04:05,sadness,85
89ada23e1a3a3f08e49b1470ed8287981b259e497c5c55d3c36ad548ad04d07e,2014-11-17,03:46,sadness,87
0323bac2c64fc1f938b7ca93c1c6415a06159b53bbb051da36753466df2ea5fd,2022-05-13,02:28,joy,87
e76b1b6d73deaf5d2d1a04cf3b9b5f50c1c6d62569e3869c1c3830bbd394e99d,2022-05-13,02:28,joy,87
b25f1db2805038911616c717f42e017bd1e0809cc9c1cf156ecc2e55421f32b3,1968-07-16,02:43,sadness,82
f0240d3e21e79890931b3e52c37b8a0c51204481b12d1be19b29155d2cc60267,2024-07-21,03:55,sadness,84
46493bff9d1a44eb605cf5b15f8f47e581a2b240a245d4ca9e57181c73d55abc,2012-09-18,04:02,joy,85
d8b1d5c74efe3202ef37038b0e06388ec9f2b992d51a8805b0fd05c1ab0352cb,2013-07-01,01:39,joy,81
37304db599bb872ac7e20747ecdaa560130b57bca0f9bd59ba543db124f74ab8,2013-07-01,01:39,anger,81
4b5c746b6ce419ccfa40cba7e0e8852447c2a6dfd5faca728dd773855fafd5c4,2013-07-01,01:39,joy,81
f894edda305b4ebb42db526b036806eb4eeb3e08da020d5c9d17b581a2b44263,2013-07-01,01:39,joy,81
fcec315203e2e6806dd1a768800ad723e90419241207005a21e710334fcf7b79,2013-07-01,01:39,joy,81
4f7f2fa51e67d3740e02cd50fdf2e890f372e05d0a2333c03ecc01f04491e2ed,2013-07-01,01:39,joy,81
a55e6c9d4064a91f9bbad14d751eb4594af610dd46f5d47a342886aebbdaaf00,2018-06-22,03:10,fear,81
495cd47d990e5a94190eddfd3def5a9004fe7066274a7925b2ced991367e5567,2010-09-10,02:40,sadness,83
e9fe94df07d5320dd01573a74ced7c87dd1d17744bb91b694a9c778e3d1b6421,2021-10-15,01:38,sadness,82
b3a468b0394355778b8bb94b74d043a439e9ff6b40152f1764763b8534cc8053,2021-10-15,01:38,surprise,82
d9455cbf223696b2f5845dd306ca094b6462416d8f0e8ead0039b94f079343fd,1980-06-27,03:34,joy,82
ccd80d2cfc5cd1732a8ddd69df93eac6e3373c00441db3b47cae1533ffad5ebc,1980-06-27,03:34,sadness,82
900557db4f125a01e091f2692f7a77926d762ffd9814d2ad733aa7aaa75d33e6,1982-05-03,04:08,fear,81
208d71e8d9ab3faa480e126237fe30763e3cb8148ae4ded618ce7cb7986f6cfc,1997-05-28,03:49,joy,84
3155d4ba5c6fe2f375ebf5a884ce706a6125a59d4b7415c9af8a450aa4ba94a6,1997-05-28,03:49,joy,84
b0329e953168cdca0ee9cf799fa84b8d9d303083c6b248067e655bf7248c44cf,1993-02-22,03:58,joy,88
f90f3bc11e6a637d6389592fc29450e7ab1e0918341c150ea954615beac9e7c6,1991-09-24,04:24,anger,84
c453941a370060c5259207fe8c66538fa9062421812ba0e4741540994e8ac639,1999-06-08,04:15,joy,83
a3c08b8d790acd8d14dad9cdb3b83c772e77475e88c19e37b716ff31c48bd92a,1991-09-24,04:24,sadness,84
7389af632ba87288ba137109e734dc486162abdda0e9ac935a5ef18a67d859e6,1999-06-08,04:15,anger,82
2224cfd91126027a7ade480e60576da286a984ba077043989b6046d3c74d306f,1999-06-08,04:15,love,82
526b0acdc6f634b21ffe4a3bd1db25b16b035112f216c5a1c08639b6918f2b2b,2019-07-26,02:37,anger,81
d2e276c3cee9d0fc654074cff530da2347928ee14a1f06c27647229ac7369ab1,1987-11-12,03:33,sadness,81
585ee56c505bf671f2cad9adc367d96c7aa14388958b62eaca1173a6e532eaac,2010-01-01,03:55,love,86
6ccf20c6b6267c9741507968d991a46199f3354e80195d690b287866267a6edb,2010-01-01,03:55,love,83
11ece80a30cc722a8f64d32a6b3d93eb878be7dba1d05b07cf1f2242130d7be6,2019-12-06,03:16,anger,83
eea9b5a280a241b31665b5139905aafc70e104540b2b3555c60ce9b63bc3fe17,2024-05-31,03:06,sadness,81
ce25b37d81837600b78cfc95438330d7cbcdd91462dcdac110e325d2d49c5238,2022-12-09,04:38,sadness,81
02f80f29af2229de7abead60dd08efe243975d85ee89cf8b4a7758dccd287c66,2022-12-09,04:38,sadness,81
88eb316fbedc79bb7a2a43e078b046f82d3000dca0a84b2349320834423a25bc,2022-12-09,03:00,sadness,87
3e92515a8d1faf8d7452f36f5f8a9c357b36ff4858d1b770572a3232fac90c5e,2022-12-09,03:21,anger,88
be0220c1b5520bc437fcbc6c91118dfcc1384f8883a6bf18ef44fdadbc7b1011,2022-12-09,03:21,sadness,88
3c35d532f92d32f493f03c4e40983a484808a54f70e50845964a97966bf944dc,2022-12-08,02:33,sadness,87
118cc7340dd3fe73715c3e8070477c6c7ed2367a34e619718f2f5a6d710e98eb,2017-06-09,03:51,sadness,81
15bb6bfb1f3ab3db578ae5af51a8148c816d7f79953adb2f9c85c76e614207bb,2022-12-08,02:33,joy,87
4e9e9f2a4bee0b48592be1d90229147422d4f62bd7517487f1dc8b6cfad40252,2024-04-12,02:55,fear,99
f34b5562fe3cf1c0f013841645b09a4c98456501350ae4c09bc24f374b8f93c5,2024-06-06,03:06,joy,99
5f89b7f48795a649ac987c92a08baea90c87d321e39907b6fefb252ca6146110,2014-05-26,03:59,sadness,82
c5593230b2de9fb17cdf8f031175809c9e72bb04df0f348f7ab24dc56b92aa8d,2017-11-03,03:21,anger,82
13e9a1baa090b27416f03be51e47e1feb4d8b871410ade8786ad8552f8ac8a6a,2014-05-26,03:59,love,82
a301f1678d413d0d1054634d6f013addb8ba0964db8d5548c40a05f854b998a5,2017-04-20,03:07,joy,83
9abc9dc8910f7f503e4c91b910a6d829a74543362fbd43bd74be22969e345ffc,2015-04-14,03:26,anger,82
28cac497f5ec73c136348e39bf1c0bb760122f730f4308235ecaa6aad27ae2d8,2017-04-20,03:07,love,84
650b3b622933f37c3dec92a323c3b6f660bbcc72bdcca0065bfbdb9f43c78064,2021-06-02,02:03,sadness,82
7e62542facbe3caeb70005c1d147576a825b99a804b6a615b022b34fa6489d90,2017-02-20,02:53,sadness,85
9b703e5856ec050c8d37c684f4f125820ddef554f6dfd2c851370732be3e6fa9,2023-11-10,03:02,anger,83
dfa706d0a3bbd8cd2f8608f9f6764df42cd743a2b04da9427296a844dc8d8421,2024-07-19,02:28,love,84
3b5714e742ac66b324da4ab381ace689d992ed7ba3e0cde64c65d555e1488905,2024-07-19,02:28,joy,86
6bf918aec7c67b9a6121327d160ccfd1ef48d5b041a72bab7a05ffbc0b9a27f0,2024-07-19,02:28,joy,86
9fce61ed63f280559de57a6f48204d526eac6014aa1d187c8c5ba9aa776109c9,2012-09-14,03:32,joy,81
006477441d7af596ab3f9086f8531e3f55597ede199dcc4720010e6d35ca46cc,2001-09-04,03:30,joy,86
639bd73da0e645db0b1e5ee43b3a80a419609e8b1f842e52af017d5ba281994f,2001-09-04,03:30,sadness,85
9ab794883d73e9a5d44aa0c0e97049baf695851a2d1dbe40e71ad40ed2710873,2014-06-05,03:33,anger,86
876d3ee3c85bdfc64f16e1555c62f022eba19b5ac67ce8e23fe5fd5bfdd50f58,2018-05-08,03:37,sadness,83
d6e350009fbe632f0a9662c103e485d55746458cc4406b75701928c7bdecdb78,2014-06-05,03:33,joy,86
15159f7984feec79bf88514ccb36a7b36da3e24d84db453c5614241678d30bbc,2014-06-05,03:33,anger,86
49a2ff918aaae8029cecac67518f1f6a3b7c827b5be066d54efd6314ed355576,2016-02-25,02:47,anger,85
5c5b7561f2a6e33c17b570d945cca2399bb6272d441ac81dc17ecd6328991c97,2020-02-14,03:57,joy,81
e82a30cfaea930cdd801adadef933e90911b44df4373a9eff29f3589504ee3e5,2023-12-08,02:39,sadness,84
ed9a3aea2751a5725ba45a0be15efeb32d92d85e05a486ee004a8590d8f7d654,2023-09-15,02:11,anger,90
36aed4f5e31458af03250bffbaeb7ef6b32e818c60c6b83fbc59aeef489b0d99,2022-10-21,03:20,joy,84
86e2556fc0e0ddb9147f70c10ac534023e2b54e6a977360c6ae715520524b98c,2017-11-10,03:28,joy,81
0876b547babafed4cc6ad44301442a707ba71dd21bebc870c044aa276295fb90,2023-10-26,02:26,anger,85
718e63c6737e2de055dd96ce7fe8d801199e1033637db4d61f9a74e42cfd13f4,2022-10-21,03:20,joy,85
a0586cb4c4410644cf65521f3874a7a67c075addc68e6ac1fae158d0abdb1a1e,2017-11-10,03:31,joy,86
07e26c7da6d1dc63e41db069b08bbd8638dec37124de14c534d912856036a4c5,2019-08-23,02:58,joy,92
042f55dc30a2d3e9f85da82adbcd7fdd837319d90155c8a9f5cd86da570313d7,1985-02-25,04:11,joy,87
55f1d8cab6b3fd862a659555c412cdd3650a3fd5f06d3e1d8e6e232792da53c6,2022-10-14,05:26,sadness,81
0a38a58f2313687502a0d508f7deb372e5023957df3b738f9b68f184d413919c,2016-02-05,03:28,joy,81
e04b72028921dd8f097002e41737f4c607d64f5267fb54aedf68cc58e3a71153,1998-09-11,04:49,sadness,86
8d523af8af0bb27ffc1091e47e127bdcb3e0bdc7e78489a0f3532f72b20a65d0,2023-11-10,01:26,surprise,88
90f7bafa18bc5f3b2f43effaed08da4914bc3cda96dd1f9c67b6759bd49347b9,2023-11-10,01:26,sadness,88
314439b9bbe5a0cf7087e7438b8043652f33bd70be46553c99adc500e9934296,2024-06-28,02:32,sadness,85
3022afbf3a52b8dd38f52021729167020d707311483e52c6f274b92a6c66cb7f,2023-11-10,01:26,sadness,88
a3da82af6afe9e2930ec86aaea5921f9e904ba391658cde39007d150f6fd8093,2023-11-10,01:26,sadness,88
9c930e1487ac16e75efdbf4c8e3945ab893bafb93acf03804a884159ed2bc2cd,2023-11-10,01:26,anger,87
a54ae052aa78b777b36fc1babb639a8dc1496e850f8788bc94da5e615c8d3282,2023-11-10,01:26,joy,88
7a4bbed41e1e15e0168632997322046d358ad400a09616c57be50d0b90a462ca,2023-11-10,01:26,anger,86
7abbe907f1f9655b66ab59216796b15a4359ca0123d5fbf87e8e5ce049310467,2023-11-10,01:26,anger,86
53da5a51e6e3ac46537d411a7eacb5363caa58b3fb090121a8d8c20cd45eb2da,2023-11-10,01:26,sadness,86
51ce4ce4e18454e7d013f09032ebec044d505d2d56b29722383da36912be16ea,2024-03-12,03:42,love,88
62ba23b23f56bd3b18257651472f22ce66e120da9c45eb7891cc44e5cf804991,2018-11-02,03:26,fear,85
c3a573ed2e6d1b66620acc24f3793b8e7f72c09f04975dd8572a0f40da58f815,2013-04-19,04:00,love,90
0097b556805fef48a62aac1b1a72e043cf1bf19d3f58ed0a30285f089d45a7b6,2008-06-17,02:57,anger,81
ba75758774129bc07dc543c034ba9653021e997c8e869b59b20b925bc5c10ec3,2020-03-20,03:35,sadness,84
7f1dbe709022112870a9c5572d214cbe6af6dc488c783792f923d6b8dd1f6eaf,2018-03-30,04:01,joy,82
0387d4ccc4b7fab45fdc749c1997548f70125f19c5e6a90abc36ca3dc36ab86a,2024-04-12,02:56,joy,86
8f4b4d39bd8338765e88865f6d5ae1aec7c9f5cb169fe1d90d0a68ab9d1dd5c5,2024-04-12,02:56,love,86
3653d3967293a7abefc288b1aa8cd8894c903e8f2903464b106c08479f32caf5,2024-04-12,02:56,joy,86
3324a2a38c356fa5cbc0097a683df1082f0e57883bccc5aaab7b82f3a34d0ba0,2024-04-12,02:56,joy,86
7b98d8601270f03b47107c2bda8a6290b83b39a1e69a2e3397838e53bc5e26bd,2024-04-12,02:56,anger,86
82937caabe9cc7d2a9d3300272c2f1c6c52946c2f9195419c8937f455ae5c05a,2024-04-12,02:56,sadness,86
977dfec861007fa7e02131957bd2c4d9f6b6abb873ebc5076e5f2038b6e0cfa5,2024-04-12,02:56,anger,86
5a09c4eb47699fb592e24dd804e2678c32bbe01d58028d741b081882f9aef78d,2024-04-12,02:56,sadness,86
e8fec9e8a71d1d87ca1c95f69004c4490e04beab19dc7bb423a303198c8ba019,2024-04-12,02:56,sadness,86
63af54d31a0f0190a1c03886bc702ab7c64c2e0647b8f20973f422f475ee13f8,2024-04-12,02:56,anger,86
6de46d1ebb7d5641e14e617b0518e238115268a89ce2dd81dd69c3175c55a58a,2021-12-10,03:46,anger,84
e6a07334cb59a5cc4757f8c77acfaaa85faada0f2480ac7ca09439e439ef0ed0,2021-12-10,03:46,anger,84
c711a87f5fb1262c5960b860688d74e4f6be505a6c46e863f354f343d2bd1169,2021-12-10,03:46,anger,84
658f1fb63bdf70dbd4c89c43f635e24388f292873c97c599fe1230fbdffddadf,2021-12-10,03:46,joy,84
7d80899ce4e1ce3653f4713646f935a8dece79ce45dcddda9bc91a4fe6a2eab5,1988-04-05,04:56,joy,81
f5f9f2fa3fcdca027da5fcf2c2d80a1d72b80395216e15aeaca6a2f22d99a007,2010-12-01,03:36,love,86
76cf8d2af7c51302f20c3ad74666ccfdf02c893ffcb92e96b85e7364ac6c5025,2018-08-03,05:12,love,83
b6ba2faf3fa18b17adea0941f3c6a29630e69358c6b1804d99710f9928679d0d,2019-10-04,02:55,love,83
41f0130f4d640097fe0635838f72895f752530ae946ae02890faaf926b2aca39,2019-10-04,02:55,joy,83
cd704d226fd26d5bc91bab55477b0cff720f940798537d11f63fb7aba4299a36,2023-07-28,03:11,anger,90
22ef350241d8a98dd9ae38b5c22b8250999dcfd64b3f0849801115aa1ac5c261,2015-05-15,03:34,surprise,84
1c0ecdf0f23334ead73f38ab7033a915037adeaf70d9b22192dbb98bb101df91,2016-06-16,03:15,love,82
3a1b3371765e9164205a38d0634ac5241469295b02a1ab001e44e36cb4af4402,2019-08-02,03:38,joy,81
5fb7599e9356258ca2d6dec81c4377b50114ae2334db3f62e9d597c9c769c038,2004-03-23,04:10,joy,88
373e25adac10f658c55f33a9ee7671161cdad818ba2719257f7c052d0669468f,2023-08-11,03:02,sadness,87
036bf4e1c6cc273200b8b106f91cf39c44c2a35c391de090b76cd48cb285f79d,1967-09-01,03:03,sadness,85
3635da0a6d529f639958dd38869ccc6644e6ebb81d1ca4401b19749f6e4a4c9e,2001-05-15,03:20,sadness,81
d1590601c2cd2e3d67377c60c7a9a9171926e0c4f4ccf204bddd4c96ad72f625,2018-03-16,02:15,sadness,82
dcb916cae36bb0f84a5c3873f629a8290fb12d5185cf07b2bf7c185b798cb4ac,2018-03-16,02:15,joy,82
f2080628bb4f96f4c107026410fb4816a2035cea832240a03040f316dee9c6a1,2017-08-25,02:00,joy,85
f2fcecf2a8091e24568ecd79b91a1a598a2d0bab6491ab0b6ebdf6293ad8a351,2018-03-16,01:50,joy,83
25527fcd081a015ed2391b419f61017e1b41493ac6e96a88d149cf9f66e22769,2018-03-16,01:50,sadness,83
973d3c6456018ec50fdbf58a2bc8aa4c90e8886c974220990db4ffd50b313440,2018-03-16,01:50,anger,83
e8f54c67e6cc440a869633c2eef52ef600ba8866574fb338fd7c7fab14760026,2017-08-25,01:59,joy,81
ae42e1e2a52618741a2187da141b2dc3e7335275cbf92b69f1bdb59bb7bc06fd,2018-03-16,02:15,anger,82
049edd0387e8fa3b057dbff61bbb5aa0a1ca2b0dc62a5af29257793ad9d9bc42,2023-12-27,04:23,joy,81
5bbb5bccb17a53ec093b4cd2ae57b04beb1877d8073ea350c154770297f9add2,2023-12-27,04:23,anger,82
c997099d0bceb91cbf314be0906ad03aeebe0255aed88f8f45a99ed999a9d017,2019-09-30,02:51,joy,85
fcd4c994161dbebc36ba0af1c57e86f3cb5a43b965c8aeca690d3289d7c25442,2017-03-17,03:21,love,84
f53ab1bb06971ded246e54859a5d49948b28c1026d0f6458071be7dac716d7f6,2017-03-17,03:21,joy,83
4e134a155aa3212902f948eaca2587b8a7fb84118e229d7f8a25ca900adbe9aa,1999-06-01,02:47,sadness,83
c9acef25a7f9c54a7b393e2cd0de93a862de47ddd2c46934c1b2fe6ab71bf61e,2024-01-12,04:30,anger,86
5451e3ffbd602e89b05524556b12af35bf138e042477a39c28fa434142083fcf,2024-01-12,04:30,anger,86
8fd254601f3455ce79c5a9843be059f01e79fb95577549cf3ff59609c5e702dc,2024-01-12,04:30,anger,86
d114fbf19c7fc65d2eddcc077059c713bf19daa4988712acc35d7ba445bd7cc4,2024-01-12,04:30,love,86
e5ed2fc8108ba969ce3925a0938435b1192dd161195f829f72d7c2b3cca8ade9,2024-01-12,04:30,joy,86
2a1778bbbc47817f381c254a473473321db241100d08cb61545e6df68771eb65,2024-01-12,04:30,anger,86
b3de216de0570f0246ce7534988f584efe60e8498b8745dc6960cf7d7e6447c9,2024-01-12,04:30,sadness,86
cec2d673dffb7ffb3d481897944404435f1816cde4bfa47e29a9a42cf59f27e3,2024-01-12,04:30,anger,86
a5ac3979fa8df5f5c5a794b2739a3b0d90965c44a3054eb465956506482b28fb,2024-01-12,04:30,joy,86
f7fa763e18ddf26e8a344a9aefccfa920ba4193de4659f3610f363ffa063b6b2,2024-01-12,04:30,sadness,86
ed15d7d96c3b6ac144df964c77a43c1d2ab5a72c2475ac7d5789b773d63c39d0,2024-01-12,04:30,joy,86
4cb26eac405260fb07d5d0ef33dfc8d16733d3ae8796083c01b380ff2df81989,2024-01-12,04:30,anger,86
6f71a6d46789e4130870063f1fd590f0de7436872dd486dc62de1aabadb1e278,2024-01-12,04:30,anger,86
76e8d116e7027d8847a0263c0eb413ec1bc4876b2456cc9e5ab059b88f4b8fa4,2018-11-20,02:38,fear,84
84916c2fc2cba1b4d7d2771a80970bb255735c85d29688efed1fe3e4838e9773,2023-08-18,03:10,anger,84
85684b39cb6a4a3297c82a8334406607f6feccd4b0f3961f50747da2b5dd60dc,2018-05-25,03:25,sadness,82
e6bdd151aa59fa8a7547206d0d6d98f3ca8eab21cef1aaf81fb471a9e8337f78,1979-07-28,04:52,sadness,81
92a81e2bf27813f1f5b39e653f2712ba5320df0a4e061af2c0084c75c163990c,2021-11-19,03:44,sadness,81
848031e85968328e86908d2ec343b17cccb665207e08156b9b45558174ec4d4e,2011-01-24,03:48,sadness,83
32c806dc9b1dc4127b1e885b075ea5ed0bfa34a00685e0966c94e576de30ed07,1973-01-05,04:27,joy,84
637b7a9a38c9bc47405d9d9edc2a99771e6ff26e2acc5de39b8b334cf047bf8c,1973-01-05,04:27,joy,84
577bb8b681f8fb399d55c11f52611c4459465d561c1f67abaef78749d365d204,1973-01-05,04:27,joy,84
590fac2c5e19927081462209974a46c60a48efa71a437a47c6fbe6d6c6ac8cde,2018-12-14,03:32,joy,81
fedfaa3343ed4c3af69cc3d53f80c2afd5f66190e8c8e06f58025845724b083f,2018-11-16,02:49,sadness,83
66a4817610121620e12520e80721e6cfa8dc51df39c4d7685710bb8a8dd98a91,2013-09-09,03:03,love,90
57e95715314e2ade71045e037a5ba6a487ef0d7538c53725ceb242f626b274f1,2019-02-08,02:58,joy,82
a5245d903bac4b05f92167878d362464dd9aef6bdb86825b99a89a76da80f9aa,2014-08-22,03:17,fear,82
f43908aee4efc3b07b4a2f22004f9fb83ad0de0293fc1f9df4de0dc9c9f13e21,2014-08-22,03:17,sadness,82
04bf59ca97c3deca55e3044a7326be9f9e40bb3890e2a49d76864ee581ad9ed8,2014-08-22,03:17,anger,82
8a02c1f2b9ec524fa84c3e2d00d742f35991e8b29a18081f0b6ff0e0aeec3f74,2014-08-22,03:17,sadness,82
8a62a70a750d1a7fa7d56f0b6f30532c09dcd6be936eb7308bad78af6a022a93,2024-03-08,02:53,joy,86
33b317d60645e78bb89b4a79cb30b5afe67e5d3c76da9f839f784d5ceff3148c,2014-08-22,03:17,joy,82
021d00fcf38525a1adf17d699f4a0067ee4e70a394241a251cc05e5b8cdc221f,2002-06-04,04:04,fear,82
90a42cb394411904b329b6563cf305e9dec81fe2b984ffa34f51738c443486bb,2002-06-04,04:04,sadness,82
841b31dfd3b5d2e01d4d6919ee0bdad23a8c49494beae69706c948395fcaf1d1,2002-06-04,04:04,anger,82
6eebe9b2cbfbe4cb7ebbbfb9c717dc9fa71701b232d4ded0eb112fad2b23d6e1,2002-06-04,04:04,sadness,82
8eda6046e7619601239d42038f4081da65eee02e7d4c60316ad2585052daea2e,2002-06-04,04:04,fear,82
517c6d8379f362be4ed681d399fa1a0967713cb5faff7a45eb4d2d92e014a520,2002-06-04,04:04,joy,82
c29ba0f37a667daf8ae10edd4107358b00e2a63d9a46c88211953e1678c7a8d5,2002-06-04,04:04,sadness,83
06e21e888f4aeb4eb3d007e4a2a7f1282af309f4769e2c7699fa2d766417f3cd,2002-06-04,04:04,joy,82
6d25165e4691af3b51eb93e61f41cf246362ae859ed87ec9977ce10348ad76be,2002-06-04,04:04,joy,82
8dc7ebe0b0578e505e6d5264265d4cfb755ec1fd50d27172fc1187334f99e978,1999-05-18,03:33,fear,84
405b27db3bc3207aa5aa75d77e6ea8e68e0c3d304cc9d8552f5acea8e52a7a5a,1999-05-18,03:33,joy,84
a42e8667cba4c147f672601889c7e6cd50a2576bb9533b9309b0cd6c377acf9e,1999-05-18,03:33,sadness,84
9e2e34d07e2649bf72016bb4c2b65443a29a9bd8e49039db81c0f0de993f4731,1999-05-18,03:33,sadness,84
e826f5259ef6508ccbf587193a72ab45bdbba2756338892b9114e828eda22f04,1999-05-18,03:33,love,84
3785d0ba70958076f242892a94c60167f54c065cc494200759d4726661f1170d,1999-05-18,03:33,sadness,84
a2661a654701d65402c3902f03c1e249cd02b6e179b3ad7f9752b6a859ea6c6e,2023-01-11,02:58,joy,82
199b752371788ee3e67adf2b9070429c13a086e3932ddfa379ff36128193d4ae,2023-01-11,02:58,joy,82
305bec00788502eb3c44352e016b60456ecf261a08a17029013018a349a42cd6,2024-01-18,03:00,joy,91
ba11fb35ef8be802f20da46d36f5f937eac7805095e25f2b24a2aa27e6dfceb4,2024-01-18,03:00,fear,91
874d9e0a6bf01292f7da69ed88616a0e6b5dad417fddcbf5b06ad8ffce509ac7,2024-01-18,03:00,joy,91
0f686ffc700419355d9f8a23f6cb68296d4951bade570dc72fdd1191dc8f172f,2024-01-18,03:00,love,91
7af0efb0de60bdf96791bd3b499a46bc61ecc7efc4291b518a71db09d8dfc0b6,2024-05-17,05:43,fear,89
5bdc1d3b13f1e8dcaa1b73fac5df5c54e7c83b30eb61eb3b03010017170f6c8f,2024-05-17,05:43,joy,89
5e8ee17875a0fcdf65adbe9516e5983676f25bc5796f368a28086d9b17b755a5,2024-05-17,05:03,sadness,92
cfe5723b191ed09d14cff44b17e49c3a2c1e7ad34c2e7626090b849446dbc01b,2024-05-17,05:43,anger,88
a3b0f9bfac28f638c24369bd265951e82ce954b602f89a4b7f3ceba2caa85cad,1983-08-08,03:17,joy,84
ae38e93ed4a8c741f9cf22fb673e2f02bb974ebd0f0b64e08be131bb29a8bc40,1977-03-13,03:34,love,83
49393998e22e2a68dd674a1e6d82c3d94fadf5064d3aae9c97feb929360a075d,1970-09-18,02:47,sadness,83
d92386b90a28f476d7b29b891a01635d4d2b9190d6cecbc0b03d91462079faa5,1970-09-18,02:47,sadness,83
b16ae3f74156127fb19732d18fb0b93363c016181a8051b8daa35a0486ff5643,1970-09-18,02:47,fear,83
ee13af085101db9c801e0f6265bbfef90589486d840295e396558cf8414095f9,1970-09-18,02:47,sadness,83
501810cab3e2e8fc450e41bd4506ba41f61b1db551f11ac46912979a743a954b,1986-08-16,03:42,sadness,84
9fd02fe17f944cb2e3e3043ad6636bf0cacec36af9705afa7680f3ff57be7fed,1986-08-16,04:09,surprise,87
a3548870c00347863d02120137102735259a45cf22e1144583d9683969c466af,1999-01-12,03:31,anger,82
8125d077c9ee482bfd86e7633db87653c580851c9548b82b9ba75c360469a3c1,2007-10-25,04:11,anger,83
d5b2b6c152eab6d97e6a8ba1b380576c6b720acf5b9d3a12695f0d7a4ce36d9b,2003-11-13,03:18,anger,86
f850e520dc15bbb08aca6b9fcd24fb70a821cd7c64b414002cb9fbecaa9e1669,1999-01-12,03:31,love,82
93bf74bf785ba054716536da1e67bfde4afc3ef078131f6e9651cb79a09dcfbf,2012-12-07,03:53,fear,91
260b12bec6b5c9690fefc663389356758d9f1708726a3c9951cbb02f036c0bb0,2016-11-17,04:21,joy,81
edf2fc23ab60c75c0b7cc164418d08f9774e314f12cb87be2e0bb1e907d704b0,2012-12-07,03:53,joy,88
67c88b9d8c516adeb708922a179f80036e24bdaaf14abc516adac343470039f2,2012-12-07,03:53,sadness,91
b9f826529ec56e51acbadb665272aa1d7cc8ecbcd70a50ea20b186e03a72e6ff,2016-11-17,03:45,anger,82
bf82fc68582cf3469258bb8f500a426751d6f4d2ec8ea175f23f296e648d83ea,2012-12-07,03:33,joy,86
881febcfdd09df3da6e7bc3315e2f6c8824b885b09809bd3a87f5a83db9b1f10,2015-10-02,03:18,sadness,83
8531321610c233b2f5813df370a90c790e2d927f6336240f32e2fdc504446a9f,2024-02-13,02:41,joy,84
ab602de4de7f1c330f8f7695e5d934288c211402d4444d5801a5a8d76f691dc2,2024-02-13,02:41,joy,83
ec3998d3872683b7f989da31aee28a3819ba93ef0106424c1f6e6753eb323a8c,2024-02-13,02:41,sadness,84
4632f94490cac1358c7a47e36cd16b77a62fcb95899f4d155cbad17e6f6363fe,2024-02-13,02:41,joy,83
0ca7af50fcb667f4e4220c9b41b57434ad4f54c062565dfbf508a3c9a99c2c60,2012-10-29,03:26,joy,85
be2eb289e44208a76c21b852fe1de0df8c272c3f6455a37be30a42f8f1bd0925,2018-04-06,03:34,sadness,85
6fd42dfb070aad55aedf3909756dfc2ad833eb08944c4f755d376dfd535e079e,2012-01-01,03:13,joy,82
2782ac806a92892f60371fd3263a5728f48608c9decd86d83ae451ad67dcecf3,2024-05-23,02:20,anger,90
0544a95961e115db7e31102ffde4fa5e309bcea4da2acd35e96d0e36055ce5ce,2023-09-21,02:25,sadness,82
b70c7e6aa04586883283e611df30d36e18c40a9f507eac6f4dec5aac8dc21d9b,2024-06-07,02:13,anger,88
bd7c5971181e4eda67907a4b246c230703b3c39dbbacd95501994c0417069bcd,2024-06-07,02:13,anger,89
1f6e2fb09a5532eb1f4c323e2f1d575b4df51982a14a223d1f2a784c75762a10,2018-05-11,03:28,love,81
694e15e71c0504549b261c1de1120dcc91e40cc6de70a6c123f3dd03714b6219,2016-12-02,05:26,joy,81
a53db7e2ac4ed51966d4ed57c06bf61197779de12116b97890312305f8a33299,2011-11-15,05:17,anger,81
20322818476950515516fe40f549f39d45e837512064339d7b2501fc2f0f0b02,2016-12-02,05:26,joy,81
a4ea80240d5f80f79470fd7ae1c7ebcb754d52fc47df313fe017422ef109979d,2016-12-02,05:26,joy,81
3f126397d340dccbf517d5e9f8e1589eb23d9f22a745691ee156dc9ae65c46c4,2016-12-02,05:26,joy,81
2c4998b4cd576745a95f73faac15929be6c63f602baea05ae07c9ea0b2f2f7d4,2011-11-15,05:17,joy,81
cbff07effc9a509017e8ab3070267dd669a1f2bd928c2da86c02593b9ed81397,2023-11-10,05:06,love,87
b7f4e6b6329e5695d3e62a2b019a390917d4d128517986b3a5f151e662475148,2019-10-04,03:04,anger,84
b7d04298b85a6e879b36c3c1bdfe80469fabfb45debc1903b85d68d57277b4ee,2019-10-04,03:04,anger,84
aa133bc33423f8d53e1622be6ac6c072eec010e31377731898272b144386b876,2019-10-04,03:04,anger,84
137e3d3eecd249fffd42d37ad6525406905d1f2814a7ec1d90741326c3ba6126,2019-10-04,03:04,anger,84
042b8f7c83b600fe3b5dde57cd916f1d5284c7b88471f624841d3b94c61ed876,2023-11-10,05:06,joy,87
f0eb105ab763fdd7a37bd8aca5262cb0aa7569c2ef7754d4af92172792e7728f,2019-10-04,03:04,sadness,84
8072f9637efeb05239b87256fda2995038d578bdbe9fefd59ebf6fbcf92a06b3,2020-11-13,03:33,love,82
fd1499dae516d5da0ba3529b0721fd9dd685d79114e0284727985c9e135266b3,2024-07-12,03:15,sadness,82
7b78f90c418dd33697ad00d41e6bb9404a3de3290a5aca8dbb1e0d0210a849d4,2014-05-19,04:27,joy,87
203f17ff35268b328b96ba75d727a1da5ff7b681ce36dda65e7d5a4ea86636be,2005-06-07,04:55,sadness,82
37382f56b837d1e8dba9bc057b7996637e536bac1e02f99e97b0df4f6817e229,2015-12-04,04:23,sadness,81
df6a0eaf37962eb9b121a36558cc5a8f1a00dd7a0e249e6ed47fa3dd8f3d1b20,2005-06-07,04:55,sadness,82
9789c35189c97d345bbad6ac21bf897f84abecfa068cb3d412e7ac22a2276bf6,2015-12-04,04:23,sadness,82
d4b3853d12b89fc3ca3e43471c455ca1929cb320c1f10ac88e7a73d481560c80,2000-07-10,04:26,love,89
c041fe7537c66cfce8afe0f04bd0204d056505dddcbb048b2022c6fa6dca4ed6,2020-03-20,03:18,sadness,84
b897b4185bb31139f579328818e695de4010bb570432fb35b6292a65fede7bf2,1970-12-07,02:40,joy,89
3b6b5f1d9156b93c001c2bbea659edf3118f84e9fb4b28c40a3d66090d7e0662,1983-10-14,04:01,joy,82
63032f2fb3ce858a5181bf195eeac3212ec52caea679cfe7540dc394bedfceac,1983-10-14,03:58,joy,84
d9ae25b080f701e8ca5bf54e05253e3efd0e76a35d752aa5398e4fbb0e88880c,1983-10-14,04:01,joy,82
03b480c44ff65cc67fa944b2ad3b75b9e8ddfff931eb3f424b56de3acb46d470,1983-10-14,03:58,joy,84
6925c7e149169d596c3b063289c06588683a67dfdb001fd9b7087ddfe2a2659a,1983-10-14,03:58,joy,84
64fd5288ebbf043bb9124386185c2d5fe7a3a9af67d0bb46c7d8c17dc1f02685,1983-10-14,04:01,joy,82
225ba0431aede58c89255454c976f59c9664d08cf24b8e092bcafa110d593cb9,1983-10-14,04:01,anger,82
d4be47592d758e958ad655daeebf2e6163df562c324f69cda47f2eef39c067b7,2017-08-25,03:29,fear,85
5c914c284094b1d90babb2de25f403bf495a10c1d446b71d8b43b2050e03fef3,1976-08-01,02:22,joy,84
d8babf9d4c262f49e7c9ca0d49c6ae8a744695b7cad52de0a4ceff4af2d76127,2013-01-01,03:30,joy,83
438d998e9d6965712a56f478653aee1d89f99ecc46b3167e138ba799a6deec4c,2013-01-01,03:30,joy,83
85c74d4c3f044debde314691dafef61286a866831de4ebf8a0637dfa4a41ea52,1978-10-07,05:48,fear,82
6f858801c9d78268eb9b2d8c9b88607843d10ff354e1f5db64b952bcc555e793,1978-10-07,05:48,joy,81
50422ffb504b0de7892c66801e288b3efb50d457a47c45e665629e8699a2403e,2021-06-25,02:52,sadness,83
df199d9482b18500e7ab62c8e2267d39b4bc5b19b51c87c6a5b6734430a0bef1,2021-06-25,02:52,joy,83
92099ac59abadcdeb54ac2359bf052461a6b4ea0710145f3879ab8bb55c20e34,2021-06-25,02:52,joy,83
a2c712ff0552fee16dcde582e7c141cd1276de5c3b0c8677bb4599645d0cf1c1,2023-08-04,03:51,joy,82
72b1a5d1eac5245686c9b968ad476edf106615c4f0314506cfcf77abbc865863,2021-06-25,03:28,anger,81
f4bd3c28f35385458d666ec960fdbc8bcd3d04cb00d17a3ff2da85f1e285a9b8,2024-05-03,07:36,joy,81
def11b39ed081a26382dae844e2e16d6db1372527ab5f4c049a7b70069dfe069,2022-06-17,03:38,anger,82
67f635298a3589beabdaf9e99a603b736accf1e15d89206efdf4bea9d2e830c3,2023-10-06,05:19,joy,91
2989b0546473b7d69716a09a0c154be6a96858c9757b16648d4df5ac2caac360,2016-05-06,02:53,love,90
8bcf52e68bbf96c49a0ce694554e95108591b28e3ac2c2422557237388260e1e,2024-02-15,03:29,sadness,81
db5fad1844a73695c0903b0093631dcd1d79dc84f0d7ce27fd1c75f3c14cef2c,2017-06-02,03:29,sadness,81
572498155772bba02b3bc1b2becb475fbf491d3ece276170f7a1562fa4b1aa18,2020-03-27,03:03,sadness,84
016473cd6ca9628c17495dbcb23ad657179a96f324095a1063a7493eb83fa852,2017-06-02,03:29,joy,81
293e24e5c2b9d221d5e3b583bc1bf8f9afe1bf4093c24c49879396eb2d9959ec,2020-03-27,03:23,fear,81
8ed866b2ad2a65f4500bef52f6d5968b8be1f3c0f4439884ac36d211c9449ce8,2017-03-03,04:23,sadness,85
c6902a91f1ac49a95a96d08833a08d5e49456b5b4e82f208845bb5bb0320f842,2017-03-03,04:23,anger,85
bbcbdf05568c02b86289e8302acebf829232bb04050791c5007bdc507b22dac8,2017-03-03,04:23,love,85
77c11c3ef725d0116e5ec42d2f3c360fcaf89ce22100e2d2f4f9119461956e68,2014-06-21,04:41,anger,81
4f940f63b0ef4669d8ed6690768c0ad000d39d948a628a4f23c577fade69be84,2021-10-25,03:27,sadness,82
008bddf210b886e2785da874d37bbd18700d6848ad58f01682efe5654a1849e6,2017-03-03,04:23,anger,85
92731655548af38a06ef3dd15e3be084ae4b48de28fd3c02386ec413be4d009d,2024-05-31,03:47,anger,94
01269de02377f225e43931d1732abe28a6b4e2798545a421f589f143b2fd3905,2024-07-12,01:38,anger,84
a1f31bf7d20554ddfd327987d00924d6cf4d78fe0198fba80875243f8d165ca0,2024-07-12,03:26,sadness,82
0bb5e0fad0854dcc611dc5bbde7db09e6c3b06996483d621e17ce79bd0d1ee07,2000-05-23,04:44,sadness,85
58f42e70329b6822e434633db0c535f9cabc2562c01ea51749303c369de9111f,2002-05-26,04:50,sadness,88
1069150774b0efcdca8b5f2dcffa832eb013a618184469da5f10e50f7b66f0f0,1983-01-04,03:36,fear,85
104ca59f199ef52bbc57347f77373b28edbe8395a961bb4c938ad39c4f1543bb,2003-03-04,03:55,joy,86
5249ca7dbe994d6abc03c66fd679f3f00de2a55d5dfeb3bc2903f6e0a7318fa8,1977-02-04,03:43,joy,81
e263890b413438064a6faf0aca5fb05c0123f622f7dc71bb0ebf42ee2aa8e917,1997-05-20,04:10,anger,84
11a2c92b9efb8b2ac7fdddb74ea59b15175794378f0f23792dcc02754e2cf2a0,2011-05-23,03:59,sadness,86
a66370de0fafab9c595e31b0448e11bf9ea1dbd05da502c9ab164c4e40a32c38,2011-05-23,03:59,love,86
3581ab97734b0f84b2ad640dd84f1cac8cf992d1323785db24a59243899b4745,2012-07-10,03:20,sadness,84
a3f58a4a0f01666178182b468f939396f01ceca5b54c6ceb8697fb750882c1fc,2016-08-20,03:04,joy,87
d99c7f0f03e0c4d465a429edb9d7b133c01fb0ee2ce3934cdb7cd9f22a53dd4e,2012-07-10,03:54,anger,83
65b9329f917d25afc5ec018abc77b24df5fec631466b8eb08da9f25b49df82a6,2012-07-10,03:54,sadness,83
5b8e89323d53a0f88bb7315617e5dc99193f29a42c122c0398322d99c6a802f1,2016-08-20,03:04,anger,88
41d135961e2914d1b27a7c5c2135d44df362e8470d5f93e78285d182ce4cb5e0,2012-07-10,03:20,joy,84
1ca0e73768e86cb347bc51d716d568eec81c87337e2034126b8269e40bf791e1,2012-07-10,03:54,joy,83
4d1a1286e1dcf0d8c198cc511f0296b77a03bd8f0870663dc6605f7856b7075f,2012-07-10,03:20,sadness,83
a0b62bff9bb1e759d9edb72f7bbbedb02cc9184cc0d99ce91996c78ee398a02c,2016-08-20,03:04,joy,87
6c8a98ae6f07d3e1c8ff3bf928f235794283553f02676d100f83ad027c3742b6,2012-07-10,03:54,sadness,83
52ab06de76b4b2680bfdffb4118ac43bbd91f3cde4c067172298e71b89c8c029,2012-07-10,03:54,joy,82
33d7e9bae45ed499f576c6cdb59762b008a214c3c8087cca92dfaca992ceb2a9,2012-07-10,03:54,anger,83
22c2889cc820f66c015f1e40c657934c8f539d7cbef9e1494b9f36a1f2d4284b,2016-08-20,03:04,joy,87
ebe4edeaa778a0ec04252f46b3ed3f565d4bfeba3b3ff731c535d92b22e7348d,2016-08-20,03:04,sadness,87
58f08dc941dd385d491cbf631973d0e764f863fdc2cfd19c2b9c0cc3109a0331,2024-03-17,04:57,anger,81
c0bb00c4a3fa15456b2d94b168a58f2ee9f46a6f76d9f730fa6367f8058ce018,2024-03-17,04:57,anger,81
da6324be99b25936fbc1821df68f6f83749c83796e0faf60da7d55e96d2307dc,1998-11-09,05:00,sadness,83
fb146465d4c193f24dd62813806de960c9487379071914f206f6eb05b89f50b4,2020-08-07,03:58,anger,87
3a0b068a45359f818225063d220a0b3c5437a3411732b36005191681ffca0289,2005-05-23,03:42,sadness,85
5bb41cd33121be9cac8aa0a079b15ec7e4e99162cc84c2659c1ae0056557b7b0,2024-06-21,04:02,fear,84
9cb2421fa7233d5d8696e3c5c079752eb19025d89d4a8b713f5ae88fb842aa37,2004-09-21,02:56,anger,82
e4e53768472ac1832de41dc3f3e98fc1087db89ba8b760e8d8f23a448eff2cd4,1997-10-14,02:33,joy,81
fd84bb8653ad0f522ba3f176b86f9cb49c857dc3f07e475b4c99f8796ae424b0,1994-02-01,03:01,sadness,84
7546bdc48f482ac375e83d09bdf2a447338aef21b337970a7413347e95571cc1,2023-06-16,02:05,anger,87
1858f488fe8636564495e4b4ca2725bcb924d5046a3ec04d9f34b96ed16603cd,2023-06-16,02:05,anger,86
56ca81c4ed997572fc001293448e724b3514c6026da29a78f069f3412eecfa36,2023-06-16,02:05,joy,86
9626ef1597123055fad81bb2ee9df7d43782c6dda7d862aabc95978416928cc4,2023-06-16,02:05,anger,87
626b71ef168091373e6f063110c39380806ecd0128bff21f7f84b379ba95fe3c,2024-05-10,02:24,sadness,85
2dd62a0a120a6383a24d87ec98641249284acef7a6a8743e559289c5a27a23e5,2024-05-10,02:24,anger,85
f8b1b27e580b25a4d66f306d41546053d2f748f4904b106bab6531e32a600ee0,1987-07-21,05:56,sadness,88
e4babd0221144d6cf13fbff901e1dcd66c93755a6098feaad9356d013058cd07,1987-07-21,05:56,sadness,85
7c7ff8a77229e6e44fecf4d94cd546d319e34e82d7ba8089ab4b1e959cacb249,1987-07-21,06:45,anger,82
395c2631568b2afeb3f3b7a433bd35271d0cab2cfc14ef0f3b03ea47ddb7e7c0,1987-07-21,05:56,anger,85
45f26677d4df5d6d94b15f065550a3c6d7da9e30fb7be646ffa9eb9dee121f52,2017-05-12,05:40,joy,81
fa004e1f4995b255af141ae75d94041df3146d2dc1ce7cdd6c1741d16c797f68,2022-05-20,02:47,joy,92
aee16fc7745c5ceba02939e6f1c9bb328fe718af3a5043f947b2737dbe6b3275,2017-05-12,05:40,joy,81
645c13fbe6e728a50556b98107ef0f6ec03ac45fde91eba5bb45ee914b992103,2014-09-19,04:01,sadness,83
f11121d795c98b00e641bc4a745a038e775ef8673d0884bd81e815f90cea154b,2022-07-01,02:45,sadness,82
396e28a5e129d57b097d9ec9d309e583917e9845b124e9dc131530c13fc7597e,2022-07-01,02:45,joy,83
82316f379bcd42b5b1bc7a08717a0be5c0ade47b4a7b3c854e96d411bc7f9b4b,2022-07-01,02:45,sadness,83
089726d880816c2d225bc5d7b42c39c08bdd97497e49c98a5c867895ff7cf673,2022-07-01,02:45,anger,82
634c73861c2ffaebbaf8cfb5ae74ac47a9323402f2f1ed4663456d43dedf20cc,2012-09-04,02:57,joy,84
440936dc19754b675e5245495c19321d682595faa32f2cd307d6d65399a1b5eb,2012-09-04,02:57,sadness,84
b512bd0034d5dbe915429e554b12d9392bd6cf64e5c2f70433cdc67996e783c7,2022-07-01,02:45,sadness,83
463c345770a2d2395de0dde8b65423f15addbb3ba9c6feb2d02416cba434003e,2022-07-01,02:45,sadness,82
c3d95d93057b1c80af6d429bcc8e3a67bda0ca02242161955a33dbf8535bf261,2022-07-01,02:45,sadness,82
40aedc5ead9bc1448ba53f0ac9a8eb4a774d5f59b0fcf2c349cfdfd476083a6e,2022-07-01,02:45,sadness,83
0227240e2624445cc0a538078cc6a10250a6c7b3ce8c3c8a2a336f017a3ee2a9,2017-06-23,03:21,joy,82
1fd54bdc531799c0382c21376f0f9d4754256b463c5b625be26959df6e2f3df4,2012-09-04,02:57,joy,84
2b758ddf74ff540f10ebd23bd4be630d81c855c89173940281398c0c313b37ec,2022-10-28,02:25,fear,82
000b88d6367c7eea98ca9c8c42a224bd13df784080b1d0d8d5cd7022bebf01e8,2011-09-27,03:55,anger,81
a965cea607bdeb5fe419b28d112a8e183eff721b6e185dcba57bfa366a2e72f7,2014-12-09,04:52,joy,85
f31b505e92129ed289db8469446c885e5a445583307a094545566bfec8cd1100,2014-12-09,04:52,anger,85
1e217ff7ea4a85a9280ebdd39dc7c34411d8e74b81ba4a364e4cc87a4c4ca6a4,2014-12-09,04:52,joy,86
c44e3f9dd003b167a59c9af2c2a46d22d47350fce56a7c08e7566a655e6219c4,2011-09-27,03:55,joy,81
f520b46db80ed3b7be87a2bca18c955acc926e722fcd4563206b1650327d2f71,2022-10-28,04:42,joy,85
b216abf7ba6830c265b77e7d84e88e3b05ad206e5b7c202dd0f2793fe5327ca7,2022-10-28,04:42,joy,84
5610ffd883812d3e06f643f63bbdef999241e8860abf2935b3cf506058bba65f,2022-10-28,04:42,fear,85
55279425a295ac108a5ac2af51f21b721b5223a13d95cdc38673d5978aafbe3a,2023-11-10,02:18,joy,85
3165fdcfde1901840d0ef56b3c78c10c9d69db9ab5b468d2a2d6d73624dca53e,2008-05-01,04:02,joy,84
1fb853e8573ab15d1cd90d7af4ca60d8238ab81e99708f12fe7446691ddb5e05,2008-05-01,04:02,joy,84
3beef01c0427b913273b7994ccaeb190c2136f16f683cd3f0b775fd4ce6333af,2001-07-17,02:45,joy,83
c9fb7e6f31c6325b1fc60f4a7d27d113c8482cc80fc1e255b0119e77f9f054ab,2013-08-30,04:29,anger,83
4309f0e6eef0ea6a1cf976a429583f7042bca4b66b08a9d3e15c86ee55a9ad0d,2013-08-30,04:29,joy,87
3c4b4a2d7e3513a09aec1fba9e9c521fda65cbc8237eda0533b1578dd7771111,2018-12-10,02:45,sadness,82
60a6d8e9916c918c87611c7bf6e940b708730ecd92232bcf3ddacf36cfe88257,2018-12-10,03:59,anger,83
f8e604cbc9c953257a2eadcb6198dc4df635cc9f04d42918424efd332823c01c,2018-12-10,02:45,anger,82
4ca810d90236f96051c3b1eb389a397249874bb829f0ba6b1af5621d38fef59d,2018-12-10,02:45,fear,82
ddf0e0f881d3da232bd2ee9173332252c5ffaf77b94b437a00cf0b7b23f25d45,2018-12-10,03:59,anger,82
43b3a7a45d5a3357bc80119840ff99e1c3f23bf0bb84ac64ec3c95a50419d54f,2018-12-10,03:59,sadness,82
06d76ff01a0d4fc71b7d7a0904b64a7b2811a34d096e5077be54e93a28ce5bea,2018-12-10,03:59,joy,82
2e88e4200df51fca0380824e41b1008822330e41f67834c00fe946368403a1a0,2018-12-10,03:59,sadness,83
e6aaf3b7d05e522a9bf0dbe9bb1d87d4e875a161701bb3302b030c0cb74d2705,2018-12-10,03:59,sadness,82
a16ee90f370be12062d3ff26a8f4357487b450fadfc774725b9fbb3bb4cc9fb0,2018-12-10,03:59,sadness,82
6fc5c4302b7403e17ddf631a126d17cad729e63e04e2d343cf9704c4ce8fb5c5,2023-11-03,03:03,joy,86
f45b13b74a3fb0101ccf6bfbbb02e1674e5c22353e6e6b1e70ec76dffaaa43a8,2015-11-13,03:53,anger,83
7e3b8b7c487ac1d17cfd5ab529dacd955cf8df1cf9aa548fe97951a9d088bff3,2015-11-13,03:53,sadness,82
1f5790fecebec756896165373fd089de0b7a4a91c3a0d1f6a16519e3662b4909,2015-11-13,03:25,sadness,82
dd9d34d7dbf9ad8e0f5bef6d6b765282fa9796be002842f517edd47297729da5,2016-06-10,02:15,joy,83
3681a2a638061b1bef320693f2f32ede6ec2be8474e31e412e02fc9252bd1f8a,2008-11-24,03:31,anger,84
b626ab411056175a030bfc8b91127d4f396f9910f11c885da84af864bc214b60,2013-01-01,03:43,anger,81
8aa6c6d818feb0adf87171890f438e7f2c30c6b21e78a5de70061b71243ce9be,2017-04-14,02:57,anger,85
d2d09474207e4bf191f75d73da99eec06bfcda263c97ac995b052b9d196b1571,2017-04-14,02:57,joy,85
a3423a6b8af510afcd8a22c00d5a439b5de99aac2a64fdc74b3478e462f02624,2024-05-04,04:34,sadness,97
6b6a42ed33d5448420720b79fd790e70844566890af70333789e02ad5cad0b21,2017-04-14,02:57,joy,85
8630d8d3cc8e56ae073cb717cd89a8f4d07c92b7bb8f25247380e38add239c69,2017-04-14,02:57,joy,85
d8e8339f6e71af11d7170caa02b349850fcba1b3e607fc178c3488cc5a1adad7,2024-05-04,04:34,joy,97
bd8c002a1db5bddec570a218e949175df30ca08e6b8ddfae41c3dd087c740605,2024-05-03,06:32,anger,81
e36e3741a6d0750e1f0b0bdc5d8ca29f3fa3a6cd1588d8dd212372cd4188e38a,2024-05-04,04:34,joy,97
6d867906cddc126252c970836cb62736463b063d2cc60d00cade7b611a2d424c,2017-04-14,04:35,anger,84
55ea429c7b7f01f2dcda10e1e18e5bd71fa92be4fbffa6bb0e30e2ca13016571,2017-04-14,04:35,sadness,84
0534f720963f00955db64674812c68ce3ae07506474e1148d979a9402f8564f2,2024-05-04,04:34,anger,97
cb2ce07b719a8571ce52e6680d8f5bda2bb4e4eb39505f5ca905ac07b20aa3cd,2024-05-04,04:34,anger,97
e0d865b9aef55813f3276d3d5a5aa724f51558d7913aa1b10c2b4f4bff132c1a,2010-01-01,03:19,sadness,84
4607b00f0a1fd181b21667dd4b6474e6b7eb323a01840b0e1a3ab75f08a7ebe1,2010-01-01,03:19,sadness,84
f4b6a06a6ffc23e74e1f0d88bc82ebdb90cb384b32447e0f29eb61f7f2548cec,2024-06-27,02:18,love,91
f09b918439b1eaad885bfc3f2d44d074781a30e453673b2b8a5af67f12d7fa51,2018-10-05,03:30,joy,81
a3494faa0688778eac86a71050f37fcfda2f1319786575c139277dc0fc5091f2,2018-10-05,03:35,fear,86
40586447de295063979c0bec1c57e7cecf7707ccb8a4b50be61f8dc409fa7fe6,2019-08-30,05:00,anger,82
30ca5a4d58fd6f21fd02f858ae9d32e50527ce0cbb87c88679f39886043ae0a4,2014-01-01,04:16,joy,83
7ad1b1adf3255c5478716f9eafdbf16efd8e6eaafdf224b3979e8cc0520fb7d2,2023-05-19,03:29,sadness,84
a79cff2d4643f76c2db7465e89b66c989f99e9b678050fc94a868066a3e5f995,2014-01-01,04:16,love,83
012a12c2ca79912b66eb7d792dc3d66b76d6dd369998683eee1999d2c30c8dd6,2014-01-01,04:16,joy,83
70103d1f85fe995e5367307fbdc6ab9c680d151b3bbf8fb05e16e9ba6c11a168,2019-05-17,03:02,sadness,87
7139039fb95f8ce8be471b3ffad24898a4e658f331f2b735b64514b1faa61524,2015-08-17,02:22,sadness,82
4b39ce323f96c6f1098ea832966779620ba9b37b813b9c44ff41a1e5f9a7d1a1,2015-08-17,02:22,sadness,82
d684570da5e794d232f216d932d03656da2f76b1f24ecce1f7770294295dea94,2019-08-30,02:11,joy,82
297623b23d9e49208ab72458b9143bcc896d383fe56e723206b45e370634092a,2019-08-30,02:11,joy,82
62d14c118e733bfeb59d1feedb7276105a9870fd6e2b45eb568aea6693466b2c,2017-11-17,03:40,anger,81
8801e1ba78d0ee898dc9aa51a261a3fe2aaf57a14239c795083e9e286d4ade23,2017-11-17,03:40,anger,82
65c155f9bfe51e2f3cd6a91210d05c0ad6509d3780980aecb9f8ce3c4a9163a9,2017-08-25,03:02,sadness,82
1f51d8f19cd45036940d09ec69d12d30bc58d97568f60f3fee7a10749cc53f4d,2017-08-25,03:02,joy,82
9495cbe610a65df0fd09ff004bbcb7b11dd149a94ecfe342fb45ddefb177ccb2,2017-08-25,03:02,joy,82
bfb4f3d6621385126c74176c29f375c2be4f2d242b3a3f09e74b99db57d148f5,2017-11-17,03:40,anger,82
5fe36a5500258eb023d9b957d637bd46b5b35adc21d2edf3cfa16f0e03e08a81,2017-08-25,03:02,anger,82
f91138f1f4ef8ab286b1415f867c7a5c6cc0370b6ab3da3324ec58e24ae98f0d,2017-08-25,03:02,anger,82
230b52aa8928092a29aeb56c5445d54616980e8e0648d8f780443802ac494cfd,2017-11-17,03:40,anger,82
4c3cd3abb5dbb072816b19a53b77ead7f5fec2e65b0b9eebe38d808198790e7b,2017-08-25,03:02,anger,82
a047dcb3a3618c8c285535a0694d785dd7ec9b408676856e1d721c1b41be66a0,2017-08-25,03:02,joy,82
24ef75263dc8bff4ce4bac1efd243874ce5e509c467536882016d7c6aeb5f9d5,2017-08-25,03:02,anger,82
0ca979723749d5c5d322cb1ae2a8a560495d288f7fb4ef3f18d739de09062b24,2017-08-25,03:02,joy,82
e410e8f51f585e022f340404b65e69d47e3587c07f771243bcc47144e6527d1a,2017-08-25,03:02,joy,82
145c3e37582074d831a0e35f4a97839c6a5149545c90e40483a1b24074ede684,2017-08-25,03:02,anger,82
1a7071dc0f2c886ea9b28e9c781f650b5e165d8fd22ef22e65a0b3e373c66809,2017-08-25,03:02,surprise,82
ff0ce81361bed18d1c1d8d9da5db582944e4927879a580c7ce98ba26574d2e14,1999-08-08,02:46,joy,81
e13a55d7706a54a9a5eaa351464cd839c93f0e5339774a8f0f682ec0f6a00ae5,2003-09-16,03:07,sadness,84
ad12a3de6657c17fdc2a54883d7bb56147f769e2c7000aacb4f49659322cfb46,2015-04-06,03:28,fear,89
a188531c78a596cc94646c50cf0901e2fe644a37f313a96b326d05e0f968bebb,2015-04-06,03:28,fear,89
ab813ab9aef95dcaa0b1a759c97bb1636a7cff417b140280440ce8c6480b85ea,2016-04-01,03:57,anger,83
f76430b59fa9ad1bf834acf82e439fc5ea176c487701b2b12bcd3fd7c4a555d5,2016-04-01,03:57,joy,82
33c7bd43d9a3c63f9af0f12805afc2b4ed92b258ea7e54abde06da7165204e1d,2016-04-01,03:57,anger,82
2d7eda53f19ed0cb7cdcdb7cb84c9be17dc4e2cc37db5b00be254dc62bfb9a33,2016-04-01,03:57,anger,82
a3054ad395921ca036cd1462fd39c9955c5250905996d2339d07598fed96a42e,2016-04-01,03:57,anger,82
a81ceb04892cf1ba849cf618cc2242a31fc297bc503a06ef6cf100a23648fa65,2016-04-01,03:57,sadness,82
420723753392f14fe597045a52b8cb4a4b11581d80809ba0a3633b9886f66842,2016-04-01,03:57,anger,83
515722cded0127c1b2cdc7b0dcb9e2695a880dd939e2955c4ca43abe22254883,2016-04-01,03:57,fear,82
3c073c633ccc0f0f3f8cf048b1d1787565ae711b7df4c01c659cc025b511b341,2016-04-01,03:57,joy,82
dbb1870534a51efccc31c5c409281ba1aaa91984609c3c4c0a5a37157139b5aa,2016-04-01,03:57,anger,82
d5107fd70e04c91e06db167c9934f273fd9bab9825c807da65dc9485d278b604,2016-04-01,03:57,anger,82
4bf2c1eb5f9bb8117bb9485bba4dc5ea547098a066ed6c727b994210e63f5e37,2016-04-01,03:57,anger,82
420b44075dc32a8367c9259c806a4547035bf93e265accbeee26fc0d3e898628,2016-04-01,03:57,joy,82
bc2ddda615af91b6ed1adb73f0f6e0424009f38462d16e6ec3fab9b3e1696cb7,2016-04-01,03:57,joy,82
fd33da56965fb53c9b78c82b9110f0f5ce4cf33512c29fdb928122de18967624,2024-02-09,03:41,sadness,81
a8687ec2a41243ba568c2f2d9157c544a6201f0fd6887946808edc2736275666,2024-02-09,03:41,joy,81
d804546c4aed1f530ea0a171a8b3e44c3a07b675c8dc14d0d53fb9975759b045,2024-02-09,03:41,joy,81
905367ad4fcd748de35c03c11c40fa0dc6f814b93b8187b50cb9898aed0a1eb7,2014-09-02,03:09,joy,87
afee2f7d020c5923813e41f713f30ce1870a71372483215f66cd071ab1d287c4,2012-01-01,03:51,sadness,85
b8bdb161112e2d136fb467e1bf25facaf203ab8187a90f0763bd0eacc7aa1488,1993-10-05,04:55,joy,81
4aa91f5d0c071ff910b8d46758a32b9eae0846a9e84266b9214ab62ab7be02e6,1991-08-12,05:31,joy,82
3600bfb5f83b3ce9aaee671e69a82005ba6b3241bf3dff172ff41333ad0e77e9,2013-10-04,03:51,sadness,81
0141ce624967d2f3faec3985d8f33540dff44baeef85d995903ba7e99765a8b8,2013-10-04,03:51,joy,81
99b7b1d879251615dd1a251eca4c5343301310d17e4c6e6a6fbae4b5ea6eddb1,2023-08-18,03:20,joy,94
5d0c96d2af03dc066266716842f8621064ca8cc7a49babf021b12bc5a80d93be,2023-08-18,03:20,sadness,94
b6701dc8b355abeb42431e157490ad3a4d22b24eb9176d0f9844015084aceecf,2023-08-18,03:20,sadness,89
b890d8ffc621da21b6fd83e3dd156d836761745abd4570ec597d966d12371838,2023-08-18,03:11,joy,82
5b987185811b46ab1e5857677a70f62f44eb73914fd88a13dec69ea736a1fa48,2023-08-18,03:20,joy,94
251bc76cd04b648190237d3149164f06cbbca1dffd8fe86e64af98b865db5856,1985-03-13,03:46,sadness,82
c726c2ed6246f3c3faf826f010e78183efa4b36c27b7ac245b080cb480a1ef4e,2023-03-03,03:01,joy,86
ae7e07a136c2af8f69fcfac44ff67a25d44c5dbdae9cffb52fa75ce65cbf76fa,2024-06-14,02:42,anger,81
5abbdffb023e304f47fdafc0dbbe1728c1f906bc14a5e82e381ba31dff90dab8,2024-06-14,02:42,sadness,81
a728d4a6d412b8cdd61d30d95a175adba526dbd1518c4833086600a78c723988,2024-06-14,02:42,joy,81
24fe78ef6dcc3e0c1e99e5b0fbb1378b3bb719c7f06ace07c75bc59e31b783fd,2001-09-11,03:43,joy,85
c3f3112fd0302af9c901c320f62f6e529a5e973ec6975fea275bb9896d309f76,2023-12-08,02:52,joy,86
311c393a3c1ec7b7bba3ee9be418e9020c7c6a9cc21803e00e2a366ce050c86d,2023-12-08,02:52,anger,86
e107ff8700595d03317ee3218f39ba23da39ce2a95714c6a2716c9c666544930,2023-12-08,03:00,joy,83
7ca0cf6a7177af0d621560f878d4623fa1030ab3bf95b0d7d52f5ea179a4493d,1991-09-26,05:01,sadness,82
7872c6afea7207dbb2ec1fa8ad8d7d91fa25e0e1999ddc7a5874688debf2bb39,2021-05-21,03:35,joy,84
5ffd81b034bad711169404f180885b6ddf6010050b8069bac4e8429c6b291f1b,2024-03-22,02:50,joy,83
270229d7beaaac7c63f474f3fbea223c30228d0fd39ec6b6d9a701221f1b05be,2023-09-08,03:39,joy,85
26abc6dc95d7e18f251c0ad78bd064fb0a400b49ca768e044f0dd09191e2a65e,2012-05-25,03:19,sadness,86
20a497eb34c6702c2f0f3883740ab4c263834a0773bb6cffa1aa3e2955e2a5d3,2013-11-25,04:05,anger,83
06d7b24e2536833a7c8761abb636330226a58587c971a7778082ca97b9fdb788,2012-05-25,03:19,sadness,84
7c5d525dd9ff1185332986117ecd0a6438372a0f61610021b1db638ebf27416e,1968-03-13,02:43,sadness,82
e21b17c34ff625b5257b4e989e085cf42bcb450fc4df709b6997b007ae9ebda9,1968-08-05,02:43,sadness,84
87e45060d597fe53940ccaf11a8582e4292f2ba0ac677439112fc18a7411292d,2024-07-16,03:55,joy,83
b867ea664702c4868831cc23312d2e0db7f55c1be132ac10f2f069488ce95d73,2024-03-12,03:55,love,84
4c39ff9232368fde292c7f332cdae6e8ba7e1bc9c0c0ad490e417a475758dd3c,2013-07-01,01:39,joy,81
9510d05689640357126016f34899f1b869b722792a00ea5afdf65eb7a16cde7f,2013-07-01,01:39,anger,81
f1f0110b4b107e3f97fed3716253a03e896fcb7c0beea4f316331a9b0fe4ed1f,2018-06-22,03:10,love,81
d0eb0054e4db8e81df68ad61ebea5a76908f6ee135b244ac1ab0bf27b3c485d7,2010-09-10,02:40,sadness,83
6536e173d3992ddfa8476db390498441e5935a8da8da0a88c27d7ebb3828cda8,2024-06-14,03:10,joy,81
a6bafe126c1c8ca1176f80b308a5bfe80de07a1f57da2dcfac7ccf60746dc036,2019-09-06,03:35,joy,85
bbf4008527a486c1fc7e19d1fe1aeff0f466b3187126292c8f5e708a5ea2f86d,2019-09-06,03:35,joy,85
224c26e1d1589f43a83e5bfcf8668af349e27ede7af346e990540d5ee7922844,1980-06-27,03:34,joy,84
1bc42649e48078095eb78c02a2baaf5358bf770097551d28a7e3587662b9b9ce,2024-05-24,03:53,joy,82
356375c60be2ebe32bbcbe3e85782c1a1a688f792a7a9432cbc43b76a64dd058,1993-02-22,03:58,joy,85
94a473e6fab3ee62d1e2f98256fecc82424a3af6d78c4f50818216b242122517,1997-05-28,03:49,fear,81
4a9f0bc0dad177e8298c6fb09a2aea0441910d3fe7ea247feab98dca8013ec6c,1997-05-28,03:49,anger,84
02de8d0cdbef2ab5a50abe2548a463e425c618151eda3e2042c290cacce292fc,1992-03-13,05:13,joy,82
465f31bd47fbccc1e18adf633bf2b58519e7d2ce00fe7ddb33c368a00cd763e7,1992-03-13,05:13,anger,82
8ecb07bb8b1f2231f79dff51f4f39ea7b619e22f032d0596993db6ffae1c7bfd,2002-07-09,04:29,joy,85
f1877db3c3b29aa2c9043f2bf2a0e2826d0421b86f34b5e5d10d62b9b313ce30,1991-09-24,04:24,sadness,84
8df108aaa5b174e358c3cf0cbb5b87a38c5b5b62d9dfcbe52e841618b41dadcf,2019-07-26,02:37,sadness,82
887c8f6841c2d681610d159fc4c4c6b49238212fe7eafa295fa068d771260027,2019-07-26,02:37,joy,81
b86587153276ecae4fa8803875c667c6d6e6c0cb2eb2d06df0c455c5cb5ab194,2016-01-28,03:11,joy,85
66276ccd6fb81de845404da452dfcc7ed1109d8aed2de7316eb90e42f3cedd85,2008-06-02,04:27,love,83
7eaa4b01644e1690b288987dd2c7910f700db2078efe62183993a084f35624a1,2016-01-28,03:11,sadness,81
4d3514eef6cf56880067bbd7f6aaa64d52aad2c6948af85c6cd420ffa0f9a437,2019-12-06,03:16,anger,83
24f373013ad236a2c05185f238eac0e93ea4cf742cf07b4a7d560cc9ff86f8b4,2019-12-06,03:16,anger,84
1aaade9b120062314fa0ab9153efa59d0bd69aed45528cac474b26fb627f1a3a,2022-12-09,03:00,sadness,86
1e0c8a529b8cfc18f0e15a21b281b865de7b99f396b83b27851556d6383c855b,2022-12-09,03:00,joy,87
c30f34acea0cbaa29340e8a0819b1238fe9e624dcb256bdb31cbea1680092dbb,2022-12-08,02:33,anger,87
d7d971d1bb48022dc060f2735c5f33b2e22d1646eb184500d877c6be715b35dc,2022-12-08,02:33,anger,87
cdae63798856b0cebdc49505e05b586c8dc18d07544a2a8d73bfa4a86741eec1,2024-04-12,02:55,joy,99
cd89dceca990b71070f3809396d6904a989329121ed381e388418213c4af5062,2022-07-15,02:43,sadness,89
ae80ebc2576cba0bcf8134339f4e43c9d09be93251582c07f2e1f2ea84898856,2024-06-06,03:06,joy,98
d408773e85add9f2659e753ae04bc7f4c23296ae86ac138dcb7f0ff6a23c619b,2014-05-26,03:59,sadness,82
4790ca9f60f88b92f564f33e3dd315f4f528cf1338ff62e1b2cb6907b267870a,2017-11-03,03:21,sadness,82
2d4da6ae795b350dcc5e7bbf826352d3dc8953ee8af40776b96bb2c8b4b374c2,2010-03-23,03:21,joy,82
0132de6f8ba713cb0541224cd4426fed144e03f1efaf51eddb2a6d3f719cc98f,2017-04-20,03:19,joy,85
8ce98e6cbfb2ed86b7e658dab732e8b7acbee07a948e4daae6512a20cc9c385b,1997-11-22,03:28,joy,82
cd91631b1cb18ff63da60509833cdf021bd81594d7ac8edc025f6fcca2126089,2006-01-01,04:27,joy,81
2912805be032b4c3668f4e67959a65571fe7e34130346636ac8e838399cecd67,2006-01-01,04:27,joy,81
11d59dc0f507b966d15ec1345f3e03bf94f3d9204f320d714487f99d66da6ed2,2006-01-01,04:27,sadness,81
ba6c615e336f087b7bd78f6e1014fcfb39fc0aa327f6a3b90a991c6589298545,2017-02-20,02:53,surprise,85
c001abd2b45f1e3dedb5f85f4e9e2f14a7e462f48dab638971fb964dd3ecc771,2015-02-15,02:09,sadness,81
dea9173769e41aee6f9a0b03ecf82ad14a4c32a7b71ab0ab35bbb057b80b4e37,2024-07-19,02:28,sadness,86
0ca0de44770f50ee0189312bf210e1848611db3fc665aa463d71439f31d1302f,2021-05-15,02:27,anger,83
8adb82012282600dbd3c4a162f494245653b65e4c861f2b059e046f0d66947af,2001-09-04,03:30,anger,85
c4ba8112392423252ac800003e707d74b6e821d5a82453ea7b6b9bdeea6837bf,2001-09-04,03:30,joy,86
967540f785f11c29170d5ea3cf6397bd7a1c17a3d951f24127897bbb76b5d1e7,2001-09-04,03:30,joy,84
4c0ae7f4920f6e5206eda14f269b6ff9cb72978bb1ef2a1dda3c18c45b6b0d8c,1982-04-08,04:55,fear,86
afec9aef300aaafec003dc5e2790fb529f6a659f3ab88185ca8ec35af12f6d62,1982-04-08,04:55,anger,86
dad3c9834e5d31fcf5ef52eb8d860417ca441d4eff0d0820a7a22841bdd55844,1978-10-10,03:55,love,84
9780a06e0312a5ab1c358c239710fde381c012e5c5b07e4ff7006c4585ffe366,1978-10-10,03:55,joy,85
7d77189927ecfb61a5d31d4356e25ab754871b2083cc46ae0118c9c5d12c1b23,2014-06-05,03:33,joy,86
120d986129bbfecd05c429dbddc6c6d478e726e115be5f915adc659db2d8a002,2015-07-17,03:36,anger,85
dfed79d2f7c9cc55aa3d09558cc218908db4919c7e2c9297e44cccb4ee33bedf,2023-12-08,02:39,anger,84
43c7d8031055e4f05d2bb47249108880b9482b01b9cfc433835e6a9aa5b8e0a5,2017-11-10,03:56,joy,84
9cc94fd80342008e85995518881434b12c2874b1e1f594becccebc14f174d5a5,2017-11-10,03:28,joy,82
1c2e2993a763555e5694e6fcda3330c5c9499d8a6ad2814029ba851cfe9fb97b,2019-08-23,03:10,joy,81
5e384a868da76a84fa37588bc94ee195f3a7b39ca87030cf8b8bbe22b13985bf,2023-09-15,03:30,sadness,91
d4531a82570397d94028522bde4f40e3717fb9c11a61d9d6aad53f59824a62c1,2022-10-14,05:26,fear,81
54e1cdf733f6350b3f9481adfb01a806c0b03251dc7f0edc8b7ebe2fcc645c12,2016-07-29,04:04,joy,85
647e388a01df3891023e63e26be0ef6440ef573c67b4148b6eecdd9f2d632f10,1972-07-30,03:47,joy,81
c6ff1d879d16dfeb42bcd7860b78040cbdccf03539196309bdf15ddd0294a14a,1998-09-11,04:49,anger,87
9851e601f0056fca00d29ff69814924fe4fa09413772f5b750b1145d6ae17901,2023-11-10,01:26,sadness,87
99eb3b5b66abf1125b86c0bebddf34f83e0aa3af3c71203320bebd18f4963649,2023-11-10,01:26,joy,87
8912551971403755144a7905fa8e6058d1be17027e17585050ff2feccab71a15,2023-11-10,01:26,sadness,87
a23a7b67720bc0c542ebee54d882cbbb3692e4f82df43bdd9708647c7f629738,2023-11-10,01:26,sadness,87
4acb5b4e6ca73a7f0db908e99a3bade05848ac10ae5a9a8a933c93a79f82dff7,2023-11-10,01:26,fear,87
b0b227eb41b4c13e0b1c8e7f22ea43e585459de72f0d574660d34fce6c4ca404,2023-11-10,01:26,joy,87
f9ec326ef81dfb0bd7090f5c5e16cf155157dbea27a98a4ac1a21f6d25fc5683,2024-06-28,02:32,sadness,85
ef1f9d0f057ec566345f4c756e1be23a7962a632d390e9c140bd685eb5defad5,2023-11-10,01:26,sadness,87
318048880c8b37315034b78830cde3c2292718ea32eedb71aa7d2fe886f9618d,2015-10-30,04:20,joy,85
bd5321ab3eb39eecfc5a048414fcb1219c69ef1e4978fe3e20b653bff6c20fae,2013-04-19,04:00,love,90
5ffbe5d1e2356c544696cffd1ce862d89a401be8f223feb2d31622e6325799cf,2013-04-19,04:00,joy,90
b117583e1625a84e271b970745086ca0e508e64fa1c91a97acac77951f463f1f,1998-11-16,03:00,sadness,85
906bb53b59ba7dafe681ed424b8630da621bc02b97f957ad9a11a6247ca36a94,1986-06-16,04:04,joy,83
e379556822704393825f59b1630e529680b536f0bb74211a9f720696ad2765ef,2015-08-28,03:33,sadness,85
6c9e262c1d1da3c294e640be2e404ea542f794943984c91183c4239750fd5bcb,2007-01-01,02:59,sadness,82
c758e05ef51fd4cf777275c0aab477e7877d108ae0234abe3a952baf5c9ead01,2024-04-12,02:56,sadness,86
b06e881d6e54992081ad0432485502ecc85927f1c24df2bdd8f0e0de6de0cde9,2024-04-12,02:56,anger,85
6dd0fd63cde497022aa3209684ffdecffb0ca958a793c2ed04d0c545acd1fb73,2024-04-12,02:56,joy,86
a0a3b4251b6014b683f6896467da43b44b9adf1555dc63ea82c804f0739a49cc,2024-04-12,02:56,joy,86
5460208867e36958f0c40d816349fdb3ee11f52aaa13b479a8f46bcd0e7454fe,2024-04-12,02:56,anger,86
4f99e80ec632109d937f95c6ffb75b35facb4d165fcd3e9b8f3c990ce25c53f6,2013-06-24,04:04,joy,88
5a350a8346c7ad34be4cc1b075e74e1d2fb6cc0db391ad2333618cb9464b9cae,2021-12-10,03:46,anger,84
a6a239f74edc27ceb5da08d5f5aa26d1fa4ccb98d535d26374f11b235a72e500,2021-12-10,03:46,sadness,84
e6142b816dd59d8a7c1a6c1b19b22ad6ea5d3cbff7fc0057a1ae9ccfe01564ef,2021-12-10,03:46,joy,84
c0a56955fa835c0887d871ee8ab85008f45ff4df642e192cee2a3b1c541c325b,2021-12-10,03:46,anger,84
36c5df970f0929909a62729234b9d6d99a6e7ac797cba81515f5de5cd81274b2,2018-08-03,03:10,joy,84
45d191dc7858cc53a9fc1aa1f96bc9b08f5b31b8fdc284e07299c16ab7689c98,2018-08-03,03:10,anger,84
3b179434e26a8056fe36b0c5ff5deb8989b343e062b5e7aa3bdf604d0c64a5b0,2018-08-03,03:10,anger,84
8f25c7b454275b152a64daf1dc2ee25e91fed4c3f6320b28879012432d2cf215,2018-08-03,05:12,anger,83
f7cefb9b0352ba07ecb927512c2a305393cbad8bd1b74dbe396ee5c2ab94a180,2015-05-15,03:22,joy,83
f97327ba303dcda11321164ef4cf3f8e3a152dcdbed0cf1985560a1387dbe9dd,2015-05-15,03:34,joy,84
9b52657df4c2c2425fd731b5a1af98f41c1ccea892f1ac2342b861bcfc6d9fb8,2015-05-15,03:34,joy,83
b6c92363e274cf7b843ae12317a93f20b12efed913ffb10c5193b144c542afd2,2015-05-15,03:22,sadness,84
0c7c249fd1064925bcf4f1fdf4a97b8bd55aae6927b85166885e6360122166ac,2015-05-15,03:34,sadness,84
d8ff52eaafa7ec1ffab39af825e03ca68d9e59253102c009f96eac0ebbb4a6a5,2015-05-15,03:22,joy,84
075714bf93c862dd97a7e802fcae9f3befed6098b9eec9929220961e72926e2c,2015-05-15,03:34,joy,84
f418a1d6c9b71c5c7bb141424e71dbd7ce385431e820c5dacfc8d1a1f3a355fd,2023-07-28,03:20,sadness,87
5a4c38ae3aab5098be9bc47fe642dd95e2e42e636e2d09b8ec3122d13d6e9a11,2019-08-02,03:38,joy,81
6ab89b6b3c63b0a35a7d1e6e2436299c09be508a35d6012a69b4a08b65242e96,2004-03-23,03:43,sadness,81
fcd1fe7724dab129776cb02fd9d61ef89f7a58361685bbe72310b37588b530b3,2024-08-06,03:49,joy,81
a6e45e2d0c7b7e463cc02d13a4016fd9c9060bbcddd037877322dbde293bf666,2024-05-21,03:08,joy,81
bb23c23f133e235f396d420bc82b0d3682ff3ed04d297d29930462dd59212173,2017-08-25,01:59,sadness,81
b139ff872c5b60d6d68a1895face20420d8f4dc0d294f99deae787254ab6dcb0,2017-08-25,02:00,joy,85
238fd729a6e03a93b04bd59696093cfb02225eef7e04f1979d0a395811df19ee,2017-08-25,02:00,sadness,86
2c07a5db8adc1b000457d617561c57c57dddbbc78175f2415b108b11ec4d647b,2017-08-25,02:00,sadness,86
5d8c55b3a71ae6165a472c50509b2f93d6c1ac8291e77327f6ff008e20cb0a05,2017-08-25,02:00,joy,86
1d729ed4176206a67cc3049cf61a7b830ec34be18eb0f0371ad0cc819475d114,2017-08-25,01:59,anger,81
fe5282150e7f5acc21c8077c0a7b67b9eb3a593b09b6a3308b3f83c83d1bfa2c,2017-08-25,01:59,anger,81
4b3705f0e7985a060f803ab36170e957eb00ca886780d63cb9ee8b1b3cbfb96a,2023-12-27,04:23,sadness,81
da4ab14aa231582444d436f387903c9a236f97b94f4c5854177e1d2857b4f5de,2017-11-09,04:07,joy,85
992f5a05a5cdff1eb87f41ed183dac0f3d4f5c9d6a73946ebb8fac215f74c8a8,2024-04-26,02:47,joy,83
b835bda0b804d4c7043699dbd1984e06005d6285b05096362a79fc1d1f266b62,2019-09-30,02:51,joy,85
d38404d0246833fd5726aef2da20f9c9dc9e859a6d194f0a4e8fc73bf3926c61,2022-04-22,03:48,sadness,87
a08c1ff9c306ccb0f0cdd1fe17732ebbb3a8e9d3d0d9f0cf721b98ea6e5253ea,2017-03-17,03:21,anger,83
82f76ec2be302b2e1d2d7a41c2a8b475f98db02939b7d2d9cf5a7eadf38269d9,2017-03-17,03:21,sadness,84
36501e4c113316895b59171d4e421bc8fc87419486be8de6011416a785dd0c87,2017-03-17,03:21,joy,83
21cc53d9e096e05192a571f54a4e874877a770132c380ed7752014c64985f67c,2024-03-29,02:32,joy,84
e59d23a50dd983f9147361f95377c377ba162f66e2cd5bc5823617eebffd7653,2013-01-01,04:43,joy,81
bddb7372d9d9b6087eb86209f787f9c37c79954630ec8b06f0209c63892cb3b2,2024-01-12,04:30,anger,86
38040b9a1cabb47345b05ae1a2a2fb4e4982587f1d7c8ecaf992eb9fe2c82878,2024-01-12,04:30,anger,86
34025aa7c7647e9295a5a5ca1f7d9afec29e48c00ed2d9c7f5170700ebb14a04,2024-01-12,04:30,anger,86
559fca09c7e8448c65d4449f7ff929e673e704941bb40ef32009bd4d944687bb,2024-01-12,04:30,anger,86
dc46124698c2bbfe9c571a499e3b52ae44d7ebdd835754a73ca16cde2b9933ee,2024-01-12,04:30,joy,86
c2a77a32658440c6beb6036d015803ad7c157415d4927005c9e695d47bd7c0e6,2024-01-12,04:30,anger,86
e9f3574d09323e498fa3c9174b0a5b02e484624edd19a2c4d729c9477d057cf2,2003-02-06,03:13,joy,81
a7f70b71f7f1eb2cf5eadda7bc43463fdec8ff871156b2ea9edc74b5c089d4dc,2018-11-20,02:38,anger,85
b17a0293f555cbd95d1a48254d902d50c725836d6898c3135d7b1867d5e92c4d,2018-11-20,02:38,fear,84
7e314a59f1a0480f756c0b83c0808bc7fc43e5da55dd2bd81686072414e2f3c9,2018-11-20,02:38,anger,85
6d642e2e479cddee0c9f76ea797af97e180d2e3827c2871752d124af41d0a6b1,2015-11-20,04:45,sadness,82
437c1d007226990c82b4d4dca1e6a157254f915abf171549bf55ee4da67de1b5,2011-01-24,04:02,sadness,86
21fe604b577cfc01e8b45d88bcebc5009a542b27fa6123202e88dabf69f40226,2011-01-24,04:02,joy,81
66b1d106bfde6a5a74469f016738cbec3a694ad8c0d52bc9045bb0d5d1967b76,2012-10-04,04:46,anger,83
4378032f91a8c65e2b9e76391881afb76f1b128af3b68cb0da255d5e438085d7,1973-01-05,04:27,anger,84
fa0e8380c6cff3e1d09ae49e633a9e4686c06b32a05dc18fb74b1c2b51e93c26,2006-01-01,03:32,sadness,84
b9fc42f835b42f048c6a285efd1c0116d7600e44f302d82636e5910cd26f5e50,2018-11-16,02:49,anger,83
a85ccb5ea89646d0f3a99983b39f19a971436042a4d3ce11bd4c21e68501bcf5,2018-11-16,02:49,anger,82
197609e743a4dac2fd83bdf6ba7d135c07aae18993ec32c9921cafea504e46a0,2013-09-09,03:03,sadness,91
ec42a7ac6ec495be8b61728f245a00e71beefd5be8da75e3a70051416c8567c9,2013-09-09,03:03,anger,90
1ddce3599ec257ba550329b20cf81693b235564901d4b93a947e5f575d563c06,2013-09-09,04:32,sadness,85
f217e97408886332917fd36b59e5b5368657450ad2adac4dd527497da695de5c,2024-03-08,01:32,sadness,85
95b3785489320fc2573f8433caacca94820761c38304a1638f206bd0dcee904d,2014-08-22,03:17,joy,82
80dfe6b544eeb00e21b475b47113dafa17396a5dc199d4623cf2e7b86b51140b,2024-03-08,03:48,joy,90
3781941cb590f98837eaa7a5c4e8b0563aeba19ec0015931fe1d10cb147b7d37,2002-06-04,04:04,sadness,82
2411cea66efab6aab74816c67fe51ccb9fcc020961d37b87b7ee64b6f19be9d6,2002-06-04,04:04,joy,82
23bf18c2b8448a9406fd821ec18e05756ecb713a99f99ca07f06ca6cdb44eed6,2002-06-04,04:04,sadness,82
104cf017882fa30d09ef6e187fac165e0a36faf6bfdf1969fc6ec67886578b5c,1999-05-18,03:33,sadness,84
5214469de93c0e07dcc4f333b9ffb40c3649824370092d5c01876ffcc3f71df2,1999-05-18,03:33,sadness,84
2c5bfd69e8f7b6d6ea7a122f72fcc4208045a88bc10d2fb0e5643cbe427d381d,1999-05-18,03:33,love,84
a0f38078b425d69943a93332c96dc1891b75a775185020c50dec5b6a7b170ca1,1999-05-18,03:33,love,84
01cb1a4c59b139dc8ef0b644b9c83a76a7186a4b0f59f888c9c6fba5caaaecec,1999-05-18,03:33,sadness,84
6e9b5699be961df7feb94a642d0b5a385ae063e32e3355314639c47318c764df,1999-05-18,03:33,joy,84
8985662ccb76d8fe88e8d64eee5f458458f2bb237471e2fabd5f555d16f8c19c,1999-05-18,03:33,sadness,84
7125ac02ad06050a599a00625a5264a698462cd7f88677de4fb45d6e31389613,1999-05-18,03:33,sadness,84
71751ffb1ed5adbf1fb2b1ca69ad6889268dec8e7d6183dbf39c9f01cdc50fe3,2023-01-11,02:58,love,82
c798ca3f531c823a0ca8b0a349157b401c53dfca88edd806ae2013ba568a2cab,2024-04-05,02:41,joy,89
619ad9a193dba52987dd0856bb8b108c0d603e5eef4529d2d6367054c1181dc9,2024-01-18,03:00,joy,91
7afe550542b2c0f00ece24e0c1ddc5dfff06814d3c65cd2dbab563aee4a4f56c,2024-02-11,03:53,joy,83
094b8dc556b0f01ba70a79866d544d4d34e7977c26bef8cd9200e2e71c656a53,1977-10-29,04:14,joy,82
bc4727cbf46c5ab8ebad16a3f005fb15194e024d084731d72b88835d58053919,2024-05-17,05:43,joy,88
3ecd9237a5c4d7684ab17fa00ef98b09af038c1ecbdc462eb01c8d3fbbbce7b3,2024-05-17,05:03,fear,92
33316d6ee1e2dba16aac8ab19113b57cfc67a644add7befa15949c18df2b63a2,2024-05-17,02:59,anger,93
9d0cce79ebac1ebd5dd0a6addf09c8e1e909c517030caa2318b9b5e280139d8a,2019-03-29,03:16,sadness,83
7c0c8f5066e6c31d1160cd23ba2edb2aa3ec8f07503fd66574ecec9bf45aa0c7,2009-01-01,04:49,joy,82
f8aede1588fb03d1450773460f4e62904810ede8c35f9a56e651b4714f085ba7,1970-09-18,02:47,joy,83
b93a329255ad8337f7e4fee5411e9aefda99fd15a52c9c7c89b83d5488eaa1a6,1970-09-18,02:47,joy,83
61ba2204e42c5f6281d1f167e9d19be1ecc303291b7b97bade46eb955f2b3081,1970-09-18,02:47,sadness,83
2511ea695c986f87836b1b6a96d26c8d9e7bfb70546169c096cca7c5e2712292,1970-09-18,02:47,sadness,83
8109ff1c290b06559f142cef6a67e0c57a4377ce9dfc4d639384e2a50e5ea5ac,2024-01-05,02:07,joy,86
93583386c79444c9f073fee59ab6be54ef1cfbbe9125bca9fbffd3ab64b0ee6b,1986-08-16,03:42,sadness,84
3ccbe4145697cccf49011e26511a302a5433a4cb2a66cfc1f8f43f5c23883f4b,1986-08-16,03:42,sadness,84
aaf56648e00c7e97c68984cffabbf881f87ffc597ab5815cc6059fc3da90c0b7,2000-01-01,03:44,sadness,82
2058bd836e134276e619d2500273322f611b203ee57ca0c7c4266488bf925889,1986-08-16,04:09,sadness,88
5b5dd80c6bf498117e51be74c6ec2019cc23ab0c960cf1f770beafd24212e139,1986-08-16,04:09,anger,84
3281fb773d3b26c4eaa351624c8fb33c40447c3e4fb12734fab20cf8108c94ff,2000-01-01,03:44,sadness,82
bcebeba947eda2b7c715d7b838893166681d9dc3cb4ac27d01ca2e0e3e82e21f,1976-03-12,04:45,joy,82
9140ad4cf352c01522d9c1450b9242f2053edf1dd9f1941d630d813289afe1dc,2007-10-25,04:11,sadness,83
0c3ab58bd68b39ea1fdd260ed6800668aeedf73fb3bb1880096041ea1d7e09ea,2000-05-16,03:31,joy,81
1524478e1a7dc5a1dccf742087518155403515deb4d3d2159cc5e7fa340a918b,1999-01-12,03:31,love,82
5f72210b7d359dd2e3c9a3cbcebf19eb72f011f2e6555ec1f58e402201f0a03c,2003-11-13,03:18,sadness,86
e5eddd2c24e7fd31fefbf97c619518a07e2696c9a673cf56d4df8f441b7a8f20,2016-11-17,03:26,joy,84
1ac7ef12412e744c641bb3fee080c487cf699ab846f0554fe2c8bb737550dd3c,2012-12-07,03:33,joy,90
e48b3ebb779493ef5ee4e2fb05c7418993000f595eecd6f27a203cdb9f7ff233,2012-12-07,03:33,sadness,90
901db01336d63c61f3655a13dd276ea1547c8d240cb89a3ab30b74e86eaf1ca5,2012-12-07,03:33,anger,90
499b234654e15907bd201eee8a749cce812d83c227286f6b6c36a0d333ddf2ce,2012-12-07,03:53,joy,88
9aae49cdb5687551cac75889ce98ffc5af5318c6fa6ad6d49e9f66355090fdb3,2012-12-07,03:33,sadness,90
e622899153a2b6a0f7952fc3120aa4b6f4e7bb3f73ced80f0a125e61ac281e5f,2016-11-17,03:26,anger,84
79fdf1a35b421148f7b3472b001a4ebe57949190cebd9cb552f3334399fc3c88,2012-12-07,03:53,sadness,88
c86ae7cd652a50fce417002feb1b1e0bba33195240bba28cc2761a4c98ba4457,2016-11-17,03:45,love,82
4bbd7849e9c42235d5c3aec448efa8a9d69f75e877e10a6bdc5bfd6e6abcd826,2012-12-07,03:33,joy,90
bde95ef73b57dbbe7ebbaaa11d410c4499337f180973d3fd6edf4e3549b3d79d,2024-02-13,02:41,joy,84
16f0cb52426f992d717276fef2c68cbb64b6f253733ce81c032cd31451c1dd59,2024-02-13,02:41,anger,83
6597f7326a5483066a88935ed5370a5b340e010ab9ca7107eee051831bf53f2b,2024-02-13,02:41,anger,83
fdf0e716a15f7a6b75ceea128868fd7bada6101343fb17c9beecfa9c29438162,2015-10-02,03:18,joy,83
a97580fe67c7d38525ac9ff866874a77293de54cdbd7f47da33763ff37950b48,2024-02-13,02:41,surprise,83
4020bb3ca4f9329e9b13de0b30f729fe651dc0757e11202e744a2aa47dbebfcf,2024-02-13,02:41,love,83
b9a8e747fb2c3f253cb6a73be7beadd62f159dc2a7d3ac36784d27de29399e41,2024-02-13,02:41,fear,84
6e4ceda697f184935198173c816a7d38079df24ad876dbc4bca99119e6539b76,2024-02-13,02:41,anger,84
353536cacf7ae13632b4f4507f3003a4bab468eb608e6236877a902c787320f5,2014-10-31,03:42,joy,86
fb9808abf665498d06b7f87a933c2b3a37e098ffdd0ab7d50680bba83701e04d,2012-01-01,03:13,sadness,81
108dbf681ad667c41ded89bd4049c23c4f9894ac8dd74c72e52ab4411e62a33c,2023-09-22,03:12,anger,88
4f544f658f6e6e5ae46ece4f088b6e70c85209a00ff6aebea00a215babc54117,2024-06-07,02:13,anger,89
d084d59133e623eb0812b8837a2def750fea985d2ee642e99658adf3d974525b,2024-06-07,02:44,sadness,82
ec1e09b32fc7bdbbd88cc87016ee40f8b3a9e9d33942925a6d684a16c80290b4,2024-06-07,02:13,sadness,89
a48e52d0b06184de5cebd2cfbe6ada3c57153d15b6a30dd20f569e8db02c8ae3,2024-06-07,02:13,love,87
71f3fe7a97adb7fba2ffb973fb16a11b4be87c9fec6e65322aa14087b183ce33,2024-06-07,02:31,anger,88
07536402f52fe4f24a82d824bcf50027ff28be3d974d0183e176baaf1b7544ac,2024-06-07,02:13,fear,85
160e93bd7008715631e52b8c4cb1eb2ee69258397a6ead6b5378c40f562e9849,2024-06-07,02:44,love,81
a73c20c595a5f45b562c3cc3cf3a2c92ebdd824bc3cf2e198a32f091c5e38ad0,2024-06-07,02:13,anger,89
448587ebab9037c538acc444baf0baeb5e28c8d0e80ff18121e33ac64a46bc94,2018-05-11,03:28,joy,81
c1f1dbb5f267f2a741308c03a5e22287f13ee3e8de227806ef68721fb1612010,2018-05-11,03:28,sadness,81
07a0b1f8ecccd1ca003d33c9558e1b90ddd42150ac54094c2b59d82aabd907bc,2015-02-21,03:50,joy,81
07342f1ce073f65c24144b96a1533c1f5401b10c2f7dc2225d776064d6509909,2016-12-02,05:26,love,81
27dbf6a6abb02fb5b757a9f85f95364d1ea4ed03eed96e41fa5aaaccd64784bf,2016-12-02,05:26,joy,81
8020c3c80e153c83224f7c788434f719b371fffe379841aa399aeb2f27688967,2016-12-02,05:26,joy,81
9fe95761fc46865b5a57244ebe36038ec5881ad8784928b9eac3a0f863a4d754,2016-12-02,05:26,joy,81
82b93a85b007ba1663709e4c6ec7d007e6204f11024f63e828f34e225a272b62,2011-11-15,05:17,joy,81
86326bf053d7b7bbd2bd0966b1fd841526baa8e65fea7ad3a54fb8357ef95ca0,2011-11-15,05:17,joy,81
52a6f20bd287e417c375ed589eb628c5d9c8e26ab063f1b2911bbecb524febda,2019-10-04,03:04,anger,84
765baf97574b426e529a771911c9f8a5ef28f744c54c6c9609a6518a29fd5233,2023-11-10,05:06,anger,87
50724174a2b080fb66462c9f39ebddfb737c4664a718079d10d428faa035048e,2019-10-04,03:04,anger,84
bec022eebf1e8610e0ea19a3e4f9de6953655b24a1f49b8f55dac7c8f1edd6cc,2019-10-04,03:04,sadness,84
a0988d4d0c8c6841c6fba3c7a5c2cf51407029521cae7b49d9d1c16dbe08e312,2019-10-04,03:04,sadness,84
9c5e098e65d266a8e13ad89c8ee63fe1fed8396475decde0a4dbfb17f30f5bc2,2019-10-04,03:04,fear,84
40e78ba61adfd474fe99b04cec4bdbb7a0ff5674c4fad0f49fa1d8b58dd44493,2011-10-18,04:45,joy,82
b15a39b4e0f5f24963cf522b1c31d1ac155551e293f3ada90e3fdb3b2384bcb4,2005-06-07,04:55,sadness,82
195d65f1d985147a5be7b615bbce8a315f206eacc7bc8d631e436a980cebf380,2000-07-10,04:26,sadness,88
f45127834cd8f1d65c34970889d4f245f2f13bc10788a0c96f1cea88a4d7ffae,2015-12-04,04:18,sadness,84
cd79ab71a56f711a507a37d49e6d79b71614ebe7bae02ac02bdd57b6e590bed5,2014-05-19,04:27,joy,88
7a5b2b965fd83b98c5e759d9d9ec08b7334a6bec1946af584ffcc8ad5d89386b,2024-06-21,03:57,anger,85
e1abb554871774d57ce06807257e90c6cfbfd8430887d0338f8d5bbf99819f50,2014-05-19,04:27,sadness,87
9077c4782cbd97da9a334731c28cd24de7d5db3df8246d188d7ff37c19846cb1,1970-12-07,02:40,sadness,87
9980fceb3332fcd0696d19a63a9515c2a2ea69943c7fb570f849885d0ca6e64b,1970-12-07,02:40,joy,87
9d7b1d55b94245243fd4fe60e0a69dbe28b4b924e5d65c78a9729798c968e226,1983-10-14,03:58,sadness,84
32884cfa9f3381e13d66a20f3a0426c00341454b8714a80b2c250c20044c0945,1983-10-14,04:01,sadness,82
bf43a93258a5801fc009bdf534b3a8f7a09ca8201c9a0175e7cd18b9de0275bf,1983-10-14,04:01,sadness,82
2c4eda05bc0a79aa9c38fc5dbb869ef4d73869cc62e6269d2aa338ef8d3f6543,1983-10-14,04:01,joy,82
dd458b496f1058f137bd67d8d730a0ad41655a539766d4fea24ee973023ec858,1983-10-14,04:01,joy,82
9d38cf8a884e5673727555d1e01e851c920770b9c73e663d6d84f3fc1b3a9e08,1983-10-14,04:01,anger,82
7fc38d5c7d35d8b7fbfec9162964aad9ae26b49f506a08677225433b22712a71,2013-01-01,03:30,fear,83
eb948535d84ff92b5879aa1223761cd2d9569ad3699495959da62ce2ff169518,2023-12-01,02:20,joy,86
961d02ef718dd0e6a629ee0fc4bcb384c2e4cc7024360796f607ab751ffec476,1978-10-07,05:48,joy,81
47168474947257b705052e9ed126b718f2f2b90320c97ea13a8de2bcfdca624d,2024-05-03,01:14,anger,86
061970bd68c99d190a28f17ea6ce2e4103a3a6d971d0e0cc5e29162483f991ca,2024-05-03,07:36,joy,81
e7112268a7d5ef9aca4bc39f3e6809303f3311e392426e1bde025f80a26e5d1a,2018-06-29,03:18,joy,82
dd78f40744a764a60f394e878ba2bc3e51ce4756ec99df4d97493e006477ff33,2024-05-03,07:36,joy,81
a1439f916d1d3074b47d19876287c64ba1f053ad3fab9f7206b17a41471d7301,2019-08-02,04:41,joy,83
43c31bc89442a5ae767c110d1430e663c531ead455fe96f188fe0a4e777b2874,2023-10-06,04:07,joy,87
3e72d0aaf3c38ed01bb89b2151b2976fd368d98e8113c8d3fbc5e4d52878635d,2020-03-27,03:03,joy,84
38d2e68c5f81c265f41f281e51acc04e042d01cdc89db87a58280d1ea7877ae0,2020-03-27,03:03,sadness,83
676bea4b6dfb71cc927d4dcf4a32fac7a43eebf63cec04eb203d30c0e3fb9ebb,2020-03-27,03:03,anger,83
fcfe20b686ed6b57051b914c2e85abdd062d8e0dd345549b589eb194e47dbea3,2020-03-27,03:03,sadness,84
b7a82152ca13dfc7c11c95d74d4ca4784851133ece6c3e68d2c5692c60f653c0,2023-05-25,02:56,sadness,84
1115d771a41c9c8a9b63c88c3aa6a7b1d03d05d30cf2a599e6c4654e26150556,2017-03-03,04:23,joy,85
7ce84cde89e78efacb0de62afd8e8362e24ad17baba598b962c45c63b693d724,2017-03-03,03:53,love,85
b208d73398ef085d900fee5d3dfad4e7eaa9d1e219dff969f721a9290e1e4717,2024-06-21,03:44,joy,83
dc0c3b95ff93e25f14c1bbfa138a2c588dece4dcc693c7bebdf7364d1dcdc0a5,2002-05-26,04:50,love,88
f21ba8285cd167987b19279e25793105737dd5a8943cbd8ffb3e043c9ae1a22e,2000-05-23,04:44,joy,85
08a3f4707ca4296a6e5a25d8b054201a876d249764904d07ace65641716a14ac,2024-07-12,03:26,sadness,82
1fd84e24fdcfcc36a941b233cc03e85b1f9e67d135452060fa3ff211dcdb16c2,2024-07-12,03:50,anger,82
e4d0012e7efc3787f26138ebd6ab92e8d339060ac6967ae52da4708d90cbf79b,2010-06-18,04:23,joy,87
26c096e98a990ee0728508d64ef2fedcccc0e6fc0a3e6603582f7eca7d98042d,2024-07-12,04:58,sadness,84
bd94d5cfee9ecee2c5457848619414841b37dd362f7be81b187a34832b15a7b2,2003-03-04,03:55,surprise,86
8aff01c5f25ad6f41bc28bf4f3f14fd12e6ead1b60de434e86240cffab721d38,2003-03-04,03:55,sadness,86
5e61cd4ea1781304d11147bccb27a1c8961187cf7708e76bc91c0d77bdd8dcf1,2020-08-07,01:26,sadness,81
6d51a4dee1820a597ea80d02f0acaeb2f43594b8caadbb103365de7471950ff7,2007-01-01,03:23,joy,81
14d64824e77851d6c1acf4e8668a4c445b168ff8ccdc33335525d953fb8b2b7a,1987-04-13,03:46,love,81
df983cdc77e9d91d7776a622ed785ab73a037db4202067245c10b0118e93518a,1977-02-04,03:43,sadness,81
dd9953c851b1416ee9e7ba12d18000f28a3c75f3b0805952b536b83d9004137d,1977-02-04,04:17,anger,86
9d20b18fdcf31d3db6c7be5d7ca70db43bef158ccdfd9e0bda11cbd6a6174930,1977-02-04,04:17,joy,86
004c02b085d48685a8923a8d5df5204171b86aaaa56fdca203f8356f15cf4021,1984-12-12,05:04,joy,82
dbc7409a3dc4331f09738e23421dd9b08a22fc373133c75a86eb59868e622ab0,2011-05-23,03:59,joy,85
a46b92b3a78005a176c160e03c3d7048b34f21ab63d28bc91134f675ee7501f8,2011-05-23,03:59,joy,85
fe38d21116f7d00820e57f3694f35124a5e6016b41fc7b2a759e18221a5efe40,2011-05-23,03:59,sadness,86
a1f1967935d425c45955dadf8b717b0108ca69ca339d198ab5731ddaa102aa09,2016-08-20,03:04,joy,88
55acc39005e769f441f27df503238f5df4477826e0cf029dcd2954d3a8f1654b,2012-07-10,03:54,joy,83
1947fa8e0d332937d2f2697da69f59cdb325a7833a43abbc8f876e3f4670ad5a,2016-08-20,04:09,fear,83
7ca23f1f089a8ea29f6149c0919ae7e7d4352de11cfe09eda1e57f8886ce7a56,2016-08-20,04:09,joy,83
fab6d74e7fa491d86c5ad107dc5b229459c55d4dc1c0859419a53c5e95f8420d,2016-08-20,03:04,joy,88
b36012703ed919a450fffcc615697aa330da2218add42fc13880cadfacb2611e,2016-08-20,03:04,anger,87
ddc6b230ea95753bf3b3b75dea93999ad94802526d05e99202557a30907d75ea,2016-08-20,03:04,sadness,88
9a19613aed21a40fd7a342db19712e3026446e38dcbbe7735076652e1aa64f72,2012-07-10,03:20,anger,84
d8e1e797cdf1f384b21b62cbe15706821f766edacc8533822edacee09cda1a76,2012-07-10,03:20,anger,84
471d1e186ad9b8f23eafbd2bee5a1d3db62b414f71150f45ab21acd0657eca38,2012-07-10,03:54,joy,83
543982a8b941cd0327741e2d146d882c662be58d706d98f67cc06c3166eae155,2012-07-10,03:20,joy,83
41b7a3403616f7262503415e95f3328e2e2a27e724e008a34adab82c28841f9b,2016-08-20,03:04,sadness,87
f43865d64fc4aa32347301febc38bd31ffbf5cad7669af1415bb93db040904fe,2016-08-20,03:04,joy,88
4791f42bc31656f85c18a65ac44257c24f351a0519d53ad47bbb77c40c7819cd,2016-08-20,04:08,joy,81
38915ddf5950e96cc12b897f8c9ba46c4e25ce1265aca8cd07904775573a2605,2016-08-20,04:08,sadness,81
caf785acd7cecf5b2604ee94a8b2af937189bd558006c1970d502698a6c83139,2017-07-14,03:53,joy,87
78b1566ab9871f623a7f4afc56aa4711b8c2f9fd11c1e078f57ff51002501769,2017-07-27,04:25,anger,81
c4a2f1f334aab119f537a1fb3b8b3055844366735a198bca14475869ad09ad20,2017-06-30,03:24,fear,82
53ab4a67580c1701296d6e44296c3f2691c35079f73ed0284685c8895e1a500c,2024-03-17,04:57,sadness,81
523fd5749fafd7429846cde4fb199e7868ca5475e570a5502ab801be85306156,2024-03-17,04:57,anger,81
44efc3c675b7ab61288ff280d0c2cc97646a663b77945b11c51501afdb894b44,2024-03-17,04:57,joy,81
da32e55037f5436cc083e12f80985093eb00395ee0289b6a98df567adf1a7de1,2024-03-17,04:57,joy,81
895d221aa9ca50ffb42d33e2d86308ee201af4b2a30dcbdea8ddcfa5f45ccd2a,2024-03-17,04:57,joy,81
6bc5f7b67ba36bc9e4a549cae9052e235d0684826594bc20d6eb122bf1bb1d19,2024-03-17,04:57,joy,81
8818bf583ffaca21670d187ede77d5adca8198eaa0918d749dce3de90aef3ebf,2014-06-30,03:20,joy,83
5163686c810151cd8105e9e266b0adec04fbc6ddd559c36d8f3b1bbe3a82f3bc,2020-08-07,03:58,surprise,87
3ad06da54fe9b6b74213d934b103c9e39c3bacfded34ea690b28a4eabf068cbe,2020-08-07,03:58,anger,87
b72d32474dbfe08f735234b93371b94a6e610497ae2937179657b4ba6568a8ac,2005-05-23,03:42,joy,84
a80ddd321d4cc093d75426ba0c96a5dd9d6e20676619bc6ccbd02da97b82fc41,2005-05-23,03:42,joy,85
c6eb255aca232c886d8620bbe84ecb0616ce0e5358044b2e2cbba04ab5a0460a,2024-06-21,03:45,anger,85
a7322837f98091533eb6b0e32b66b960d1ec7576a0ecfffa72b04ef1b4206c0d,1994-02-01,03:01,joy,82
d05fbf2e419f2fa183f722a5600b5b9729ee53978175c8a552d01901a65088eb,2023-06-16,02:05,joy,87
9634999644916e52e4f399679f47c0b7c3bb7b8c2075a0cbed405b8d5f6d67b6,2023-06-16,02:05,sadness,86
a2c420c474cd0baa2aaca3551e816d4809d38afb1bd048ef997bef56ee4bc404,2024-05-10,02:24,anger,85
81db4bb4d420801e93932731eebea929a97eb2ed4170b93a94f4e61e0dbf22a9,1987-07-21,05:56,sadness,88
cd36a9c9f5fd0931e67f70ea40d41a153376810bd56a0483c86e8845b3c48371,1987-07-21,05:56,sadness,88
7e780928f8a3e833bff0d9a48d5b33adb6e7a768d34f3d5661c646ba40479f6a,1987-07-21,05:56,joy,88
61580f2998cc6664eb7176cd2b9dcdee56853892baf8e3a55d256108c00c1743,2024-07-09,03:10,sadness,89
be95d42a9fbad04a2cb5b13b6ecf4be65301bc08613e42ef0359d3f6eb9ca541,2024-03-22,04:11,love,88
f7fb247af9b5bda008c7dc4553ce70c35f71418a12ec65b24421a130e0f9c1a1,2024-03-22,04:11,fear,89
322bef758d452b0b9d736d2943b007ad40cc6dd0566a3d32f87ad9c015ecdcd9,2022-07-01,02:45,sadness,82
a75230dd4d60f37c4d8dae71301c4cc2df2a2fb7b6a400101aa2061cf1c71c34,2022-07-01,02:45,sadness,83
ed9973b3850b7ee381fedcb397b0aac98297ce9ae37a57fad19acaa011fe2888,2012-09-04,02:57,anger,84
7ecef26971d0f7d67c27a948b0e3a7fd38672fbdd405cffaa74a888c3049e470,2022-07-01,02:45,fear,82
fab452e4ac3a592c0b67ac9ca4483359b618b34543e411cb9ebff70346d5a3f8,2022-07-01,02:45,sadness,83
b6d67ab835eb8c5eb088c6efd1ad24a8d16433d2f40906e93d32e63fffc0e488,2022-07-01,02:45,sadness,83
5f09c490472e3d8f124abc526ce293b0642d3095fcf9ceca06bee69c06e9473b,2022-07-01,02:45,sadness,82
8bd16def486a16e8b1813db615125f37d6610506a86414f90eab7805fb55824b,2022-07-01,02:45,joy,83
7c0d7c19c09902528121e64c5122126675e04b903cdd0c8f476afe6dd0a11d18,2017-06-23,03:21,joy,82
067423c30a7f295a2254792031e34a07e7d7a9bf735d61bd8c693a1594626016,2012-09-04,02:57,sadness,84
86de6c67d9e9fdfe7e04cb5acd6aa5cf71136b3b9e6452dec6e4086fbbfd8dd7,2017-06-23,03:21,sadness,82
234ba25fd72fb72129048feeaa5cd94f09a5a6fbf63ff59c2c456044200d12b9,2022-07-01,02:45,joy,82
cbc15c9a5b34e082aa1d3eee05821ac713756a998f15f358487b3d5a39c7534e,2014-12-09,04:52,sadness,85
bed8babeba5faa9ccca4452a391856dabdf5e33b3cbcd5dd7b3ace0e7af12f4f,2014-12-09,04:52,anger,85
fd48f07ef4f63977b007979e327f336c91454bc09f5010f30b882d59a8a45106,2022-10-28,04:42,sadness,84
5d3bc43186794635a953e76590aa706da0fe93ed2e22dbd07a5a733e6ed019fe,2023-11-10,02:18,fear,85
0cb72d6980445887f5c5fac374622fc0b1a9f8fef7929bb5817c8f1965fb4928,2008-05-01,04:02,surprise,84
c69a63e04ae9dc773465dcc15df97f87c855ec4710eda629ff6b0c72c6387f0a,2001-07-17,02:45,sadness,82
b3c0ba12c5442c4be2792ef5bfa69e8b927e64b8a769965dc6c4f716c5bc1adb,2013-08-30,04:29,fear,87
c4683fe4e44f0177ad02f0d3c0abffeb17cfc4ce1a859a256fdf667d78ff800b,2013-08-30,04:29,sadness,87
932fd79ee6b68b1d793a2130aae765b986a70ae9160926b908b73c79031d87e9,2018-12-10,02:45,anger,81
e95dd8038af854f1be3d8a7b176d150a66caedf8dd60aebe33fea4f5b7b3aa9c,2018-12-10,02:45,anger,82
dd5625d21e1007d5dd3788e00dcb851f636e25cda864053145b8bfa603a369f8,2018-12-10,02:45,sadness,82
077f17e22d26ca352871b07ca8581e2072e0109457d9b377daeae26af74df91b,2018-12-10,02:45,anger,82
9c94252c5cbdaf9822132c7a039650b856208b05ed3d9e97530a6c54a2dc9519,2018-12-10,02:45,joy,81
b5508f6a585dbe53a7a9d8385e7540f7c772dce9e0d05a6c2f6323476925f9e7,2018-12-10,03:59,sadness,82
3cd2ab9f0982b599f8fe4304581d0265bbef414bb18da9abe5a71ccdfc9fd7f0,2021-03-19,02:33,sadness,84
5d38fe679935ecf28248b6efb6b42995d558682a7b23803092e0f6fe1ac94ce2,2021-03-19,02:33,love,84
bb1c52af1b639bbc2ffde00cbe5cc837946d42faa6b0efc77325c5ea75900264,2015-11-13,03:20,joy,85
58780613145c6edfb9fd509a0dcb4a22ccb821368221e92989d1342ae2c6cb6c,2015-11-13,03:20,sadness,85
3d3de66739300556f9f7db1f66d99820995c6b49d1f0ebc28cc8dee1087d4ff5,2013-03-15,08:04,surprise,84
26adac8b75219644dca7bfcc03cf91b639c143f86f83e4d86718c920f561e525,2013-03-15,08:04,joy,84
9f1d2fc8e99af2f06f366679e879d2a78977b7b0a49f4cad19a954af8d891593,2024-01-25,03:49,joy,86
dcb6ed5e89d0ce35589594980f3abff4b94002d0ad1b6c084c57d032cb440eaa,2013-06-18,03:49,joy,81
97db182285695b1ae0424f7687bc68f9af6ee2461faa80110686df1bd58da4f4,2010-11-22,04:59,joy,81
6dc632d82b84c518b8ed862a328805fc22ebc6fa27c1b2af9e5ce2eb6184bf17,2013-06-18,03:49,anger,86
93d7cb6b36793bc1a239bbab06fe4a070d0307b5e574221ba6de867904aeffb6,2007-09-11,04:31,anger,83
ff3c7d20ede5f2ff63f38366d4f31adfaa0806731e5e305680cec20c0b542e4e,2007-09-11,03:57,anger,84
c5a46a0360ff1006f7deaaf64c6ea1d46b45c3b01f3739ba7315d5ad2bccb4e9,1985-09-16,04:58,sadness,83
564cef084c020d277f00364a51e34935f3af5a79e6a5efc0b28e5ea44e351895,2024-05-04,04:34,sadness,97
5c870cf5259be8cddb8a6e0e9ee82428813df86bd168a3ddda3d485e1e0d19a7,2017-04-14,04:35,anger,84
987217f655a2fcaf79335f6b201da47f84bc694a11aa744f2266518f0642877f,2024-05-03,06:32,joy,81
b6a92f8d92e226d088a0d3816e09f52af3ebcc1235fe3bbe815853101b648731,2017-04-14,04:35,joy,83
dea45a8a2832a77dd0ff19e5e1400d29bf8d9bcbd95c48954cee8e26dac6eb96,2024-05-04,04:34,joy,97
de7df81f797e9bd009ed4aedd5ed40964ad9ddecb12101c8121eef5460355c2d,2024-05-03,06:32,anger,81
a16d868ecd41a10067cfd6291d527a0624abebd6f11dd1243da9c77602a145da,2015-03-16,03:39,joy,81
30af3b56c7026d90caf9df7a2e284c4805f25f6717075b714edbd4e350373d6f,2015-03-16,03:39,anger,81
e41b1874594172d0743317cddf7663439ca3e241c3ffcef5025c538d42253998,2017-04-27,03:22,sadness,81
25a04ccb3c727f034e85138d75466e59e05aaf6df806d7566a080e8cc9c28c81,2017-04-27,03:22,sadness,81
8815b3413367dd4a1986ea6dcad81752b55876487039a4c274e159a8dc055d48,2024-06-27,02:18,joy,93
1106304484fa716d20407d8ce0910d6c2ea7e2e6aac06fdf5ddd61856fab45e7,2018-10-05,03:30,joy,81
a155d6b30f75b37b8b3816fac68b09ff52ed59c14e1505b5beada198304893f4,2013-01-01,03:56,joy,85
72b9e30beb18ee7f5aaebb8c9153f0f6f5c7b4ad32d91924b5c7c1865f68a746,2014-01-01,04:16,joy,83
b58f4dbaa1a912c2803931e06e66ffb680b2e149151822d044a5029f1009ce58,2014-01-01,04:16,joy,83
175e20cd1ce1cb9445b80d4f44f4d748b33911378e4ef87083c820ce347251c2,2013-01-01,03:56,joy,85
a06d1fb5d0930dd0b8b3e242e059e1b94b4cc9e953b0cc55869cac03aa870c76,2012-01-01,04:25,joy,83
2db8991e628abc6d7b3e44ff4d7c31fc7c16b5a16fe371755c68dd3d4d542575,2014-01-01,04:16,joy,83
ab72aaa81ba20ab480ec2e4c2f1b5837ace6e981ca01152712f0b21a9b0ef4e7,2013-01-01,03:56,joy,85
177843362b29f2fb1394ec655ec9bb44afbbca2c0d3e88f2351ae49a12301df9,2014-01-01,04:16,sadness,85
bb25e9337a77479fe03d0da40abfd8176f8a9f9dccdf5131b4f5fc0cfca951c7,2023-05-19,03:29,joy,88
6a13ec06af415c05f5a10fdb7a4074e4747b96ac047c1e043ccb2d95063986f4,2014-01-01,04:16,anger,83
29d27b9d5aaf3eab838d44b7f643c1f0f38156b5d242c7887d6d1c510b0f682c,2015-08-17,02:22,anger,82
81e1dd16668dabb10d5d69ec600815fa2d839a7cfca8ee54945fd2c6bb8e7e44,2015-08-17,02:22,anger,82
f907d210474b727256a158ff73f96df56c2e2d708f870b876d6c7519cd40ea8d,2018-11-09,03:16,sadness,83
8ea7548aa64a7efc66675b4134fe00388531b697115c11e731c173ee4f83ff67,2019-08-30,02:11,anger,82
8b68bd6ded2f21ad90016acf86b8e5e82c23e043813e7661437a273dbb7ca194,2019-08-30,02:11,joy,82
4a43a393e34cc26dcf8aff580a35aaa51fb7e51908bc548b8a4fd721cedb0e42,2019-08-30,02:11,anger,82
bfed155c65fb92817f3643989daa8f49314e89a54f6b85ac554f7e706a9fc2c3,2019-08-30,02:11,anger,82
108c0b8a0cc47fedac4667f75d2a2c55f8dff8b734c13e932d67a8fd1254af71,2017-11-17,03:40,anger,82
743b0923acb1091808984db707ab0e63ffcc2eef03c02d1f23d5b3585e8b6db8,2017-08-25,03:02,joy,82
44c4a736e8063b410ac8aab9363530f4a5be3c68a5216676936445ad1c7190f1,2017-08-25,03:02,anger,82
9021527a50cc1db289f701b51b09288d844d0873c1c9ff8fae94ac227ba8c9f8,2017-11-17,03:40,sadness,82
9d22dc083a33139a504413ce6798a70e036cc283a6efbe04b2e1b78c3ef05062,2017-08-25,03:02,anger,82
1140a67d6d054af63fcd41d4a2d06f8c5e3e98b04faf489227f633b5582e1cf0,2017-11-17,03:40,anger,82
011df2eb90c2d9781b855cd770eb4123be063b9cb5da58aefabfef13b8a671c8,2017-08-25,03:02,anger,82
e9a74d0fc349d8afbafb2a975c4d40f460cd70cea65ec35fde4b3626abfa293b,2017-08-25,03:02,anger,82
44bdba98ad0a18d634e9da0d2ed490d7f7ba25fa389edbf653e04056ac81c952,1999-07-17,02:46,anger,81
78d471bad6229bdb8ba0554cdeede97fd36cfbbbc9e220e6ea39e9b8f42a5b7e,1999-08-15,02:46,anger,82
9d7e82ae5128f4f5f168ed9ee7fdc57b6c65d28b182946ca3ee92348b4448ba8,2003-09-16,02:42,sadness,83
62482daecffeeba5bfa669c6759d8865fc3be615a562f233942725b919d3d0ed,2024-08-02,03:36,fear,87
c87675191a45d1f112ddb8fdbd5b3ed7db60d9890ab25671491d7749b23c3e59,2003-09-16,03:05,sadness,88
09173a4d5a88cc2f598139dfe77b1f2fde4913d8e6707a9de47ea0c2b28e6948,2023-11-10,02:29,sadness,83
a463c4a71f6f18391274d94e4442e54535c040cafbcb9549dfa094b257a6f6b5,2016-04-01,03:57,sadness,83
4a34cda8555534444f70f0c5afb71b46164249d962239f5a5fd62bf77ee94aea,2016-04-01,03:57,anger,82
7dcb9821d62399985e5e0d199f222698832be76d48f08e0c310497f81e1f7524,2016-04-01,03:57,joy,82
e6cc71e0c5c4a76466cab171c8d1143377c9b23df9ed0e38b1f0a955eadb2da2,2016-04-01,03:57,sadness,82
25de05a7ea077d896d4b3d86ff2294436316c54da88c76a1959a1d2f185cc3ac,2016-04-01,03:57,joy,82
fc9d665cdf3d9626c9e019fe705ad1e3e9f8988bb6f348ba9cf00e2109dc35b8,2016-04-01,03:57,joy,83
c8a66bb70d1dffc043e4bb57a1484fbe199a125c16ba02c21b867a3411e01604,2016-04-01,03:57,fear,82
e0d74d2c9ddc9f9e06acf7d5942491af82ab705dd14f4294f4c931d7aa2a2a73,2016-04-01,03:57,sadness,82
4d586af85b99691bef50ef8c5e7017c04ccda396f6820e656368a5a341d1c6c5,2017-06-02,04:00,sadness,84
f07900c868905b3a3b13b2b0c24f80c963664e4862258b4e93c68ae546201e3f,2019-05-10,03:31,joy,81
e99cc301a75a793d112e2c3422811dd66c40c19da119d906214288353087daa4,2017-05-05,03:02,love,81
ff5d35ec5faf3ca8f115648cf1d30f3f85d3d2ec2ee12dfa79cbc79834706f5c,2024-02-09,03:41,anger,81
4c0a245ad33eb7c6c6b4d8bdf108b75c80bbdb833c38dae3298d671e2478c565,2024-02-16,02:28,anger,92
6cca32764854147d703a827dd4516952d58ee8ed1eae6565227932b7cf104388,2015-01-12,04:29,joy,83
2162a7b1d2fe8d077c94bd9df82e8509d071e84abd5cea50452768cb3e9dbc03,2014-09-02,03:09,joy,87
2f46bfbb9e6cd4618b7347b571cadec7d9f60fd2b997d1427c276da865540e99,2024-03-12,04:19,joy,83
ff43d2e2add89da7c8be121616d91788e2e1d243cf50b203b8f596ecbca9c787,2014-09-02,03:09,sadness,84
b2825b26b9f5e4516b0761e6fb14f4e2314bcd8ed85e7fa613c85b57af1dc9f8,2024-07-29,03:26,joy,83
8adb40835f0d649a0f293ff5c699725b2cf4687bc605381556c7f4d99969dcec,1993-10-05,04:55,fear,81
6c3f39fe16f5435ffd0a6a212f6de702efc69e1f3c6b22e38065fb2545a8539a,1982-11-30,04:54,joy,82
96c0b8c1f70eece336dfb81ea4882c13c86eed0569f6327850dcdc4bcaabb5ab,1982-11-30,04:54,anger,82
56c920a230dd086304655cfac4634427b7b19fd648992b5de9ed1ffbf0ccfcf0,2010-11-26,03:15,sadness,86
08c7615ef9fb071d81be5490aeb9058a32ce7ed4557b2b3212cf8408a97b9a5d,2013-10-04,03:51,sadness,81
a80223afa484250315ac6a24029e615157aa896532604545fe1e27d424f26788,2013-10-04,03:51,joy,81
c0242c9605c484a9f4e913795898433ee187a5d23ca7eb65669266d7d0521046,2013-10-04,03:51,love,81
06cb58dda86c50f6c49f5607af6b0d7717986dcdf2e99f0b6ccd922ff2027990,2023-08-18,03:11,sadness,82
aa85fa113ff8c1e852f7d9b4dd4a408fc094ac1cebde9d53f586d04bec43c66b,2023-08-18,03:11,anger,82
78e0d099b0a26ca36a5d80878a8c445fb5821cc645e3552adb84abe2aa8dfec1,2016-06-17,02:50,sadness,81
6ae59345c3ca6fb9ecfabed2b568e6d7f412a6c60c640d7b86555e2bbd9929f0,1985-03-13,03:46,anger,82
1aef0a532408840a1e1dd9b2dbb4d5601c9f2cc0dc2af643f3b3a9f4e84bf34f,2023-03-03,02:57,sadness,84
8621dc2772eee3a4e43cb377acbbf63d585cb23c9f146a77cb7a074eb25bef41,2024-02-23,02:32,joy,83
0dc0687a55b5b8d880269283bec1bcf03f49371d52962f9ae19af277fed8bbcc,2017-12-08,03:31,joy,83
9f97249569a5e06fb8fb072cc44937efd681f0821255b00a6a05df08be93d58e,2024-06-14,02:42,joy,81
b37f5a662cd2f2bc658b94c3978df6b50c495ffcd01d46d504098e5ae01bb526,2004-08-30,04:19,sadness,94
133ef4acc28ca01b80193750fa8aef68d3d71ab6b415ed31959703e63f1539be,2006-01-01,03:27,joy,81
0b77c1df1d76c157f4a0a51cb573c14f3beeed0f4bb9d02e33258feca0b9a2d6,2006-01-01,03:27,anger,81
4d183cc7096959501bc6b2df4c168a0b6f1d9f3493934aa338309dd0636392ec,2023-12-08,02:52,fear,86
b06dceb175d7fd2aad515d6efb09012a18f2a62f1ab7e1b82f9f2ad392f3603b,2023-12-08,02:52,sadness,86
7d9f4fc904886377df0e53874c5e70705d3c76495fa672adc76346c6ea07eb8a,2023-12-08,02:52,love,86
a787dbf26af01d5cacfef6e2df34684602d0c8638aa2065b2778108738750fcb,1991-09-26,05:01,sadness,81
50fb86538e06339fbe9b34cba14cce874572cbfde8fd1e8a0559ccdc13d2ccb5,1993-09-21,04:41,love,81
974868d035ab16be0f0cbef21f3bd3bc53d83b9c5bff650543e0564cbc57a941,2020-05-15,02:36,joy,84
f597b519207355eabb46e95833b8dfbbf744f72f195eccb04f2638140099e701,2020-05-15,02:36,anger,84
45ef89d41d84fd04bc6a86706e3a6a8af0bdc5af8bb5e712bd444e1d51180907,2020-05-15,02:36,anger,84
fc3851191e3badea70f170aabb3b3f3485ba622b9cdc44f6c7141e61a14354ca,2020-05-15,02:36,joy,84
8b6eb040e9e8214993656d0058c1231c69df88fb68d211f8cbf979fe8a7b268c,2023-08-11,03:07,anger,82
7d0fe7cb0196c89034f7a3ce00912811ad6e63fe08f281e68ad657a649a902a2,2021-05-21,04:02,joy,84
fa365f067960ccf07e317688f8f032e0ea34d9f5bd1d2147dda70db2eb67324a,2021-05-21,02:32,sadness,83
71eb9223c8eddad0872430756d0bdf564527209cd3bd7f3798c790a51176e621,2021-05-21,02:58,joy,83
13b1dd93496aa0be4e561b23d1844d20272692a77ce94fcdf2a124567238220c,2021-05-21,02:58,sadness,83
1e3bd6b5982ff7b817aa365a97cb2a23a4fcb9005678bd741da96f77e1729d13,2024-03-22,02:50,fear,82
16d0d2bd0ad63b340bc8eb10b560d431eacad38346f7d9b02467ae1210aed470,2014-11-17,03:46,sadness,87
804bcdf0ed4fc517eabb1165fa108d9c1df397e69ab0c289fe43f6c2401cea62,2014-11-17,03:46,sadness,87
bf3f6fe8e0f247bb4553120650fd3e13163f5f22b022681758a9e6fe849a49fd,2013-11-25,04:05,sadness,83
ae150d771945aee5cffca993f213683e3c3831ed5efcd72d5ca132f0f7a3e604,2022-05-13,02:28,sadness,86
94a120138a536f599fc72d68e4fe5c767004c5e1fa489a9b4daa47b24fb2b123,2000-10-31,04:30,joy,84
0c70c9325c294dd468c1ffb85878e76fd3cc10513ccef96f1bfaca994cd324c0,2024-03-12,03:55,love,84
dab0b0cb9d2826233400866304539f04616dcbb079d4fe5275906fd0b74e42fd,2013-07-01,01:39,sadness,81
f4c4cd410d650e2664d25adcd194dfdd9d37079625c29c7bb4105da6fcdcda25,2013-07-01,01:39,anger,81
cdf8b39bc37b705b70690a3788edd911cf55125fac8cc5757a47ad2e3a1c4280,2013-07-01,01:39,joy,81
0f56ed457c9dd3a4c780982caa0b490edfbcd8153a65de1ad7cf6896c13b3f0d,2013-07-01,01:39,joy,81
e88bb53a126d044c2ad031e57d429b162ee4cd36fd64f581006b1615ec136482,2018-06-22,03:10,joy,81
bcee95b1a0f382d4f2700f973b74cd449b35b8012878889aeae34bc3f1f95083,2024-06-14,03:10,joy,82
e885e10ceea6a7126d08de74a5f2124636e0d1fa142035377b8fab6821aa80cf,2017-06-16,02:43,sadness,81
6364022bc6e4dcbe4008cda95183e3f2b3e2519aa3f30eccd161f6e6780d79fe,2019-09-06,03:35,anger,85
39b8b323da70ac6876e665daf4801f632a15c3c3799f8baeb09b444532e10752,2024-05-10,02:58,joy,95
c06e690d79f61087a6bfb2ea5293cf034de464cfc70c683544aa69b11aa201a8,1980-06-27,03:34,joy,82
67ef531cbd2d3d2dd6f9e3333e807e320bf27299c9a6d442d99a40997e3eef7b,1980-06-27,03:34,joy,82
6f40b9b4b762ad274554d80e7de97030ae2d211bb367ef81a67cd06d9ff777b6,1993-02-22,03:58,anger,88
c93738dc5cbe390b892c83310c54fb37d72e75670bd0653bfe99656475fe2dfb,1993-02-22,03:58,anger,88
40830a67ed0e17602497b8c63e90ca882fa74c0b9d64669ce20ad7408dfcc271,1993-02-22,03:58,fear,88
06526f5a0df044a7976ae0905cdd3381b5b3c397689ab9e42180a62cb98cde1b,1993-02-22,03:58,sadness,85
b78aec2f7f9888345de467b4ce838be21c1a1f60f39c2331cf051474ff32d136,1992-03-12,05:13,joy,82
f50e86b34fb0a6bba05c9cd77739caa9d265e598b82ba7309c71bdda9e56a7b0,1991-09-24,04:24,anger,84
c31376915fa420f2d91b2e20d3c9ddea8ffe3110fabe65a5ecc3dc4d8582bbdd,1999-06-08,05:29,joy,84
a4366d411d9a16e96ed0972df51a3e68a8c98b9d08bdac7dbf03f60717bfa02a,2006-05-09,04:42,sadness,81
91429480278f88c37a86c133cfcdf53d3c9c77dea7e1a59dc8e3cdb06e08a90a,2010-01-01,04:03,joy,84
87b6abcaf4c69891be6807e9b94150f2a5485389a2fcb638b3033853fb85c876,2016-01-28,03:44,love,82
94392845f0620c66218d3ea8666a1348c718f7c65fa0514bb4a0172a74da474e,2010-01-01,03:55,love,86
da06886196e09a881dfa00b3d4874348daddcdd901a8dff2eeed75cb6f5d2e29,2011-11-18,03:35,joy,86
d49739a5ce473a5c3953298f1df8918b8278535c70b315ae364ef258ceb7299b,2017-05-05,03:53,joy,86
90c1f9493ddc137f5aa9c74a9f2ae49e06ee60c22b59dfe4738bbd96d900d3c4,2024-02-22,03:06,anger,90
42885cfa91343848632f41deff35ef835ee6c6a06c0487d9064159dca1ab9924,2022-12-08,02:33,sadness,87
a83f1be7a81fec820674b9f43f41f6767d5519f614b7a069d6b61d5147a90167,2022-12-08,02:33,sadness,87
e34720a97c4459263639f3af113b24531150ad64a54a7393032e9f1dace87561,2022-12-09,04:38,joy,82
d44d75ef7ab6aa1a562d68101f1ef132ed5cfed51926a9b713fbd837f6c2c78a,2022-12-09,04:38,joy,81
f75090ff232db7dc089f74ff3af2ee00c76278123a8963d582eecb1d52eb697f,2022-07-15,02:43,anger,88
96392d4d0229f3b558a0756ef0b452f1974fcb2b4eb89d9722903813d13fb928,2023-03-17,03:05,fear,89
83ebe4c852920066c9397b899a69d82ab4269c86454965d273d60b04c9586ae7,2014-05-26,02:52,joy,82
99821bb99c4635c7d3afadcbf3aaeee7a58d229aff39978d9242cfd0d64efe34,1990-01-01,05:12,joy,81
42ff80a64fc8d3287fcec12943ee4b8b9d7d735ab3ab2c0977dd6e19964fdd8e,2005-11-28,03:38,love,86
20b81f700f1d03c8d0a3b2003ed8e30ddd04a7682f5d54d29dc5f55a44b43beb,2015-04-14,03:26,joy,82
fc401c1e75e9fde19b14fd6ae1abf95b2a948cf060d5338deb04041d05b15a92,2017-04-20,03:07,joy,84
75c3035ab7eef2e6cb37058138a47298c9702508edaed749abf6e645029b6be6,2015-04-14,03:26,fear,82
5653682d4be02dc7a252c491316c11e9ec0e554692929149bc0d919fb26b8f6c,2017-04-20,03:07,sadness,83
3c0326e9cf8fad96aa087d3e4b3bb3e76192b3ade25590e92b9286f8fba73e5f,2017-04-20,03:07,love,83
49ed03df41a2298615eae0beb0f49476d2b0f6b93aa9768b5c146c9ebd85102b,2021-06-02,02:03,anger,82
b5f4ac63b25242c1134344155e1645f558d64a01809de13f5bf6b78c54022fc3,2021-06-02,02:03,sadness,81
4cba403e5e12c2bd76eb33472a1a5929ac2b0bc3db7f4512aef003fd1a1f68d1,2006-01-01,04:27,anger,81
28520b994a31f9d00cc4bd3d2510ceab6fa40c8e6326a8161aef6813d689e463,2006-01-01,04:27,sadness,81
2b8e82868dfeb62151fe9b61fb13db032d744a9d5261109b15b703071c05a58a,2002-06-06,03:50,joy,83
076e5de4d505b2ac76beccc01a9874766653691655c6a9739d64395dab28eed1,2024-07-19,02:28,sadness,81
fe6f9dad960a8eea7d46ba0d749504c0fffa6dcd4905d0d314fd88290aa862a5,2024-07-19,02:28,joy,84
0cf27db0b99912a8ccfd86aadd636b174af8cd57419379d0e5bc3940d3eaa5dd,2022-08-18,03:34,love,82
187de2d0f65abc8ed317fa8008c48bb1c8f0a51838db8dec821afdbc449265bf,2024-04-01,02:51,love,81
ac356bcf63402eb0734578df90ddc9aada69b4da389dcfdf9b76c23766bffdc5,2019-08-23,02:58,anger,92
e2b3381eb9fc4457f325e17be10b6cab06eaeed54079125a20cca26e19b15606,2022-10-21,03:20,anger,84
d32dd37ee95c968e923ee290d266bfa1091b6c2c882df71da3d3271fbc14a619,2017-11-10,03:31,anger,81
bc0cef2bff60774baec3b98daa2e2fc04dbf4ac24f43c0e374dc9ddc3f33fd38,2017-11-10,03:28,anger,82
c8c1f34029ec0ae86968736c9e76ad3ed6b0bd3e20beb2a28db23487c2fcf3ef,2019-08-23,02:58,anger,93
dbcb3399877ac8d43596cee2425cd10cf8460b4aa31d75baba3fc0cac0d0a471,2021-04-09,03:51,sadness,85
6b4e9d53ceda8daf8e5dac0d6e3c699904edec47a545e290179c806aefc05c9e,1985-02-25,04:11,joy,87
f3ecdd83329d9c8c62492532f6bde04e5a1332ffac2c2ac5990b9c4ac4be1fb3,2023-11-10,01:26,joy,88
38fc5ce22b835dbc4f6bd882688afe55a90b7ceadb0cd94392d28e07ed9408a8,2023-11-10,01:26,joy,87
1922ab137551c5f223b85cf9d108b08e8bf507d959a59a7e383714d09939f2c2,2023-11-10,01:26,anger,88
38d828fd15af6dd570b09b2b6f463d406945eae4697d75bd4f98e6b3e643ed3e,2023-11-10,01:26,sadness,87
82a58370ab2ff0bbaa63587721e7aae46c75c2a65877748198ce9064c3f16fab,2023-11-10,01:26,joy,88
7c824746ccd71542fd31d894167b7c74e4867b2b0e0af44dd3af8258145af000,2023-11-10,01:26,anger,87
4d8c3fd57d006856006e84a4d918c740578bf02b9eb3ef1619b2c7dd27a4b359,2024-03-12,03:42,joy,88
52959de9bcb6047314007843944704e646de92a1c934f8afb50d6dc6640d10f1,2018-11-02,03:26,sadness,85
4b67042719dcad8929311c1c2562d93ad0f263a444e3512b8258a31266202f76,2018-11-02,02:33,sadness,84
e25269a5f88c824bec3ca8130d144387c15f4da86e72f3fbd24d195f5ece8497,1997-03-04,03:49,anger,82
3ca8912f9622417bff16647df1f95afb171a5ce71996778378190c66bc6c9a13,1998-11-16,03:00,sadness,82
20d2180991a4e5a2d0c7bcf20c626032f02e9640860c4cc52fda0e74172819e0,2016-11-25,03:38,sadness,81
9c15a3fda14c8445f2f3a77725eca99d58223bd474012a3a42712a367c0ec904,2016-11-24,01:51,joy,83
e32e1ff345125d4309806d0ea59b926c882873a204432cf0239292bcb9222152,2024-04-12,02:56,joy,86
6617127e7593bed77229c308556e2c679eadb2c4f5bdea790a9d70146a91257e,2024-04-12,02:56,anger,86
af08f9495a4d69f1bdb594426791e0c5b3aa8ef7ada2c3531d90f8b7c44b96eb,2024-04-12,02:56,love,86
075400531a8f976cc19025a9ff141c0de363b7ef9183d064579e1ab74fd43aba,2024-04-12,02:56,joy,86
ab83b7ab3e0eca1d04164a919ff4bcb9b2be75613395b4812b94d10eb28643ec,2024-04-12,02:56,joy,86
4da8aed7fdcfd2c9d58afa94ad3cc5ec8eb2d4cc48da55c437e626040200076b,2024-04-12,02:56,fear,85
be6ea4d011c48bdb55ac31356b1542c47f9ad302ccdc2bcd1f62cecd1df19cd6,2024-04-12,02:56,anger,86
2788210a4bd066c7c85824bc06c70333b0ded164fc6970109363779e66e953f3,2024-06-14,02:10,joy,88
cbf297d25e17931ba0dd2753248dfe2d872ca0fa75f900ffc84668dc17ae6c0d,2021-12-10,03:46,joy,84
c81cb1b77e014a05451b6c3c97aacf58aa540fa07f3a2aaffc3e8717e57c3dac,2021-12-10,03:46,sadness,84
925a407a858735f03ec692f1f146f0356578f8ec7f829979e6308d0fb34c898b,2021-12-10,03:46,fear,84
6999eedbe3c5e3a68af829e17b3149512c12f19f6d4b7b9e968436bab563e8ea,1988-04-05,04:56,sadness,81
233159de6719a1795aa2bdd68e6e1fb8708157c83dad34e91f8f6843e269d432,2018-08-03,03:10,anger,85
37327954f3a0e17e66da9a05452cf720a6cdc74f7276be1b80ebbad4d50d4480,2019-10-04,02:55,joy,83
15083653904f3815905466083c691c0dd3fd97d0eb447b10743803df229c5266,2018-08-03,05:12,sadness,82
b579a7d0a162fd67006cc1b54b4effc871cf3a37ba3a94d577463cce8abd94c5,2023-07-28,04:11,sadness,83
6830c1a91d3b09f64abf7aeb8f3fc4ed55c4803ef5c62c92a78f85d6638b2be9,2023-07-28,04:11,sadness,84
a7e0320ba12a1b86dafe7cae8dbec568a5544d2e6cbad661240d896c7b701cb7,2018-08-03,03:10,anger,84
ea52ea90f4e28ed3fda3db68f1f43e826623effe715b5960b123a42f4b29b169,2018-08-03,03:10,joy,85
610e94d70fd3f0db74e7818ddf083bd85fb51124b9e88f502c28d3b7cf2ebb14,2018-08-03,03:10,love,85
3eedb946681372c74580eef1d5e22a1c0b0dbed7837003ea79c20abdbdb70639,2018-08-03,03:10,joy,84
dd1eda831e3ae4923c8a6fc27bed7ea97d0a4417c023e80652a2016f1d71e4db,2015-05-15,03:34,love,83
c26d3d5a3668703b9f500e9b6e2d4a151022dcf563861604c0f3bc3b00e6a0d6,2015-05-15,03:34,joy,84
1ba7e5e7ffa4d6443ead044ebedef7a15303a778408683eb3e875e816603fb26,2015-05-15,03:22,joy,84
09d9dbd29b3c365bb25185d7ba4e536bdd0242fdfe2d20c076643729e7e5e0f0,2015-05-15,03:34,anger,84
ef207f0967a16250089a171f884a446cac9c031a189c0f9ff52f5abc1bc2b7e6,2015-05-15,03:22,sadness,87
62fb49f95a135c6c54adfd598dc6ffcf291b3272f4c53016aae7d46954bd4ece,2015-05-15,03:22,joy,84
6bc599ec604d1e255a6b8bea14e672b4360670df4d2e249b852b596f38cb3626,2019-08-02,03:38,joy,81
318e740a8f875defb5eb6aa8ac79726f2e4d97d03a313729f52ee3dfaf3f9c54,2019-05-17,03:10,joy,82
9739bae0940a19c863b8d47cb3327ef2db3a26109be7b61751b27333b1327cb8,2010-03-30,03:40,sadness,85
e1473627160198584387eca19536f4a6aee3e5ec64827401dcc41045f3619137,2023-08-11,03:02,sadness,87
1c99baf90a2e1ee372134339a29429de845ed4811f79a0a8bb88c13bf54c1674,2001-05-15,03:20,sadness,81
af81da594155dc72169da832b0704e11e1c63eef2a0c40f0dc3dd3eea375c8d4,1987-06-02,04:51,love,83
e236174738d86a4c3da5f69e21ce2135f0e25163b9fe3392239b7d956323ac09,2018-03-16,02:15,sadness,82
f1f188cdaa0c725865c901306ee54202baadaf4dbce2edf122541cd2d2cb19d8,2017-08-25,01:59,joy,81
5e092424169caea8b6bff3c8fabdee39df4e0fedfb8282a08f4593c6a95af438,2018-03-16,02:15,love,82
a443caa52086216461f7433028c6d10f88189ea7a6ba0a624fae3aeef5e08830,2017-08-25,02:00,sadness,85
c84ba5ca9357887bc3c5149d30d0fd6608c88690d45a3d216806c40081b5d712,2018-03-16,02:15,joy,82
219b4a92e0700ccab668d44abb005c7962e249e054dbc9b0fb9fe7bbd5bf65af,2017-08-25,02:00,joy,86
14a30a036a50cf8f050bf586c2d5fec642cfa454647bc00e3559141be5652927,2017-08-25,01:35,sadness,82
802197b66c7cabfb055255a9f16524849bdfbce67f5f7ff72cfeb0960821b0f3,2017-08-25,01:59,sadness,81
474a7c38fc66a0068a15eef788b84a4bc7bfe7dca758ec2d6a1d5075f8e9dca9,2017-08-25,01:59,sadness,81
40d143d671cf51f1dd97bd9845275943371c32c937e81070cc7bd44823c77c30,2018-03-16,02:15,anger,82
1a8823c4afc074152fbb94947100d95fc8f4dae9c214716f2cf4f000941cdd45,2017-08-25,01:59,anger,81
53aa072f3bb15feac4c632a94eb059f5a3d211356f0a64bf89d85b096639a0b8,2023-12-27,04:23,anger,82
9b15db316447527777d7dee96cdde698050c2c5ad9dfb97fa0560520d0ae15c9,2023-12-27,04:23,sadness,82
4406b99ede023a78b1c727d93f42630f740e295e6946b7144dc3a6b56d447212,2023-12-27,04:23,joy,82
c32481ec59de7b690b2d2abd25f8725548c6f2d7d730a1d9d5b9562aed71b775,2017-03-17,03:21,joy,83
752cca9dd6e6eec937b851ec3c750138cd2d0739fa01fa8ce3ab6634120ea9c8,2017-03-17,03:21,sadness,83
fa38ea49c8071aeb9c7cc1edd5abe2af081ec200accbe62ddf328bb5e21ebf1b,1999-06-01,02:47,sadness,83
4d175e61aac85bbae61c69d6732165ec01ffe2b9556168446c1adce361330c3f,1999-06-01,02:47,joy,83
6a07f48bafac59748015c90bbb03991382d5f57676658f1531caa32d397f3981,2023-08-11,02:12,joy,85
8065c0f399fe69236656086335f1c8b295d02ce7d5ecb2f871343e9131f268cc,2024-02-09,04:24,sadness,86
d7cd30aba82ec12621f613736023729fe9f493f75fb8ad44abd4e03507233aa1,2024-01-12,04:30,fear,86
6703d0c228a0a5cc2a617e45ced33d8eb7e3751c274080969284a2a5ce21bac8,2024-01-12,04:30,anger,86
aadb183751ba8ee2b74400d60c7bb64a097c7bc2569798a0761848f90b0dc105,2024-01-12,04:30,anger,86
03e3fe8433fb2c3557257b63816df9439a76dfb90698491b141f4255becc6666,2024-01-12,04:30,anger,86
4b076710b010ae106df320f06552428edfeaa67fa76f5e199cb5b60efbf679f7,2024-01-12,04:30,anger,86
ca696fd5fecbaf36f96e670d79f92120d5d38e99a4296a9676a645edbd72f9e9,2024-01-12,04:30,anger,86
703f9b167f53a996f2a0e40d85b080ea7acd0707af6a1a1a491794997f595e1f,2024-01-12,04:30,anger,86
97e1a9ab8ad1f2d5f6612b0eff6c695cbc5b812f02568a530e12bef464e1802e,2024-01-12,04:30,anger,86
9343b655413446996b5f6c31e4d948526e47a08c32f393ba834fffb039aca6d6,2020-10-02,03:13,anger,82
ebae3518e07e3e2acf82e6fb545b353bcad0accea3c2cc62f43b38b099ff4115,2018-11-20,02:38,sadness,85
fbb6f1c12a71a1847f2b01cf9dc527cefd9cc889208d54cfd53f8ec62f751a86,2018-11-20,02:38,joy,84
4e23fc6b0ebd90a810c7fc23695580c8449431db1b654961e67f2aef4e4d3d40,2018-11-20,02:38,anger,85
96ce991c994278ab7ff1c97ff5a3c033e3d99966dbfce7fcac57fa26ca335c71,2018-11-20,02:38,anger,85
ddc4e63beea24e86135ced8491c27d984dbbf51aca955bd5cd60e808fabca081,1979-07-27,03:28,joy,86
e7529635b997f2a0f94ab1e98d7ebf9856e78a13b6c0d694ce1e97fe1b9a762b,1990-09-24,04:52,fear,86
c7613ddc64aa32544683266b3297e02a66cae903b8282bfb46524b033004707c,1980-07-25,03:30,sadness,85
754b60644a42daaad5f80b879d472392c686f422067b16ac3003384819f142f1,2011-01-24,04:02,sadness,82
43c75fad3c71219667adbb4eb64043e86fb7b1bc319c0e466cb6a7a2234c8ba0,1973-01-05,04:27,joy,84
746dbfda1ba871da93885e20665f0a1e2e0968b5566d6050f8069406ce942fd0,1973-01-05,04:27,anger,84
6260a768bc31576cdcadd5822674500f7152c1fe5e363bfc07542b21ed2f3846,1973-01-05,04:27,joy,82
13f91a7855ad1f7db430732da1f0fcde62e8abeef6912bf8f151addbd5ae6ec9,2018-11-16,02:49,sadness,83
51142a3456198633750ae10c269a768ef6468aeb4e2fa4f1790e9ea927b9b867,2018-11-16,02:49,sadness,83
dc87935e0c57315b5ab1f58b7be092cfe9376b99c73b17a92732694e34f6a9cb,2007-04-22,04:13,joy,85
45fdfaf10ccd9612dc4d88ee7461377c3083cdc25de7b5f1e534ab4b384e18ed,2014-08-22,03:17,joy,82
18f19ee1e7d7cbd05d7d350c1c775319a5ef133810a2a9efacd45d2723e2b47f,2024-03-08,03:48,joy,85
8323d128eb5d9f4290175d643e5054d1d4031aab5be3a7853b48e96665e5d1a0,2014-08-22,03:17,sadness,82
3a604e54787e190d77dc6608651ecbcd3676aaa7e170377ff0c7ceb653500aed,2014-08-22,03:17,joy,82
416835a89ae65d4d581818a26b75fc1515c805000fd69d10ac11ce5d9d2e1b8e,2013-01-01,04:07,joy,86
e2d9d8aaa0db51ae692e9d33dbdc513dc883ec3979639ec4732ccecd7d273a2e,2002-06-04,04:04,sadness,82
48e037e54c09026a9a76df6e7d498f0ce19fb4a498f0f05cc2b80f7b697ed915,2002-06-04,04:04,joy,82
e2223d6d52f832350f5a9c5f2014d4517e5dafe25b0a42caeb46b244d331fc3c,2024-07-01,03:32,joy,81
26c7dff4dab180a0f5a79f5ca778ad073a596dbae9b1d4b75cf0466cbe916e27,2024-07-01,03:32,sadness,82
2368552a40de8c869efd8c2226c2c1f4382c54cf3c4d030ac70cc9828fe36be9,1999-05-18,03:33,love,84
24f0f1526972e8a111f6132302c614b2b28efd43aab160a8a3cd5b4995481851,1999-05-18,03:33,joy,84
b53927440efd34b5afa135990917f3a81bcdf66f6ba308f9cda483272e99adab,2022-05-06,04:03,joy,82
9ef59e00229e053da1206a8b8213d3eb5dd7488771eab530d79845a223164bf9,2023-01-11,02:58,love,82
611b74b346c9ac56dd11900079be871999f8c81fb6024835cbb20db2d2e77a2c,2023-01-11,02:58,joy,82
959f9f88f03efa764030499aaf4699c55e3a474b40c54f5617993ae939c07c66,2024-01-18,03:00,sadness,91
cf003b164406f62c79100ada691d1673a88e6f82a27b073461700d4c00d3a12e,2003-03-10,03:55,anger,81
6db5940602474a1abd12daea2dad743d5a5b059e25ec465d5f68dba61ceb3019,1977-10-29,04:14,love,82
1f3e00aa6b782afb807200b73dbce0a2349ef7bb86fa3653074bcd56025f161e,2024-05-17,05:43,joy,88
6971752df77ae0e9ddab5e1cb1e9871fc37af2ce8f0ef3fb7b1afac53ee649e7,2024-05-17,05:43,joy,89
7e8636812d97e7f14cef4be8b488266cea18651a62e37ce48684a11792af3ebc,2024-05-17,05:43,sadness,89
0474f346523c538c9c60eb3acf801aeacee5a99763153dab7ba4e86cc0c77620,2024-05-17,05:43,anger,89
ef73a6acac7764548abf0bb1119670c2b4477b59e659eeb86dcc5496ccf0ef0f,2024-05-17,05:43,anger,89
3bc2c39ad382f2907aced0696ec88584698b3be401dac40bb05d3cdf3e8a4d66,2024-05-17,04:53,sadness,85
64282b53f0928d4eb9c9297228a03c456f594c537c860de01b1f54cfdb9c5746,2024-05-17,05:43,fear,88
fbe1256e2ae5c86d2ee55672a4a4fc1ec308d2e2e6f3b4d05392a7867b4e54e9,2019-03-29,03:16,joy,82
002f8feaf6879b5006f140d4bb8eecafe8cd49ef45b39d80cf57c9e050bc3106,2024-05-17,05:43,anger,89
e3e4a784503710a0883b256af64f70327e4b200670af5e4d1ce31def0fdac27e,1983-08-08,03:17,joy,84
316d359241cece9a6026c2527b5d8fa9d38d4b86cdace0248690fc976707974c,1983-08-08,03:17,love,84
f58ca6d1514fda853df0070245579b6d567cf11342f15880ba55c78157bb5fde,1977-07-18,03:34,surprise,82
d5074b6ad32f3710cae008de0ec3c66aa763c59cb2d540964093ebcaf6d8bb75,1983-08-08,03:17,anger,84
aef736aaf98d2c7fc5f98674b8769e3696236486157b07b6b035415281ce2f5f,1970-09-18,02:47,sadness,83
1832d9a7abd026a4de783a6d7f84ef1dac94e419c77484677dd0752e3b3ddbe3,1970-09-18,02:47,sadness,83
f429a770332ee7df0fa737954c4ae949a31f080b367720d34d8c4e32a613f420,1970-09-18,02:47,sadness,83
eac4b2c352efc0572abb314b9d16eea963013e9619fb6ab7c0d1ff0f44c263d9,1980-07-24,03:57,sadness,83
d33335a00fd55b1d05043c383ff90c26958be7b05ac39d7eb36bacdf5f385d5d,1986-08-16,04:09,love,87
7aedb4107524907d99a75e1d4a29a3f8c6061cf5f704bb2d637239fee5b438ae,2000-01-01,03:44,joy,82
837967410557e793e972481b68b3a2c8617d590eb6db999f3ed896f1eada57ae,2000-01-01,03:44,joy,82
c6224288f07a4589accd3f912e8172f9c120fa1aaa68bc0b656f7ac961c734b1,1986-08-16,03:42,fear,82
22e217465b2603c27b83746f9f55ff28b2e0483d25b6fe3ebaaf1c68959f5357,2000-05-16,03:31,joy,81
428665b2ef0661eadf832449eb9a0c300cf97bb15fe891e8272ca4eca3bb0da5,2007-10-25,04:11,joy,83
08d86ad7492ef05a99c6539a65d284f24d09de3b4ad306cc2cf77d3c783635e4,1984-06-04,04:01,joy,83
d5dc4d952669801a561577d17e32c9760431b4a892654a1f4f458bc1968d8a9b,1984-06-04,04:01,anger,83
33cca1d30a54a128568390b1ecf440ebac6ef1f2018e349a7c68257cabbcf04b,1984-06-04,04:01,anger,84
4b9388c5a777775659728f72fbb4e76a2bfc0d49fe8efbe861127070732eb2fd,1984-06-04,04:01,sadness,84
9cbcba598ae9714f53925e4ad02e6316655e38eadd4467811e9d9658e7fd5786,2012-12-07,03:33,sadness,90
6e812307ef1ebb0b1df0b541e806ec36bc47c292eee0b24dd2fb999547c1791f,2012-12-07,03:33,sadness,90
43f699efe0c999f8d0158787a7479150fbc6c4604cf1ed61a5ee370ec40cf908,2012-12-07,03:53,fear,91
7205cc9ec9c308db6871c1318b7e1a39331de0c05a3820f54cef474c5e373449,2016-11-17,03:26,love,84
63379f27977dc4b8ca0bca6ca0d49efc1f150b8960b704819fcbf637e0457bc9,2024-02-13,02:41,joy,83
975cc4d4b6965c6163595435fc075ce90f71c576b02151a14201ad7b29ceabaa,2024-02-13,02:41,sadness,84
e27a34f35a704c34d962bcc30a759d3020d687421166f8490ff600a6e45cb605,2024-02-13,02:41,anger,83
dd56b65d4350ba162030bb7b2ec2ed81efa5442f77fe26e798cda716350ee239,2024-02-13,02:41,sadness,83
f77cf29d410fa5b53a15362f218d2c37ff1c5e1fca28493343fdc67410fcb6e8,2012-10-29,03:26,joy,84
553616dd18c9795b2f6418b82fcecacbff727da2af14b203041558be4bf9e3b6,2024-07-27,03:12,sadness,82
6fab30ab93395a4b24495ee179ed540a28bb244b71e09623d4ea119a5cbe0c19,2024-06-07,02:31,sadness,88
3223803181cc9da9dfcafb0b565d89e12941aef944b74ea7d48a5a9ffb2421a9,2024-06-07,02:31,sadness,81
662b13380fa8f325a698c7438f755ce64463d19b5a95b6d36e616274fca820e3,2024-06-07,02:13,surprise,89
17282c9ffdc813a6fe53ceb3ac3a0675041fe3949b2334c80c2997018f753a4a,2018-05-11,03:28,joy,81
e06192ee442fce5a57afdf29e1bee62a92b9682d016f93cf1504aa3ed065ae5a,2016-12-02,05:26,joy,81
fa7660d0ab1295cbbfd0684c7daf3132c4d0b1b5285d7c4d976e7134b08eba27,2011-11-15,05:17,joy,81
03e211b7a910a2a04cda16b3c26ce63ba9f0fa56f8b043c15a9a65b000e65c54,2016-12-02,05:26,anger,81
31d615a404ddd23be0acf6729ccf925995a8b60d86a11e23603a023a514d4fde,2016-12-02,05:26,joy,81
ad5030a9df6115c664d1d095f036e242d36b1c059466e53d3efd70b6750c17b8,2016-12-02,05:26,anger,81
a69cb44027fd10b9aec0ebf33dd094ac1933c8dae2e162a27a09e05e5cc3eb9e,2019-10-04,03:04,anger,84
9b491f2478cfae83c4b134a34bebac7ce5639ed275c88e70e4a21e13a4d3236b,2023-11-10,05:06,joy,87
48acc7ee0f01add543d2576f5c9a5ebd33b6740c716627b9941ca9779bccc467,2019-10-04,03:04,joy,84
bddb5a1cb0269fe9cbb87722e29ac7eb5230c2a37eb47c01689b9f54a45ba172,2023-11-10,05:06,sadness,87
bc25d6656ee0d524e02435dd376e7e16c4749bbee1777dba0d560fca066822ab,2019-10-04,03:04,joy,84
c379109dad87626d2ee584bd1ad9465c8b39f5bf74974adae36817a3091ef3a2,2019-10-04,03:04,anger,84
f0d86c606e0e62a149ab2be90c5fc06366a3d9d7b5b0c54fb1f85c369a3c5de3,2019-10-04,03:04,joy,84
2ce568e4faaf8d1f4284f95c805e5b0fab6e7442841cf110637237df5a6c6143,2015-05-04,04:53,joy,82
0a1789be4bf4d869b7795ced9ce7f1f1c22b7eb3e2662e9e15a2139b2d528110,2020-11-13,03:33,fear,82
387e321f9608bbc571cd2aa239bb125c0be0bc5f5b1acad99356f863b5562b3e,2011-10-18,04:45,love,84
f693e5da2b2393759801f3310cfc6e00550306bc4114e9d706ae9d48814752d4,2002-08-27,05:07,sadness,81
7064b3450b0f33607770d67873c49feb5140a2848c8c3e79dec4c827d4d9964d,2015-12-04,04:18,anger,85
b878d3f4be19593b100f40d476969031e98985ce204bbdd8e9ba4cef381a71a3,2002-08-27,05:09,love,85
8e0af6ceb1a3c6fae9d06b951d072f1f0778375241c0fd8ad26d5044328a06ad,1995-11-07,04:00,joy,86
4f957898fd48f36c1d9fd015611834be4d76a0c5938bffb887c8c584a0d6f5a2,1983-10-14,04:01,joy,82
851eeca1b85ea316301ddc48d6bd5b062fb1011003451c849db1f7dbbdf44894,1983-10-14,04:01,joy,82
83c43117c6cb0bc1f49c5c850e0ee3d2e16b9ec950fbc176621517198315466e,1983-10-14,04:01,anger,82
bbb10c3594426a4e7b4b7d3ba9d1a0698fe0882e150112065a566530df134155,1983-10-14,04:01,sadness,82
481f7403ee4135f6d0133fbd3881c2498bbdd9bcd2eab85c52d5427b190bf75c,1983-10-14,03:58,love,84
44c45a93d5168e0f0f22d0bcf35b41e7ca7e2ff0681a19dc07319f463efbc5f8,1983-10-14,04:01,sadness,82
57f56209c047eae0836ef3d269be06ce7a6526affcf60ee3f8816ee557b6547d,1983-10-14,04:01,sadness,83
b37bb9d76716d3854f5512540d6ed20462b4fc4ce2cec4f1fa51c012b860d013,1983-10-14,04:01,love,82
8ea137445d7fa437c2a6a6a06cb9a26075b5cb8aedc625e0a61278cd7042992d,2016-08-05,03:25,love,84
40428669135f25f14ffec7b08101794d1c2b2321dfd033c7da5485beb7e10acc,2016-11-18,03:39,joy,81
47312aa3fd0bf025fc37c1886b72dbe218d6194432db84af6a21c4b1ba6e4f35,2017-08-25,04:38,sadness,81
a329763afe55c5baa830d58effcb9dd3f5e7f8a0abd75214708fad8d1e716532,1978-10-07,05:48,joy,81
22fea95b59e05a8990424a249eaac7d57c077ea2a2210bfbff3ffd6072c3987f,1978-10-07,05:48,joy,81
8c9705a19f82f1601da4bd8604858d86d53877927288b6dae278a41c94769279,2023-12-22,03:28,sadness,84
6d696f7d49e1acade7231d80226ebe29ff3284339ab60eaf2a3c5bdfbd703e1c,2024-05-03,07:36,joy,81
c1e935d3b68f31dd8eba2179c9d0a2ec7db97d45381b6e7b75a7c162c79ee225,2017-03-03,04:23,love,86
db3244614c1b3c2c89b5b0eca768cb2cec4392e22a78a24d0970857f14ca594c,2021-10-25,03:27,joy,82
864a16750c4c12d1b0298c142d0889a9cba73657741185863cca48fd5943a80b,2024-05-31,03:47,anger,92
7442aaf2f185eb5569ddd2191d2af1c664f8fff5f808bc680024d8743a4cd7bd,2024-05-31,03:47,joy,94
2e27beb082d503dd0b7f6dbf6f2d6b6fe6a8fbf15c98fdcc107020438f4ec5b1,2024-07-12,03:26,joy,82
41711299ea01d1396ba6b21f8569a5bd4b587fe1e85fc7ce081e74b27db1c188,2000-05-23,04:44,joy,88
62ac7c785578134fdb87513894ca3eb7d4fbf4904b8736ac33d6a80abd18e417,2000-05-23,04:44,fear,85
8ecd7192b909c0450c4c4b200d56bb91d0974252c12480cb4d55f105e8908775,2024-07-12,03:50,fear,81
d9ddea0be483c176e19d692baa4f8c9c3d35c82f7058547ff047320b225141af,2004-11-12,04:10,sadness,86
184c174a4cc9db0526afa2d70746fa20348d0103350593224c3f1826812ecde5,2024-07-12,05:25,anger,81
15d9178e95826cf8b5252dad50faaaad5bc3d03e532de23ab2673cce78cf5ed4,2024-05-31,03:47,anger,94
8d27ea13f6c7400251c4c853fbecf0614306a77fa188218fb45bbe9137729891,2020-01-17,03:30,anger,87
900c402e9c39a5610b67410c9c3950710541e525de2d52ff65f912c699fdaba5,2003-03-04,03:55,sadness,86
95f2ab91aef4a8806a72177584a7abd8e325566caab3c67f21dc7ba8f1e64000,2003-03-04,03:55,sadness,83
111bd93d03e198a35fb9cda8d0b9ad50eeb4ca07c669d658eaae4ed748473d64,2003-03-04,03:55,sadness,86
17c85811220ca09b503d0de0ba8c634dce664562ff12a8a8c11ab7db9f4c859a,2015-01-20,03:48,sadness,83
4b03febffb9c7676816a8fef14dad25732fe003d3b62c6699424ec3995397326,2007-01-01,03:23,sadness,81
b6c2933768a9ba392c0837060378bff546518e0bc0247de388de366ca1265571,1987-04-13,03:46,joy,81
4c231e6429550ac10f4aac9aeb383fb427d117ae945e47e488ee89a9e0576aa0,1977-02-04,04:17,anger,85
0f042cf1cfa1e5181b4d86abb431e8f7c4af8c12eb3a51bfc11b6c6c50f859ba,2007-09-25,04:29,anger,81
79ca000709c8d0285febb2bff451558d4f3662e04335324fb6849e8030cf45cf,1997-05-20,04:10,sadness,84
ba2f51472f2599abf6a489397f47c512e069643fcae867bedece61002965a0c6,1997-05-20,04:10,sadness,86
03bdec9cbd0215ac8da86938e7f51f6f7424cc4bfd57ffd9a526fa7b85be78f1,2011-05-23,03:59,fear,86
287680aa23df9e186d486b1971ded72fff78f44fee6b567bd6208c3631e06d12,2011-05-23,03:59,anger,85
86244c5849c157ccbfc4dd8397af118d1b33beb4211dcacaaff0581b85db8e50,2012-07-10,03:54,joy,83
40f5474f0850f8c193c27eac1177021f233ea2eb93d33e686a2aa66db47ca566,2016-08-20,04:08,joy,81
5201fd09bdfc2bf0822b8ead31030630a6638826ed792d1d5b6b1f770e7dae15,2016-08-20,04:09,joy,83
9cc3f2159c3efd31d6a04a7f1ea68d24592c04fba9adab9236764c79ccf6a2ce,2016-08-20,03:04,joy,87
f6df7d8d6f060919646cf46c09c1dbf21ccfb7e1701ebf90b4d2f5e97ccca1b7,2012-07-10,03:54,anger,83
b19ae9d52b9bc88b7f8664abf2573151eb210720aed83d4ac1902bb5ce73d7ad,2016-08-20,04:09,sadness,83
9402d8c5840f152ec764572078528c07821b9bd6a3847a1831ca60b741852d37,2016-08-20,03:04,sadness,88
8b857ef3a76dc3f931e917c9ab42f531fde87ace783ce15826cdeff2ec2aff2d,2016-08-20,03:04,joy,88
57584c723f9015201efb88a5c2ea99324d796f89e7ca5aee7a83440e16eee813,2016-08-20,04:09,sadness,83
9a55f52da69f7747627ce75366c9d98cb135cb09fe4b29ab953c70a4310e8b03,2016-08-20,03:04,surprise,88
bc6dde08214e1e394a4c203dd2c7ae38ef0a1cfa30464fd1d5cfe04f13e5207e,2012-07-10,03:54,joy,83
2306a6fad6f0b15ad52b4826e9b47ec59a8122f1732aebf80fbac89da9bf267c,2012-07-10,03:54,joy,83
c8669efc78f0ba6af6fe72dd8200f6884c51ffe283e6b2a5201997f8d4948233,2012-07-10,03:54,joy,83
292fa605230d65639cb20668c9c9f155d5e994d91fdc9d8e472267cfba4c825b,2012-07-10,03:20,joy,84
3053648eb56903bfae92dfbf37171d81a554dcc482ceeaadbe9ddf0f50904254,2012-07-10,03:54,joy,83
fbd09dab7f2718fb36e18ce6f2dd5ddf504bd8f5856396c7018dd99aaabfc770,2016-08-20,03:04,joy,87
78f6d849b74c4aa88c02d695863e2e6e564f1db594d46c3ad419ddcdcae50439,2024-03-17,04:57,anger,81
22020e63c6a35b629b4f50ca73b96981461761c3106e79f579f3fd11341fec8a,2024-03-17,04:57,love,81
a6197c88c4e22db6e4c56487e68f7e7c2bf855ff9861a95937d997bddff3ccfc,2024-03-17,04:57,joy,81
1c60245cd0c53df20a8ac106ee01c73a62500464ff356538e95a931a0b03292a,2024-03-17,04:57,anger,81
f9f13a7fdd3eac3cb2b25db6fc655dbf63d998b7e6ac85a2e83314c4b0f19e4f,2024-03-17,04:57,sadness,81
55da82c36497537c7efcba4f723edf1415a67c47e69a0612b0579e2cf624c5f8,2024-03-17,04:57,joy,81
42aa7d612dbe066faf64a771e4fc4d10f015818245919a43a987c65f400b4d04,2005-05-23,03:42,joy,85
53fcee2148d4829b9e8178e6d4d7af81d588cdff48b64811d23f440744542134,1994-02-01,03:01,sadness,81
eea141673dd1eea053d4345c3557caacf0fb94af947b974e3001cf53cc4bd3e7,2024-05-10,02:24,anger,85
70be16327038204d700b392d008deba9af6408b133d0a9fc38fbeb3a697a39f7,2023-06-16,02:05,sadness,87
7d3ef74f9b335a8caf56c61ba1a6371f13ac361080430b3d895d1ba3021e76c3,2024-05-10,02:24,joy,85
d1f355788f39d81c6a2875d689597f27c0a3f68deaa1cae4338aa28a5f187e61,1987-07-21,05:56,sadness,86
c356a8a7556416ed1ab0434816351bdc087a49d5db04cd808c8c6449876606f1,1987-07-21,06:45,joy,82
b4e9c1e4bef70998388b5adfd1702ca41e2983f2a1b445e6fffaa299ec190331,1987-07-21,06:45,sadness,82
7919f12fee3e765522b7ffedc5629ad913ed8c4d5eb160922897ab724ec7fd6a,1987-07-21,05:56,joy,88
479142954ce29cf4497101ff004a6cb9aa50597c30d24e16657cbe4a4150251d,1987-07-21,05:56,anger,88
c9057d66247bc1d3e001618991da4b6f2cf062762af1c9cb25a488a99d823972,1987-07-21,05:56,anger,88
e478cacea7e252582af24dbbfe7334d8249992042c9aacba317d249438874c8d,2014-09-19,04:01,joy,83
b590850c96acd5d219425a2c316598443ff5e364df92930fadcd0a2b3edcda8c,2022-07-01,02:45,sadness,82
4b3bf15c82622cd49faf6f912213ea675df8d2fe745fee1faec8997db5d0e1d2,2012-09-04,02:57,sadness,84
53b99a755ff8c410257fd0ee4744f4e64fd61034a3374d2764e5d74a1939eb9f,2017-06-23,03:21,joy,82
e1be97e7608a82fb4e679102a0e33e2daf0fb0e551b9cf79f10835aefb1f6bc6,2022-07-01,02:45,anger,83
97aaa4e6a09834957fa57e33de2e9e1f8469289e43007662f3858717ef7f6c7c,2017-06-23,03:21,sadness,82
6797973e87d6627a120ade428001c331b2d985c3ba09eafdfb4f265bfdfbd531,2022-07-01,02:45,sadness,82
d97b912951e4e91db566c877c187bb2791847159172e5347dfadbee85cf37845,2022-07-01,02:45,fear,82
df0ffaa98c14caaaa258c94da93f7ad49c0bbea2587c119b06a580bafcd7c3e2,2012-09-04,02:57,sadness,84
0f5111273398b425f431a318d894c046570f81dba1894685b743ed80129c816c,2022-07-01,02:45,anger,83
d76ba2c4d85dc47954e67f91475b2d229237d25e6edbba6382657ac6b79a1d0e,2017-06-23,03:24,joy,86
3728e563f2ee0fa6fab49cf8fea3fd25dfe9b663f710fc1a4a9ce9a7cd511f77,2022-07-01,02:45,anger,83
becf49abe5e7464c32451bad32aff4f2195eeea61855fdfe100394dd9bb99611,2022-07-01,02:45,sadness,83
278648aff0fdace26ea30a37572807dcda1da46d6443ba695968e3180efe87ac,2011-09-27,03:55,anger,81
b8a9f589c04e21f78ae73c9b9354d66b324b3b950c4807e025364201e9e07a2b,2014-12-09,03:59,joy,85
780b4775094d8a59b084eeff18d65394945eaf5b7568f6476e8cff48875eb34b,2014-12-09,04:52,joy,85
5e0bec172d3449a5592dc6eea6ad81feb1e230c590767a1ababf2c29460c474f,2011-08-08,03:39,anger,81
c82efbf4e32c9733a91c31bbdbbb5eb2616b9d14d6065b94db5239e05cf6b7ed,2023-11-10,02:18,sadness,85
2d78dbc23eca60c915bb7745970aa7a8374e49d9f48fef36849516bf5b21e0e4,2023-11-10,02:18,joy,85
67d12af3497b4b222c606a428195f4acde404cd04e1f3bdd1bc51f3e21c591e5,2023-11-10,02:18,joy,84
5598a69b2a08dbcd792877ba29d0ea272e8bb6e446a22507e72a30a3a8755cdd,2016-10-28,03:31,joy,87
8543c2284845dd1892e5b66b849b2eafb1aefc24bee4e0fe229712f4333217ed,2008-05-01,04:02,sadness,84
09cd88795e7e3f178995e565c1496f05b9e335fb495cc72eaf13abd67363083b,2001-07-17,02:45,joy,82
ce122b60cb93c48bd6304efdca3b83a7d813e7194ec2a0f3235089de133bd204,2001-07-17,02:45,sadness,82
5144a8d7cc21e55a182b0be805d7ee05c0f176bcde0261184297591a31d9432f,2001-07-17,02:45,joy,82
8b5a01511fdc80a17369d2edf8ac40c442919994f334999f64f9e3587ca2aef8,2013-08-30,04:29,joy,87
321fd6d794174b4b420c5d2068276d4b19b7a53aeb8741a0c0796ac1819e294b,2013-08-30,04:29,joy,87
7c4612845a161ad03957751aa96312098ffef52bdfde3e88257213cd506345fc,2024-06-24,02:02,anger,86
861705423f6bb9799ab2988babaa4a49d8841045e0f786122e553bcbf58a0606,2018-12-10,02:45,anger,82
dbf302afb4b4157fad841f7a9299b7eff0564e36b19865c3190e783c86f6beb7,2018-12-10,02:45,joy,82
1ec22cd135870c1a49635d608d4c01fd5535a8d0325ecf7dc5e7b4328df676cf,2018-12-10,03:59,sadness,82
2a18d15903d36576a78791c94c03b3344d3f2bc0d4153f78b7dd9136461764c1,2018-12-10,02:45,joy,82
8be82010a73d9441a8d687385f9bee1654fac845e390467852354ac946795027,2018-12-10,02:45,sadness,82
13df4fc4ed186f60bb69c1365958780df3a692337db9eca1539f4aa647718ee7,2024-06-07,02:46,joy,90
03101836c1af6be44a9c85b7951ccb08f5608210da5efc1e88a188a5d3bba316,2024-06-07,02:46,sadness,87
8b8ff8cb1bb34d2180581374abe1bd6c4f3e2bc42da4af8bad0305d1383cbd9d,2015-11-13,03:25,sadness,82
0964883ba55a40e091e72ff2878c25bc02f8c0c42e6a69b7177cc2e7a6bcf490,2015-11-13,03:25,sadness,82
6a4ce801ec08e5c301fb1e1a6ab7d7e50decdc691ecc1ce75bb500bf7680d425,2021-03-19,02:33,sadness,84
ea27751b0b4c96de462550bb806e44b157a1d71b6d1389e0153586085a715e3b,2021-03-19,02:33,anger,89
731f758e8ad562ca7fcb27e734b6ac4f39f25e313604eda8c52491348d51357f,2021-03-19,02:33,joy,84
0e56b9fae71d7e17b909a4d4af8338a1dcec0d7979b72614d321541aa285b574,2024-01-25,03:49,joy,86
077f7dc59e9ed803deab5d31b2e25243d11d24cf775982acbb9d34c83a0c8c70,2013-03-15,08:04,love,84
7c9503bf9e7d7513ce6e889762272567f13099144831eb7a836104e4aa58235e,1985-09-16,04:58,joy,83
390524a5a7b1951039d083cb6543ada50aa056aa408ad18c3e628f864d1d30d0,1985-09-16,04:58,sadness,83
ee928564de2da9f20fc9fa28df8a5822c5e92da406f9a4774b43b8f69f344bd0,1985-09-16,04:58,joy,83
568de22fa9d6bd40f8dc75067fef2a7d200c94717c0a03a2cb14ffe23720bba3,1985-09-16,04:58,sadness,83
a66f7acee8348fa11755ce5eb81fc204599beab0376c0fa532cae839bc52dd01,2024-05-04,04:34,joy,97
cf0eafb79bc664a3a8aca12ac323e6de996f3b83303ba054b40593724fc3673d,2024-05-03,06:32,anger,81
8598983db8de0b7dd0081d6322e56e942b0fe251184ea38b45c93cc4d220974e,2017-04-14,04:35,sadness,84
da8f1522761e9a60f1d3665e2c902749ce69b21fe7c43a9c87ac1f7d8f3cc836,2024-05-03,06:32,joy,81
ffd46e75720103dd163b57bd9f788e698b844c323ddba54cd95ccd33c2f5e957,2017-04-14,04:35,joy,84
8b9296548320f9609e411051c8bb3ab686479cfc05354030d1632733f85a3993,2024-05-03,06:32,anger,81
0a7054c90241cb89d2c14e407ee4a645008fcb3fe1373ab13ac338b2b1990b20,2024-05-03,06:32,anger,81
58bca9d260c756e6a9f7c6f4dd66651a1605fd8b306330ee9b996d0833b77b82,2017-04-14,04:35,fear,84
493c0d8770eea636911e1c8a16216c6dfbb10c38769868e4f8bfa5d54bd2e6d0,2017-04-14,04:35,sadness,84
a15e1dce784cf241d2501a20da5c8075f74741ec454fb5e342caaead26947a0d,2024-05-03,06:32,joy,81
56db2eaebd8a9a749e63b9c9a9198413356dff5f6a52f4a84cbede8eb69dfeba,2024-07-04,02:30,joy,81
6a069f286d077394014bfc6df4af72ead36d1a98b36b58832591efd1b3716241,2022-05-02,02:57,joy,81
ea7d7c86c74d53afb7d99fa10e353c08d6c483198488328f40dfd4bcb6783212,2019-10-04,01:31,joy,81
44e3158be17f2b0df031c70d0aacd2c775ce59fd7d17dbda701eb9467aa55261,2009-11-05,04:54,anger,82
5e2826241bcd2f09e5d02cc57faff1056a415a09e06fc476d6f5ef6ad7268a5c,2008-01-01,03:57,love,81
bf06dfec19ec866a027ad5f4eea4ee9b427dc1a63f199b7fcbc663d79ab6243f,2021-03-19,04:31,joy,83
8b23d832442229c417136b6bbe89937526d2b6960830b32ac0cec92fcdcdf457,2013-01-01,03:56,joy,86
ae5b598456516fa7c43c7d8853fa38cb99a93e2ef2c9673914644f9bb164a621,2014-01-01,04:16,joy,83
f101e2b223a56953d033fa81c57ae71e4a9b391eb9bd1edad700c497ade5b4d7,2015-08-17,02:22,joy,82
1b98f2757a4bd09216666b73f8f9dd2139cd17d503dc739f96a26115ffc00ee8,2015-08-17,02:22,joy,82
3180799270fa2ddac13e24345453032041ae8cd6d701f126f9c5c137a94e4ae1,2019-08-30,02:11,anger,82
56a4c1b4620ec1b6d2430d5b16ef7689924c9dfc7b613c3a0fa340bb475f2534,2019-08-30,02:11,anger,83
10d2e92f89f480f10a711f88a49558a65974059666e7cc56be98877e8df17cd8,2019-08-30,02:11,anger,82
86e8ed6523d9fe1dac93419bb3fafce52d6eb14fa2bc1c2010b59a9e71c9c6b2,2019-08-30,02:11,joy,82
5854980a6d0d0764634ba88c7e6332be1b716941fc4b585934770d95339e8954,2017-08-25,03:02,sadness,82
a75bbd8fd2f5c233c46b6e7f69380199e2e2e1e74a4f64cc1fc3ce067a3a83c4,2017-11-17,03:40,anger,82
7a1c3e001c5c12a1b4d37fed66101964d707db6e5ab0cef25105ff7c9f94843b,2017-08-25,03:02,joy,82
97dd849c9ef6547b0eb93b323c270dccaa6492b13449b23b75a242ede2903d74,2017-08-25,03:02,anger,82
62a13e092728d1ef7bf13eec6ac1eba917093a47383e01d16723d1cf09ebcbe2,2017-11-17,03:40,anger,82
34559e7e320f68d32d605d2384ccb186a5c11bac57703034feb6b92511911107,2017-11-17,03:40,sadness,82
8e41c984b5a149df567c48893e315bcf1ebf7a5b607b8732285ad1857de8309a,2017-08-25,03:02,joy,82
2670394e0e95b9af3f9e53afd097c4a9ec8772992c9c25fb3c2842e9e7236b09,2017-11-17,03:40,joy,81
cccaaa8aaa40fa3da1b2cb1dfdc3a0c3e1bd8a8288ce1e4307c2b441f94bb949,2017-11-17,03:40,anger,81
ce60713086cef77a1c83901bd6e3551151a4630936245bf3eab45562a87fcf03,2017-11-17,03:40,sadness,82
4b9b4ff4d4c356b799577a3a17001488e8f0a194fdcf0078bf818fdded82dde3,2017-11-17,03:40,joy,82
5f12f1e6851adb92b62deb2d1c9796c942860084d86f79d641407eb31b60c891,2017-11-17,03:40,anger,82
2941b238d534ce454e040c913581d242ac30991deca59137ed66a19c1e318889,2017-08-25,03:02,fear,82
a521959864ccd6b02cb1917136d9228ac030d0f5b228b00bb68ffad117df58bd,1999-07-27,02:46,sadness,81
087297dfd6d5621dffa03677b84a00207937916d2ea716d2f7f402a2272f6517,2024-07-20,02:37,sadness,81
21b45f19418b9018a5a52bc1d2b3d241590070b9e9327232bd26b5b5ce2ac12c,2003-09-16,02:42,fear,83
a457b16b9c8f3042c32255514dac06c7bbd8d74aec1156dfdddeb6ca6130ed80,2007-05-14,03:25,joy,83
c9c426c3664a822cbd45c0e00b3aafe03a8330537197441f5409fea1a5698f74,2016-04-01,03:57,joy,82
4bd382f16845097ae02acf627a56a70d832b2971aed22444779bdacd5cc1c72b,2016-04-01,03:57,sadness,83
00da44bf42840731653a7dabf05194bcc22047b848660a1531d1c06e8f78abc9,2016-04-01,03:57,anger,82
9842e43919191973a694ee41660358f0ec01fa30b917ab3861e69ad3aa01e27a,2016-04-01,03:57,joy,82
017bb333d7e2ea3fc6db9a627679bd2cc7421819c5ae3b672fd12d8197a6f279,2016-04-01,03:57,sadness,83
a750fe1d5496174f13162d0ad79614a2c17d107d9862e87a5e2607c0a5d52b24,2016-04-01,03:57,sadness,82
cef13abb60eb012e7a86a58ccaf60292d61879ad8b7ff4251c58e3fb4235fda7,2016-04-01,03:57,sadness,82
c238a1dbb90340efcb4ae8c94d6c4c3fb81e995441bd19671eb431bc0670f585,2016-04-01,03:57,joy,82
8ccf12ef829851cf4f171a1ae04b8ddec74ef4b7ba14d7d8775cf6aefcfbf32d,2016-04-01,03:57,anger,82
11a8304ebe82e19af37b498f3d23aec442dc58842c1ea69d5b714191b1acf917,2019-05-10,03:31,joy,82
15900347813e33e6fe9d336b2fe4954f98b8d655094de2be8cdf0b6e28ae6278,2024-02-09,03:41,sadness,81
3681324385a17bb9ac8c9a63bf69d4a73f347d4ca3ab20e5859817e4cff13c14,2024-02-09,03:41,love,81
3957768674993ace9f3cf1174435eb818a1f7e06aef6badd857e551cf35bf2c8,2014-09-02,03:09,joy,84
b09fc26fb1515fba3801c92057e2099f8c925b95bd6e08f80c3ca98359f27ed1,2014-09-02,03:09,sadness,87
4f702f6d62d3ce6be7e3617e021e0124233d7e6b6e4aa2a87d30b0dd86dfc29c,2024-03-13,04:19,joy,83
11e4007247efba50335d82b18485b425e3969a4233b28370da23d8d2a0e5eec8,2024-03-13,04:19,sadness,83
87785fbb47054f0d4f6357bd3d326b83da436bd25d914cc5b98ebff3ec09a8fb,2014-09-02,03:09,sadness,84
0946aeb621ceb2643da4d4c094b1985b8adb9f4350ec9cd4f9393657c8073c17,1967-08-29,02:31,love,83
e427d2a463d101681de9664b0133f8010287469a9e0b1aea8684d180af3dd06d,1993-10-05,04:55,sadness,83
2a03efb475bfade0f1c19eb4a146ef4edb2ac73676add6614cce1dde19169912,1991-08-12,05:31,joy,81
e107a950806727cceef59796f4c688851c97933ee3712b7f830ced7e1ea4f9f0,2022-12-02,03:41,joy,84
a4aed8607075f71b6426281be4631ef17fc1ea9ecc20a39ca17312ea96e6ea8b,2010-11-26,03:15,joy,86
dc343209e6fdfa2e84452abfb2812d2b13a9fe91ebd2f83c8a676a2ad5b4f31b,2016-05-06,03:17,joy,82
e1b56b283895f8cd757a276a59382a6e9a47abc8269978a485a5e27cacd80c93,2023-08-18,03:11,joy,82
87c7b674081bd927c399cb21edcb9e692b29748665eac93c1b4946a7e5ce221c,2023-08-18,03:11,sadness,82
81f50ab988b8fb9fa19e9932025756041d6244c44e2498550283f92925243997,2013-10-04,03:51,joy,81
2cf9f63971ad60a03d949702d8daae6df4dbdcd53aff981c6d0f685eb3023dcf,2023-08-18,03:11,joy,82
62697fd9912f248cda6764ce0f43986fec418b4fd0186625b94ee8a35d1963c7,2009-01-01,03:22,sadness,81
c62047aea7f119ddbed2a5c18e84ac15f538c5316c391fe3baae80cd29e197c0,2013-10-04,03:51,sadness,81
0a6ee4b2c219c529b764f44225e1b47ab3bc1a70c575243986df359522d65048,2013-10-04,03:51,sadness,81
75f087325bbffc1d3c6d0711be050e90cb1a21b57495fc0f574266f9f8bba816,2009-01-01,03:22,fear,81
cb58b67b1f703f560ee6b335b79b7d54d14a05f912510ff31a1b5343c00afe4c,2013-10-04,03:51,joy,81
e35582acd1d4426a4f14f5c943dca2f1358e1ca21075ea8ac57f2a72343bc056,2016-06-17,02:50,joy,81
043987103c9efd595967030da333c21030f85aeb1833c1abe36b85fe204a07be,1985-03-13,03:46,fear,82
b1079cdd898313328cccb54542fd95b7ba2e2060c5033ff1c1fb2907028bc833,2023-01-31,02:43,sadness,83
ddfddd717cc99db71c015afd7617aeb292792812392e1c732e402c2222a5a65c,2023-03-03,02:37,anger,84
5fc574766f3730fc19af53d54871de81c972553a3bb1ab83fc2d17e5d63f13fd,2023-03-03,02:57,sadness,85
5662023c37be2bfa2ccca4813a884e1f425965021df4c3e35a982e07bd2bf194,2017-12-08,03:31,love,83
a392f6fdb3c77b7ee79ba8d155da19997ffb6744f1fa75591a516f5e79065dae,2017-12-08,03:31,joy,83
2e73a80224d37800250cf033a6aa25b1eaa0e7d5f3b9544d821f9fade650ecf3,2017-12-08,03:31,joy,84
47d5d5ded4b0462c4d90b4dc801e70b9afba0efc462f0fdd97be93239869eb0d,2024-06-14,02:42,sadness,81
5f5c66db82e1b99202d35d30352ce96f5fd471f094a20afab64fbfddc71f4f41,2024-06-14,02:42,sadness,81
ad244b36c5e33a3187f751068eef6015ba30fed5a64eb8517a98bebc43c5da0a,2001-09-11,03:43,sadness,85
c08eb144c0b1419c9a5bb95ed6c7d4570228161e75076fb72a52a26ec953a630,2001-09-11,03:43,sadness,85
54d81b01d65ad1f2eae3434ef2463430630f0f68ed8d47d71e433ce7a6d4efd2,2023-12-08,02:52,sadness,86
d9e5dd26ea896ef1ad80dcb18ae3fcffdf5fea3ef89fc800de0a15caa348ce25,1993-09-21,04:41,joy,81
0a4b8a4b39883fab6dda8fcd19746d15b205825993cb8efeeccf2e74b7074f80,2020-05-15,02:36,joy,84
c5928d58424df36e6295a99adf0db34d308c08d679a51b22b3dc2273136bb6f8,2022-10-14,03:02,sadness,90
af8d30702de72b41baf34d790027716ab204b575794936c5dfd7faacc4281bb4,2022-10-14,03:02,sadness,90
ca1480d007b9ed44c2e03e1b50ef862b23df67e2ac2f37305ae0d7d2785ac9a5,2024-03-22,02:50,joy,83
df745e0e0bcd37d2883d7902cbdc585eb0d4a042ca588dd768659dc6dc517331,2021-05-21,03:35,sadness,84
4b5083c644454e95fb1fe674e65463a98f8956b4350ffd0c2fe79b593bc8a8fa,2012-05-25,03:19,sadness,86
9087f902bbf61253ebea59689bf50e9cf831231c2d6a4f2af3ac436b67244ec8,2013-11-25,04:05,sadness,83
9d17c28598f9afad7eb3e436006ba69d9eb9c4e385db7d420f8a355a6594032c,2014-11-17,03:46,joy,87
4c5be72ad5709510eea2719e41d48d768d156145738ec1a810d47d4df5f1899b,2013-11-25,04:05,fear,85
fb1fb93234e68e02965c18879d7be0ec57a8fc0af3e3cb80b8f1ee7562df452a,2013-11-25,04:05,anger,83
6768214e5e987bd67eb08ed964ee331356477ec9d05f0740ef2afa3151f7cd72,2012-05-25,03:19,joy,84
3558df28b9925163769541b5f520379e8cd6a0999f5405b235e3ca21b0d5b2fe,2012-05-25,03:19,joy,84
7e594278e3117be7a97a6bd619ea4772f013e72c0cf88d81f1b6b5fdcef27739,1968-08-14,02:43,joy,83
893792f04b985575578aef006ee44a31f4ee69d7cd07756e360146e77e314dbb,2024-07-19,03:55,anger,84
59659e406ccd3ef1be8875d883f14b80e0adf84e940d9ad0284c0ab42cdcc5e7,2000-10-31,04:30,joy,83
4330844ba0780e20eca4719a5e7f87e3a83a3f3001d6f52e4bb22e693c1a331a,2000-10-31,04:30,joy,82
b840606aad0253eb6b8f69490be10cd60c8f008cd1e114cb99af51035fe2eaca,2000-10-31,04:30,sadness,82
8b6bca019c84bd03e5206e46e01d7c206dbadf59cff4ad27bb464a260b8eb30a,2013-07-01,01:39,anger,81
35d1484e2dd3da3b30b50b0a9172b702afa836165ecaf271d5746a81b9953378,2013-07-01,01:39,joy,81
d7e05ef94fd1fb15018827bcdeb8990498953512929d27667a99439c5333a25a,2013-07-01,01:39,sadness,81
0892984fcc052a63a765c30ec64b5d5e0269e84e5880a3f6900e17e5a5659a91,2013-07-01,01:39,joy,81
3c4de3aad0e1c6f014edbf502b0b53d30da945733acde57ce6dff627a9728001,2021-10-15,01:38,sadness,82
829104a2962ba0a0f06c526cfe973fbd8c327a8653fd69b12626c88ea0850f2a,2019-09-06,03:35,fear,85
8a62a267c932c5a56dfda8876fdcb9b70708709639edbf6576122bf6afba3477,2024-06-21,03:15,anger,85
2d55304e604e98fb102e3cc850a955be9026dee5d95b60f387cdada9be4dc659,2024-05-24,03:53,sadness,82
309ea1a24ff73e3b67d8c73306c7f78d7ae17732db9e171a01584850755b581a,2024-05-24,03:53,joy,82
119f91bb693767c0a0eab190c250496fa57768e4d5dab8c925c8a3ec281b51d8,1997-05-28,03:49,sadness,81
265f7b6a346f85fa3b3ac65fd025efda335d54ce059ffcda2d773a26c519a128,1993-02-22,03:58,sadness,88
73ea6c261524ebb33640ffdfb0bd973907b59939b7d4c4fb0b7ab9e8b8632ef9,1991-09-24,04:24,joy,83
05c120b8643678a8e25c21b776cec6db5a17ff6fc245d6bb4dba4387808b95fd,2002-07-09,04:29,joy,84
151167c8e33798bcf8a32b7e48bcc7956f53065cfe0cca1911a05e170ac1cbd1,2006-05-09,04:42,joy,81
bd3fa9cd45e4b46801a67cc11f1a8fbd91846da1b7bceafb8d9878a3765e3fd6,1999-06-08,04:15,sadness,81
e7b57766aec5dae236d276f105f071f97439456f33dc2671f3b4d004f1c4d1d7,2006-05-09,04:42,sadness,81
a060d5e9fdfb1a65c70199c2263a263f736d3a01a49b90a20317469e83b20afc,1973-11-01,03:25,joy,82
4efc49cc3a544d5b8b96086878bf6a77a2fb5185723f38bb5d31ab2db49a4549,2019-07-26,02:37,sadness,82
5fe6245061ecb2e1291faae1769f4c79df48415fbf27b138ca25e10ce2f03ba0,2019-07-26,02:37,sadness,81
a5cdc8adf23ba2b682b690056a87c2d81b4741f6eb6b49802d264df10513c627,2019-07-26,02:37,sadness,81
2b7de6f998442e113e24197b14bd07ee17182d16b26443f206f554f8a0172e0d,1987-11-12,03:33,sadness,81
bb5a8e7a277f650fcbd2569a137d53af5299121c04c434ecfe6e0ee99aa19a40,2010-01-01,04:03,sadness,84
56a57e399df5266172a0ef5c564d9551130761801c56536919e1ebee642b76c6,2019-12-06,03:16,sadness,83
7dbdc940ff284ad6b1931f1bd2f9ebc41d89f58da66bbef9ad388aeabec60f1b,2022-03-19,02:59,sadness,84
a129f03de5ab243e2137d9f53c47a5243ad1be0dcc5b41b254a3a5e290855aca,2017-05-05,03:53,joy,86
1cec9014eabd71d9b56cee467a9b22a6ae640f8854cec98b5852490bfffc31c6,2024-04-04,03:13,anger,88
902717c61a3dcdceb31d34c3a487c01198f6f9d23bd74c789362c088d98ba140,2022-12-09,03:21,joy,88
95b518346dc652676b7451f2ccd4410a86eed2753f5331d5779a9887dcdcedf2,2024-02-22,03:06,anger,90
852caa96c710468ccebfb676951749edce932ba722aa983bab0e3e84bee55715,2014-05-26,03:59,sadness,82
44c66198c8557c3aba2d4a3f0a099262f328113f05584a74bcb2504bc0d1d192,2014-05-26,03:59,joy,82
1aaaf8f2d04edfd117381708b51e9def17313ccad27bc49a6ef992cecd6f96ed,2017-04-20,03:19,sadness,85
1bd5f3fd295a617b4b2863c464b1bc7b9f41833e0e9d39a0964b1a768a72dcd9,2017-04-20,03:07,sadness,84
72d6059cd7cfcc73a1978cee933fe9aca76cd27ab6598837cbc5ea2f8e492059,2015-04-14,03:26,anger,82
07f3d2b9d3dda9eca183b374e2e4a768ff1e4d322b24d30f004914f9f23d1651,2017-04-20,03:19,joy,85
53f8450d8d6bd1d18bd5b209a78cebb57a9d855ed513c9dc1771890f03fca71a,2021-06-02,02:03,anger,81
a64080adfa5bdfcac0706eb0bc7092700fafe3dbc29208c380bbf31417549304,2006-01-01,04:27,joy,81
535bee57ccb740214c66139bf49949dd5b0e043ed12d580565bd92af8edac4e1,2001-09-04,03:38,anger,82
a2fa05c0b048c76ae5e33d8a2790c99c09be5e44c7186cd33dd02ad9904ec649,2001-09-04,03:30,anger,85
deb59c515a1d8fe9a10427855250e15afb51ccdc9bddde8063dd46c0e6562589,1999-02-23,03:34,sadness,83
1b01fb1650c9ee76f30047511518d298cc885230958e1e2f0b5ef55194785a5a,2014-06-05,03:33,joy,87
3384e9756e4d1b1dc10436804d27ccf0a9b8d0de17e9dd9c199bf6681cad3f32,2014-06-05,03:33,joy,87
c6c28eae8d81f499ae4e4e91c17adacdd925b370b46cad6f2a422f4dfb903c59,2015-07-17,03:36,joy,85
f3a9086a731dc6588f3a145bc916be472d7be391fd142423f7d6ff2d03143227,2019-08-23,02:58,fear,92
f0ed3b90be7eabe906e6a3211ae41405a057dc0e3e95adc332b346b3400bd727,2017-11-10,03:28,love,81
a12aaaa79895d957271b31a88173af810b5f002e9601d6b7819dce7bb71902d7,2022-10-14,05:26,sadness,81
3f9cf028baeedb71d07cbcdb4d4f21fa57a7252babd6c1ec7d6090cbe876c396,1996-01-01,03:13,sadness,81
81087212d1bfd20f81b4a8c302c1ec2954a456ec23fb90b14b2a3e6e4d16c76f,2017-04-07,04:07,sadness,88
e4edc07e9029e2d8b98dd33fc31c24dd190499cb7fb153e1a7425a79842bb8b7,1982-03-12,03:08,joy,81
145d278c3230b37fbc0636b8d01bb1f60809ae1e270ac9cbc2a940e2caca2adb,1972-08-02,03:47,anger,81
1f8c1de704d96f0931af67198f63089fad33ce5e2cc8dbd01b770235ee55bf4b,2023-11-10,01:26,joy,88
457ae15002c443ef922c201ea8ecd7e2e75a03ebd926c6d6e351c3d77c71c1db,2023-11-10,01:26,anger,87
6dd76a7eac5cf0d316b8063100bb481972dbbc00cb0e1491a61cb270ae35f223,2023-11-10,01:26,sadness,87
4ec8f0f0c2a467b47993af70a9ac35e5c00a1a4b93b20765a0ec498cc87a60ba,2023-11-10,01:26,sadness,88
c8ab8709b8497bf4de2409395c4dfb3ff493d54090490d8d340d49c7d6183150,2024-06-28,02:32,sadness,85
ba2af1e203f77e3470877ac2e1f93f241b6bdad1c9b20e33ebdd03a7e7d48500,2024-06-28,02:32,sadness,85
80f12fead8dfe9677c1409304aebf61dc803dc508757fd9f372629f66df8a849,2023-11-10,01:26,joy,88
7f10ac15a11b999a3bfee3c9526a18c25d30803e86601db58e6c54942796efc6,2023-11-10,01:26,sadness,86
a516473aeec77d51ac630b53b6ba089e663ad2be0eefa874510c445c06cacdb8,2024-06-28,02:32,joy,85
821adab0a7340a234bbd30a7648ef5ff75ecaa0c12a74e435476bfce5d492c52,2023-11-10,01:26,anger,87
fe8f9b56fe3b948bbad0fa9f23f3bb35c5003a5340053fc55e6b76b3974ca362,2023-11-10,01:26,joy,88
b9c028a1422dc73799a94818aa76bae72fd30158db5490a8c89d7d67d2437565,2024-07-28,03:42,joy,87
cc9b9c23c685128af012c58f4abdea6eae41ba2ee9975bf51c170f3e34c8b03e,2008-06-17,02:57,sadness,83
a8d466c2112a03826aca8d22412588dd2eb86ec61cd5ea063838b25a3bd8d3af,1998-11-16,03:00,sadness,85
7e2feb5c39e1243314c5ef31d8e58c582382f0a59a68f5534f9ec25263751071,2014-11-28,02:40,sadness,87
00b966307008466c82145711e1efc4589759e40a092c98d63e4ec4fa10b99d64,2018-03-30,03:48,sadness,83
9a4ce8acf24217184aa72d76cc61ea60e3cded942d3ab5b0911ab5cf49647c71,2024-04-12,02:56,fear,86
47747a3180f3461bd3c06ce268a00c0979739b2305604d26b7f9a40d8803c520,2024-04-12,02:56,sadness,85
320bbf0f247294d6c036fa0866c934d428706a8142e543ecc9799d2efd1d12ca,2024-04-12,02:56,sadness,86
5fefa72b053989e707348bd66cdcfd08f14cbccfd226f8cf091e8ba2f99a16bb,2024-04-12,02:56,joy,86
4b01d7facca3974bb515dec5d91bc5f25e28a036efb281920de811e73bc75b6f,2024-04-12,02:56,anger,86
091afc86d9d455b0c1b921c1d268977b507661f517de3db6b784eebd9f90342f,2024-04-12,02:56,sadness,86
4ff62ae46ba07f3905abc49416840036c8cf60befe371acdad3bc5857788917a,2024-04-12,02:56,joy,86
0e1edf5d914ca9d06747d1fdb65ae2e7646b35e578d8859ea242a2dbb324a819,2024-04-12,02:56,joy,86
cd5c975dcbfce3a05f787f28e5ae8b7983449ce64bea79b6c93864ccd3daba61,2024-04-12,02:56,anger,86
8bd9ab59ea4ee9c33aa8b9c6cf5b50226d1b858c1cd0fe6e3490bb7ea69fc257,2024-04-12,02:56,joy,86
5bf5aaad17b688893099e6f805fcd1499db367810b09a8d3b3c9b8f36d1060c1,2021-12-10,03:46,joy,84
72a6fd8ec0d06162d881242f64128275f76765331c75313869277b67c0fe2ea1,2021-12-10,03:46,anger,84
5c52d6dc0e514e7f83717ab9187c31f443bf7973ea6b23884ad18629e81f5c5e,2021-12-10,03:46,joy,84
f0ddd750844fa1d3a51c98ff2b80aa3f055afb80e30ad4d2c4bdcd90cbf25d19,2021-12-10,03:46,love,84
669c555ef1fdbeb431208dbf9754b855eeeb792a9ba0a137f9a1b5a602d73118,2021-12-10,03:46,anger,84
cfd5cad5559c3242a800dc586832b4f8ce45b3cc0095b48be797885dbee82236,2021-12-10,03:46,anger,84
aa55280898d5bb226df7130fe48f9e0a5bf64026a2a455d8dae294f6bdb8bd04,1988-04-05,04:56,joy,81
fb187f3697b74e92cf4d3c7730dcbb8369834feca0ac1cb530c57bb49fc2a62b,2018-08-03,03:10,sadness,84
15a5a99379a270a12176743df73083d1f4b2e609c142056ce1db3719b36dd11e,2015-05-15,03:34,sadness,83
6274e0d7ce54b4d928b25884883b6beea424e2b7d7a1c2421eb0f9711024158e,2015-05-15,03:22,sadness,83
62d3baf1c229c6f80ae00a89ffa1748ae0483b38ff3a5cd7501f2d3899bf52a0,2015-05-15,03:22,joy,83
542db3e9cd10924ac21174db18197042ec373e763765a4d0235190af27aecd4c,2015-05-15,03:22,sadness,84
bfec6dbda25c55ba56f95bf09a3525ab4f6728b0a41a4195c79caa09f5d9b530,2019-08-02,03:38,anger,81
3fe04b16ae1b414a0fa8cc24a72d1731ec913f07e5f540106dcb79a906ce054a,2017-07-21,03:00,love,90
ee0e81244a788e8c77672cfea51e98ec36ed13c56f489bf0e415c4a5b67eb7f0,2010-03-30,03:44,joy,84
2cc0db548aa63e7a060e992715660f12f04b4fb086df0c83ac876050f711fc15,2014-12-02,03:19,sadness,86
de9e82f7c0e22f3910dbf91c0031b2276137bed462c156f2361d68c36f3249fb,2001-05-15,03:20,love,81
a17ee2c13109d7668d85532a6c9e5a83be34e02eec2e8addfdd4c2b412cf82b0,1987-06-02,04:51,love,84
db8285eb762e4b1c274cc7a09c0aa0ef36f67e16a9d2a11ab457e64f233a2af9,2018-03-16,01:50,sadness,83
293363d275b738103e15bd195fdc6aec32623fdb0e0a53aa53e82d989aaee3c5,2018-03-16,02:15,sadness,82
732f74855741c5d1bf250790e135f3dac74d8f19cb84aaf218e37e7ce6b676ee,2017-08-25,01:35,sadness,82
8ebe13d1503e4155ec26d84ae79369f0066bcd6ea5a1084de7f1357c99a24cd1,2017-08-25,01:59,sadness,81
54cef13a207780d15ed6306a9d298d4d637afb6798d7787e54d0fc02b388f018,2017-08-25,02:00,sadness,86
7ae3911e6d315bccea7786b41ce47b92d4bd946f1572e9e96902f103dc6f4358,2017-08-25,01:59,anger,81
7f153a288fb99f5d386dd1dba94d993f0d81d611657044464e865f5b1c06fb98,2018-03-16,02:15,anger,82
85009875f823445c72e87aed8c4bb8f06d5d27f0ef33761000ab16451d7643a3,2017-08-25,01:59,anger,81
0bcf3885f833650d691c4bfbaaf1b59389da38e49f30cdf6ec2332735b57357c,2017-08-25,01:59,love,81
cf7192e500ba2c8e662be5808bde7fe330c1eb803dbae2d9271d0407bfbfdf58,2017-08-25,02:00,sadness,85
6f091a4d4bd82fa6fd9432b2613d0adbcc571bc183cbe43880e39608ac60d61f,2017-08-25,01:35,anger,81
79b9b016ca72ab0a1f35a6ac684916c5fd7fd5604b7ac37eafde4c3d5c02fe61,2017-08-25,02:00,sadness,85
3588f62eabdef0be6a153b72f4d9aae64f28d0d5e583fbcfcaf542708ac91acb,2023-12-27,04:23,anger,81
d4c213fd54a1183e65b8b721f451eea8e6dbcf0b2b232459f274a3a362326d25,2023-12-27,04:23,anger,82
44641254d2bf5e50b9985e411c8dbfa5f61e459b2576a42605a0f51c4982a512,2024-02-16,02:52,anger,84
ab3111a6f8c272a2946338adb0887ad6dd3c4f0cf7e0863052f3e522359d6307,2022-04-22,03:48,joy,87
d844dc4a58d437f90d8a874bfe466761c72e36f1392e80cfe25e758a6445e8fa,2017-03-17,03:21,sadness,84
d682e79f26cb9a392ed7083dd2ba7c7a1c58249555145fd460b8087083e4b066,2017-03-17,03:21,joy,83
6c6215ebb84e7748a61e78d0a7cd8454360d7a82c6363690278d5b5a958b1ea3,2017-03-17,03:21,love,84
e2720d4817a167183285a4a4daaa8f87395bf89bf16bd185421dc80fe98139ed,1985-06-01,03:45,love,87
a176a59f3cc13e2b78f195fb23071d5aef76640338ea87c576211a6f0f271b52,1999-06-01,02:47,anger,83
8787cd50deb2d05fe9498aeb6cc156aa0ca6cb3dbb62fbe1ffa114b7de8b7369,2022-07-20,02:12,surprise,86
266b92a46b6ef6bd068c749a82297736b48ebeb5f39043c5e28c7946906c591c,2024-01-12,04:30,anger,86
e3b2692bc16230d184a771b15734419aa3b8b057dccdf2c6f0643f055d67ad97,2024-01-12,04:30,anger,86
83644fd3f6bb2fd27735e7a3a58a25fbe679fe25fde28e6a676f7dd6934bed5f,2024-01-12,04:30,anger,86
5ed18daddf5c3adb3be9f6c8743de49aa6c3056de183d6c758ed4ba245ca78e1,2024-01-12,04:30,anger,86
6981bf1ae48bbc7ff7a7b01e28b4349f12a18c7cfadce8679f5d36369d43fad3,2024-01-12,04:30,sadness,86
5b632a3f82c8bba76d72380fcfbc6364860de4d12b66dc4fca043284d81d6c96,2024-01-12,04:30,anger,86
190eaa4f97d13855d6a33635a2bc8ee5295610115c91bc59e8b8da6afc309647,2021-03-26,02:20,sadness,81
98413b5852a34871cb98390b0d6dafb4c387fdf81ee30e76768f14a78075ebd7,2011-01-24,03:48,joy,83
8321562d3e7b0f383ccc0f90df0b99e7ea9411773c9ba0bce6ca82a6e4938828,2011-01-24,04:02,joy,86
ac1a97c0df0221327765f9e097b4e0306de99eed948d0c8350d651095c43b539,2011-01-24,04:02,joy,81
23333b7ffe6e53fde498ca3912c2683371c919b34012829aa509ccc4f9c9fa26,1973-01-05,04:27,fear,82
9401efa3ba6dc2fdc3e58c678ac3b2a94bb07ba606c5c7822b6f03b7bc207ec8,1973-01-05,04:27,surprise,84
199cd0f528c2411ae7c3b9a2f0425566ee7a3335f9e7b94bbad4b7ba4fe14d1d,1973-01-05,04:27,anger,84
1cf6745aefa3f5bc161d88a07e18e6b5df65169e7c652a6a099bfb66b7d0b549,1973-01-05,04:27,love,84
bec60d083faff66e31c396eacce38287179802438dc71bc4418cc49d5142fd02,2018-12-14,03:32,fear,81
8d81f676953c8c54a29633290e97b80935ad747b2a342c0ed132acc0374baafc,2018-11-16,02:49,joy,83
932bb95247743520a8b5fec2ab8f6477464e81b6ef17b31f5d5a741698457dc7,2018-11-16,02:49,sadness,83
b7d9ef6597b26fb07cf3c19efaf4ec1a3c3b25a47663a9c6a03595338d331c64,2018-11-16,02:49,joy,83
7d4aa467c3a706975c570e814720d8a3db5161855402cb1a85dc79ed8088b9ad,2018-11-16,02:49,sadness,83
36697e06b2e9fc4b640212952cc707a786a6d6b65b70593d0bc55fefd93e0d26,2003-12-02,03:48,joy,81
ef94cb77a4a94d395390e6c9c6d9e05c78fba210a601dc58a1bbd56641fa7419,2007-04-22,04:13,fear,84
071ccb4b896055b6d3f57d363c9c670f18205810b60d4c81d85354d5a926bf79,2024-03-08,03:48,love,90
80b5573bbbf1ce26d32c2a777630da05add29cafe130cda489cf7a0e280bb597,2024-03-08,01:32,joy,85
fef80a7a2f51b2eee4c15053f3172fb9101fbf709ae854a522b505c268ba167d,2014-08-22,03:17,sadness,82
c075e218c52998e6218c16fd1710b74874a32c531911e2461c222f79130228e0,2014-08-22,03:17,joy,82
c68029eb8c22b68daab36e5dbc842539411b3aad80b7409287e4201f27ca5d0a,2020-09-18,03:07,love,81
179b428e91204154e2bde9b59f99126eb7d5768e2eeae5f39b8168414b8f7e3f,2014-01-01,02:56,joy,84
a64205bd22daac2d348d5ee943b83e600f8966eb3ae5a6ba710b7e9bcc285fd1,2002-06-04,04:04,sadness,82
33b686af7042d4b2bc625612ad4bc9d1cc44fb7490b2462fb12611449ab1ea9e,2002-06-04,04:04,fear,82
fe4c165ddf8c3f48ecbe438f3b3d2fd05cd78b065f0ce2b80527bfcca2d7efd6,2002-06-04,04:04,joy,82
636925cbdea32d400ca1192e917b8941f34125e8b099d16c9f5722793ef33d39,2002-06-04,04:04,sadness,82
126ac53a48e836e446e6e1562667b803b559c4120f365315ff6bb11b3b673aa8,1999-05-18,03:33,joy,84
4fe8e203129d79d0c54a64c9d7d466da5fad55562bb0914f710ef6eed5a16e16,1999-05-18,03:33,joy,84
501b20eb202ee49ce41834eb6d10de42b4f1cdb5bc0d79239227b63fcbc8162e,1999-05-18,03:33,love,84
4aa7222f2d29c7606e13412f5e5c01bc3d6b06da742ff459074682018000b823,1999-05-18,03:33,sadness,84
1ce51bb3fe85819f3d44c97358c07bd6ec5fc82dcad94d574a3f67a1633d0c42,1999-05-18,03:33,sadness,84
2a33ed29c36251967d1cf73890f3ce456307705bad29cb6b7146f93320ce02f6,2023-10-13,04:27,joy,81
6a168c1ffd10a399b009e7cb7124ca472c32bc175b420fd0aa108b8639d972ad,2023-01-11,02:58,love,82
13d2272adc593c8c8f0b3be9caa6952f686565ebbcfca7797b41e12846b2336d,2023-01-11,02:58,fear,82
863a220e77b6d6febfc994716e8c731200b837a1a649d3101705fcc046570dab,2024-01-18,03:00,anger,91
5d26e20835daa1eb3ba6d64ecf6fb661e724123f2941948b6b704d6da7d1a9b7,2024-01-18,03:00,sadness,91
2cfb38897eb5b6cc8e23f3516eb040c9b0f3a391f3948d04c1afa32aa12347d3,2024-01-18,03:00,sadness,91
16c5b5ced3def5a6b1bfd554880a11bca40f13686f250e7f1b692536f73295d2,1971-05-01,02:05,sadness,83
476ad04b49c19c729e443db52e5437746d3d24e299a92d78b605fef50c63304d,2024-05-17,03:30,joy,99
c7f0649d3a17ee54b0a4f3a6561dc980324bb93da36fe0193ac80da0df531311,2024-05-17,05:43,anger,88
d5648de315a303a3995be1187b5c17f621a869cd99ba690cd7b2ea46fc8c892a,2024-05-17,03:06,love,83
f731331b4f5c608cda5bf28ae8b9e79952f02c8df74ea802cae96c174d61448f,2024-05-17,05:43,joy,89
312e8db221950d05060b68083b37ac62ceccabe4ebfcbad77cdae814ffeff412,2021-07-30,04:58,sadness,82
e7bed8ed55973ef1f4f485abf8d8dd3ef66b6982f60ad9dc3e0cd9ea6616fef1,2024-05-17,05:43,joy,88
2f9a9c73b5e933dfb92c4ad1bc3c78d682e90eaade3d75cc4bd7d79a1a05fea0,2024-05-17,05:43,sadness,88
31a84d5933b9ebb4bc9f0eba078da8e246c310317452d42bc03574c4a83ac775,1983-08-08,03:17,joy,84
c88641a302bbe5b729063c1e2979e3838400cdf474e96769ffa2f2d8509f941c,1970-09-18,02:47,joy,83
d807cba2a5816cb57e1fdc4f71f013b1d3e7162f4267310be0f0495a97f07b0e,2000-01-01,03:44,joy,82
b7677645efd9f853783e57736aebd43a0c0be4515d78b68e70eee34166a19977,2000-01-01,03:44,sadness,82
20e3636af635776d40f6530ed7b8bb3156d0510b7895bd05bd800b9a0675094f,2000-01-01,03:44,fear,82
62dc55b9b0138e5457da8e798dee31218be73daf7a89bc2be55c4004002ce50d,1986-08-16,03:42,anger,84
095695bdbadfaec3990e62af0d6d3fa646f5ec4afd321605bc5105c7a06d02fc,1986-08-16,03:42,sadness,84
50adbaacdbe18da83bbfdc6d4bd8033a98119ea8ea81f8f953a68be7a0838a01,1986-08-16,03:42,joy,84
6b095fcdad2cfd172b31725bda8734f8cf453de2b2ae6f8a79744c8a2b4caa1c,1986-08-16,03:42,love,84
55ac2bc05f608544dbc9730845115908f61fa9bf989e41288e8ce693ea74f620,2009-03-26,04:27,joy,81
a4aef9fb01a3ddd516ecbab26e71615c667d9a5d24fda4b44a80287c4eb579c1,2007-10-25,04:11,sadness,83
679f326db5a0207f3be4857e74db35cf9b20db514c3c210a88e5a7c5e3e3ac01,1984-06-04,04:01,sadness,81
1c28b4194143968f1201768ce1468148770aa5b42ca3b859267b9bcb2fbb301e,1984-06-04,04:01,anger,84
ed82cde5df63839eca2f89e7d63840d68e3892c8728bc36a0ca12f7fc6023560,2016-11-17,03:45,anger,82
8e0d995226e8243c7bb849df6546262a669975933d0f996075a9853fe1d162b7,2012-12-07,03:33,joy,90
756d1345317f2fe2d5ce9c648f03cf4b54ebe8be7a69105f2711c29b84f2db11,2011-09-28,04:17,joy,83
95f5e617b6e50da25c82fd717f5f296df621d6f22826027be97cbb7ddb3daa56,2012-12-07,03:33,anger,87
02b2f6b51d3c912e23969b88b5ba18a4540748c4094bf9dca76d08c2cc2a5af6,1984-11-05,03:36,joy,83
02a0c515d8c962687c61140b6ace2c258610bb648cb10b50e0e859c3d2ae4d48,1984-11-05,03:36,anger,83
c6722e547ecbac55fa8b85e1fe80bc6015a0c9cabfa564d51d002f604dd8c055,2024-02-13,02:41,joy,83
c73983fd398cf32b920f52766dfca3de5700e951aaf040000c4463e355134541,2024-02-13,02:41,joy,84
09c833d3940db9a477bd4137f65afd51574716bbcfb503c2d8cdd532bc5004bc,2015-10-02,03:14,sadness,81
779b85bdf5e918c863773fab25dc19a0d79f4695f503341cb5b97761882c2380,2024-02-13,02:41,anger,83
c9ac63e0d45a0c78aca2808f1c0d96afa3411120b1e0a5a35d2c1b00717491b1,2024-02-13,02:41,anger,83
77ce431284b107a9380fcbbd1e55c61df966068e6e7913335966e2c9f1e81906,2024-06-07,02:44,joy,82
e6ad3039d8369994486224a91dbf45c306559423c6d64d9b7b5c2b1c1b0dd640,2024-06-07,02:44,joy,82
093d5702e822ae3ab3f027528f0d015157f9a6b208ef64e644e68dd6b1c27c8f,2024-06-07,02:13,joy,86
374c966a82e20d070b2988e746c033b194641c074142316cb9533e4bc36a1c15,2024-06-07,02:13,joy,89
b7cd33b8f1a10e904f50c96862c590f62705e0db49afc494bc4b8be4feadd6b2,2024-06-07,02:44,sadness,82
8283b379b2707b06cccc8f91d6e86ece2d282b101155a92dc9cdbbf87ec22f8a,2024-06-07,02:13,fear,86
cd787f36346b96be0945cc9df68e169437093e680bd3539ed3339cc1ebe08055,2011-11-15,05:17,sadness,81
3a6420d9d913b4572cecb574ca3b54c0681b2db6dea9c18292029439b74e2f70,2011-11-15,05:17,surprise,81
daac9ee0da6b27fdafb3e1471169df71ced861665494c88327aca67ddf78e5ea,2019-10-04,03:04,sadness,84
78fd8ac4a3689fd4490294a4e13db7657b7621421bd9ace5ca0af4798770437c,2023-11-10,05:06,sadness,87
acf24f05adcdebf980afa589132dc42ab5b087116f9ebfa3d05870147c790dfe,2019-10-04,03:04,joy,84
229efa4559e3c6d79523f00dff4c8139787ac8915a0e69bdc3462b8695a14a71,2020-11-13,03:33,anger,82
3f6df8f21149dd8d0ba8aaf31a79d2592791b5722f94c0b3eb6641a4134fa9a1,2002-08-27,05:09,sadness,85
388febc7ae3350b8a18a6fb91188040952db0cc81b2548275529a2a15d1470a0,2024-06-21,03:57,joy,85
308515538f7e761e6f87b82f8b209acaa8801f44772660a5c80be10eaa3bc17b,2005-06-07,04:55,anger,82
2b866782496f23ce1e8311954fa373994fd9586eb792a55694bb34d1c7d5bdf9,1983-10-14,04:01,joy,82
590865596571dc0862e2e580c30171549e482918d3aa2e91c3b71092b2fc208d,1983-10-14,03:58,joy,84
74939c1789bedb2501da099405a8f5dc6ada2b8976f676f35d5a4cbdaed029ea,1983-10-14,04:01,joy,82
71fa55f53864d5f4405b3b33303a6bbd6923eec0c135f17ebf619fc977bfe203,1983-10-14,04:01,sadness,82
da6337f6179a6674e6aac8e1bb6ae5c77f4514f916aa626f42590f13eb231ed8,1983-10-14,04:01,sadness,82
b4fab40df3d8c4b2936245e43c0a84d8fa69fb897e044f8b0593790cf925351b,1983-10-14,04:01,love,82
f3aa7fbd84277e60d666863e390262cfb6721e598baec29a26f9270903a9b254,1983-10-14,04:01,joy,82
22ff4ac60bde20a92d5905e029c22116c8d50839452a924c3597895d32b110e0,1983-10-14,03:58,sadness,84
e0c9bba2bd11e2dc1896830edc0bf06fad237ead1ba7458c139205835b9a5bc7,1983-10-14,04:01,love,82
e8dc3173c1c005ba3f68edc8262ff66097f69fe68f9ff6a7a4930f699248f775,1976-08-01,02:22,love,84
8c839de0f65ad70618e3a3486b9a073eb4959980df2b4b176bb1f8a300c9fad1,2023-04-06,02:20,joy,86
f6057b95f18b12dde1c8309e5ed5e7440203b8289db87886c528678055d43441,2017-04-13,04:12,joy,83
9b127fae3cbd0432ade9e8615f32cb4dbf7aad34e26f3095134de6b7b1ab248c,2013-01-01,03:30,sadness,83
7c744c0b56f3c6f587af04f6fe7e032958f7ec7fbb6cf6d03ed2ea0642f5186d,2020-05-29,02:49,joy,82
39265a648c97432cf331d93c4fc4af05774207e043f1dca8740c280775f50121,1978-10-07,05:48,joy,82
a4fa4aa2f790359dbf174d9ed7b379d22b38bb77882041dd2d12df4adb56a5c9,2023-08-04,03:51,sadness,82
88ac4d9d692186ebc67f513d4c21fce5fe79f907241b641098ce2e54fc760013,2021-06-25,02:52,joy,84
0c94774336d1d8dbf57486807e38e809596e170cddfc1b30efd61d7776c988e2,2023-08-04,03:51,joy,82
6a675ce0e444349fbb45151e116166b7f972ca6bb6eeefee0213134f333461f6,2021-06-25,02:52,anger,83
1c9d70648c2c43caf93c6c14a13b784635a3636293d2df7d49704a85abaed61d,2020-03-13,02:34,anger,81
1e4b79793ab312dd3819b469f4f24c192f7c33258e6c473d023c945964530431,2020-03-13,02:34,anger,81
ae35e78f613f4c12c5df8f64b0ca6a3b76d65e1652aa5e6a34c4061011c23b7f,2024-05-03,07:36,joy,81
d10301331b83456d0c76b2941960fe28f48ff4d5636d84539575b27b2700ee9c,2011-11-15,03:57,anger,83
8b67b2784978b5d948bcd5c4bd9cd2376282c1e8cd50a2a2141673596bbaeb5f,2023-05-25,02:56,sadness,83
11d8a94e5043a77b0fa209d22c840e99533076bbbd57d0fbdac50078506bba5f,2017-06-02,03:29,love,81
f53221a05158dc49cfe57ef72a0839532d79d2660410fa956b62d88a3c39952f,2024-05-03,03:29,anger,82
cca6aa85baee1f0383dd01ddf67ad33a7f2ef1d86ec88db4c063e7d1539df90c,1976-12-08,06:31,joy,83
630c468154a8042a4d95003439511ee398f91980a117372afb2a1b577b3f4fe4,2021-10-25,03:27,fear,82
952bdde363ec0133bb812794d4395d740173d15dac3ca8b4156e4012d069770b,2014-06-21,04:18,anger,83
f7f66cd921e9a1874bfce63af826c01fe86476c17015af642f23b6491b971c31,2017-03-03,03:53,joy,85
a89e8fbce4e93f7bbcd791f9f77c3ede3058c7ffceb7c25a254d31e08555bf08,1972-05-19,04:41,sadness,81
8e08ee34b1985851a9a92da9a2da2444b091200997d90693776fecb57dd1e729,1972-05-19,04:41,anger,81
4360aaec2ed0332e990c2157a90de6d6a6650bfe15e8d48fa2187b032e21b7ae,2024-05-31,03:47,joy,94
c8cf07af02306300a7ce3091c31ccb3a5c31b69b30cf28dd3da65dce0ebc21c0,2003-03-04,03:55,sadness,86
9fffd60d757b9e98b2e7d2e719a9d47bb7bb320a98ed8830e23867c4e32f180b,2003-03-04,03:55,sadness,83
cd8029ac43971ecb1197521aaa11b1ee7b3f96ba08b2185d22489f0e0128bae9,2003-03-04,03:55,sadness,86
88c5259e660dc9e2a94e07717096b4d3f9e14fe0f026de2fe1cd89b5ef20bfa8,2003-03-04,03:55,sadness,86
9275da3ae29b22bbc256c93362ff346bfc304d84f46e7973d1ec896184733c57,2020-08-07,01:26,sadness,81
f4b384000abe336ba561c7d6d96c164d27f52336e82aacbfdf0e84e7c089dc2c,2015-01-20,03:48,sadness,83
2e161ad77b330da81b6078bffc6ffb53f88252a9b4a319509e9ce1ec7009e62f,2007-01-01,03:23,love,81
ad01cf4fe61cc1dfda877ca76ae7aecf91a638775df6a14e2a1dbc24d79580c6,2015-01-20,03:48,joy,83
d47fb2a81ccdd0301d713d40e55363b9f5fc9ee705294d01fffff7a10851f540,1977-02-04,04:17,joy,86
71131d54d16478104fe4f9e66372d787f2373e089cfe19776e00428a1f950ca1,2011-05-23,03:59,love,85
032079cfa0e49751dedc1138671c0cea01698d63ea6870c58439a61fd17e4d0d,2011-05-23,03:59,sadness,85
384b48f3d755e44ab5037bf9cef924c20e6cecc8127f0cf841d060f8c432f4f7,2011-05-23,03:59,anger,86
1834d1b0d33b5724c8d048e1b896b67fe5f763970bbef3a6fae9ddcfe12d72f2,2012-07-10,03:54,anger,83
c917e47e62976e707ffbe8d58a526c75bfb72cb743a63ddd2f43e51d785282bb,2016-08-20,03:04,joy,87
da717fbd7ad73bc3fbe02ee70f0805ecd14a36b3b344121348c2266da1921580,2012-07-10,03:54,sadness,83
bc9517569a90dc1b73cdebb14bbb5160f7d0eb4b3c78235f3cf3ca94ebd88322,2012-07-10,03:54,sadness,83
73daf6341b36cbf7128741de410ef6f359bbcaa3dc85e23f6e488a1a176ebe53,2012-07-10,03:54,sadness,83
e9294c407b2c4ba7010ba21b822e2ddd243b856178cb7000ff529948d582a537,2012-07-10,03:54,sadness,83
c63265902c8b3c22897177f7d093c028ddb3165d8f3e8328422d5f8f0cd4b6cb,2012-07-10,03:20,sadness,83
916055a5949d8dafab440b8af21de93244ed10b6b2fe396e87c829f86b9ccf8a,2012-07-10,03:20,love,84
aadda4ae0baa3e48feb6b02ea98f47165b6870ce077aec3c6fd9f59b639b05bf,2016-08-20,03:04,anger,87
23c97b0ba448a44d8e3581e0a3f20a0cac47b4378abc42d85359f5aec018795f,2016-08-20,04:09,joy,83
d8a29dca8f3f9cb921828854620eab79b1d8d7152ee3b844ba911f0596d0b1a4,2016-08-20,03:04,sadness,87
b9d33ea4d2542e3a121736396b008851e7e6df49b89678014f73db4c17e2e5e2,2012-07-10,03:54,love,83
72541ee91aadec28d4cc7c98c8477a0e4d0aceb9eceb3777e453fd21c2c92823,2012-07-10,03:20,anger,84
649db72ea93b6e69f145720c69a6a0b38fee4fffa073d0eb1d32038d87018486,2016-08-20,03:04,anger,88
ec683ff456e4d162a4413d4596520c52fbcac22a8bdad6f0f19e6729f1fff64a,2012-07-10,03:20,joy,83
4c57d2e08d8e45173fae368e9c3343821c9a94abb29ac651a315f24fde05330f,2011-01-01,05:02,joy,81
4899f01c59e0d4f9af9c845c43deb2d0d345d99728264192dbce643ff8119375,2012-07-10,03:54,sadness,83
bbae6a6fad1122eef7c15c3b5f46380e36179ca6141afa2d76effeba65c8c1d3,2024-03-22,04:27,anger,89
c86ce42046f561fa3168abe3de5d4db8a446c49ad7b94443d3b6adb4891310f3,2024-03-17,04:57,sadness,81
d4a3d4ab48a025cb2b8f7796bc5f6471c316233c15551df7c14f624a0ee12c9b,2024-03-17,04:57,anger,81
600676af264e19f2843b807c6f913f4aac9a503cf9bace5cc6b273e4a8a85283,2024-03-17,04:57,joy,81
63508258b69a3e615f05e3c92ec77154356a10b75b0fc5be09768549fc37721e,2024-03-17,04:57,joy,81
4822d5678195ce42ea1284d2d4a307cf3e5ce24e9c135494d54d19d0937c6009,2024-03-17,04:57,surprise,81
171f0181e72938778c46589c128754cb3a64376899ea2f24bea8f8910ddf92ae,2024-03-17,04:57,anger,81
0ebad322473e9c0c9e996aba598906e7161c79ccf8df9172bb4f271bf78849d5,2024-03-17,04:57,joy,81
7aef9bdfc0861bdaad81f6e69263b7568ab23491eb9a0d58df55b9b986e687d2,2024-03-17,04:57,joy,81
6f2f889c767bfee7b8a3ee433ec9989972a29772e49c628b86271ad8141c3688,1998-11-09,05:00,love,81
2ef838622b7504bbb1fc81b7817a69a8b729a6025b01068efd45b8535b36facb,2020-08-07,03:58,fear,87
b153f5658e790450c36d7f6de8162d52d883f1535c10d1670884bb2121ae7785,2020-08-07,03:58,anger,87
347eb9c8cc2c31e65048a28295ca07ebfd352dc68e9b3916e35bf981b3b39d4e,2024-06-21,03:45,sadness,85
4ca95c7699fa29dbd44ce35a3c77f2197784245b0197ff5ed9cd949a9eb5ad86,1994-02-01,03:01,fear,81
07263417cf2e6e6359e052bfa2b36cb6e3b8df597cbbce6c2b0619540b5223f3,1994-02-01,03:01,sadness,84
2272e13684174e1b4c3a46f89d5f07671d608e0f5bcb83aa6ee36d5fce35a39d,2023-06-16,02:05,anger,86
058bb88b0e7c76c0d86d8bd71c26ac52933d9580cc9cc17dc54c15c5a6b69eb5,2024-05-10,02:24,joy,84
6595c9a31d34c4b2b142c6cd489b7c6bbb378c98e1ceac3d5d13f38facc16bdf,1987-07-21,05:56,sadness,85
b7e6f714a1c06caf480d82152a49b0d8098920f9787e61e2ecc9de89f7cfef17,2022-05-20,02:47,joy,92
77e1442448075d235ba38da671b8f2b4bbb307e5aaab3213ec6ba72ecbf3a77d,2022-07-01,02:45,love,82
8cc1607f747f18adc2a565d2f33b3b4044bf8a0f3ea1f8c0c066f9eae3e9c7dc,2022-07-01,02:45,joy,83
d66ba71d6bc3472ca15fde980c09d61d5e4fdb9dfc1f18e2ec22624583e94fcf,2012-09-04,02:57,anger,84
d81978b3c29b1e154232a28222de405dbdb1f35996c7e4b19f9f3e9071290b01,2012-09-04,02:57,joy,84
1d2cf43e9b13133ebca61e6fc6fbc589cdf8a58055faeb95c8b890d8201d6595,2022-07-01,02:45,joy,83
0b803c99a170efd12ff2abef390f8696a97f919cdb0878ad3af6334964be93ec,2022-07-01,02:45,sadness,83
1642c5c01e7d662a7c803813709a1b99eb33f07bcb83ad62a8f3142a45da6615,2012-09-04,02:57,anger,84
b19fbba629f714f79aa938871f50114bc31bc1145104b108427024aec8ddb5c4,2022-07-01,02:45,sadness,83
3deb0e5f8056fb7cc450362806f3e84af4d3ae8b5e1efedb9edec9d21153a205,2022-07-01,02:45,sadness,82
ada80f5bf3ef93e83d1cd7de78ce1d99440976cb387ed20207be44685744d519,2012-09-04,02:57,joy,84
89a17e267c4b280a016380cab7bb14a9899ee3fbb82072ddc56c4a4ff89036b1,2022-07-01,02:45,joy,82
2d9f65699de309aa1099e91b9c59f7ac891bbfeab2489d4417bb7e0e3e44abab,2017-06-23,03:21,sadness,82
0b93f5e11091f240ec182d818ad10a57f03f9acfa4df6afbbf2718c5aea87060,2014-12-09,04:52,sadness,85
26d684922853509448ff96a79675d257fed970abd227130292dc0571c0f99d11,2014-12-09,04:52,sadness,85
34c9a02d0dca5a8ef8b2d6786e83c2de5f17aa2b6c5e6e303fe20e9f378b5a44,2014-12-09,04:52,anger,85
5eee831fba5eaa7fc088ac61b82bb22fc0d9273328e66ac9c2944071fdf1204a,2009-09-08,04:36,anger,81
9fadbc019b4cbcdca9ee7ca008a499160c2bde0d67848d8c875c03fcd1852a7f,2022-10-31,03:49,joy,81
a518c63f3846fbdb0b53e5eb862bdf376efb3112f5e73d38c4ae198864e0a0a5,2023-11-10,02:18,sadness,85
919585346dd3070e0d432de75048798c50da84e1bb5e1d9adaf4761f70d35648,2023-11-10,02:18,joy,85
577fc729dc4b4d543d36f53b54351bd361ce6e9a839cbb93c3e7bc4e85c43869,2023-11-10,02:18,joy,84
88ff1788d3fa28e62785a9e4aa37f105e6c116b332583da73077e68b62fb2498,2008-05-01,04:02,joy,84
d0d07d5024c089cce6aef0c01d7bdee15159f7633ee36cc65201bed79c8b1954,2008-05-01,04:02,joy,84
33f91a8c35c7d0ee4dd2b292955fed14d5a2c3c385e309f3afa997eca994d4dd,2008-05-01,04:02,love,84
310c406433bab56d1c7ad7db7a30994dd3a675e69cdaa231a283f8787d2bb80e,2008-05-01,04:02,sadness,84
03f77a434ab74d6c6238c470c55ed21eaf980ad551253869132251503e05ec4c,2011-04-29,04:44,joy,81
65d7e0c08e53d62769e496b5b45e0be6bd7f54eef61af0d3eb8a68fff5b61758,2013-08-30,04:29,joy,83
51551f177c85d91c2727c9f71f1ad0b6e9d69115b201d4b50ceece0e231ae401,2013-08-30,04:29,fear,83
e6aca66d8527c37eacf8b61a5a9a564418c650d36dc7448aefe460d255f45215,2024-02-29,02:40,anger,81
b05278e0a8863f460a969a0482fe40fb4a2c2bb162926d3f68ab4ca658d98758,1981-07-17,04:09,sadness,86
0dfe8c8f05dafd08f312458377acbd4077fc6c71561f0f7187c253e71bf41114,2018-12-10,03:59,anger,82
a534a814edf25f2f3fa3113a71e46cc5940e6de18a5ba8b72d716d14ac3c0b95,2018-12-10,02:45,anger,82
4b494da3be5191b11d8e9c148676624b0ddfb9526d2795159d68be998c724a11,2018-12-10,03:59,anger,82
12627803fe7451fff343006db435ddb51b35125b034c8076bdf9e37deab49bba,2018-12-10,03:59,joy,82
12dfaafc142699f82d0119d559addf4b5355fe41d94b9a11578f26a932870efa,2018-12-10,03:59,joy,83
5acefdfc46b73bf1b702ab7b4e33a58a2fc3a1555cbfeaeac61e2062d9d16c98,2018-12-10,02:45,sadness,81
9dc029f95784f1716a38930d857f7899c2dc040372d5e84c7a747b7eeb42655d,2018-12-10,02:45,love,82
64598e3d8806b21b84378b5c3b68a2a4b58f072e1bcf9dc99e956d4e2f829730,2018-12-10,02:45,sadness,81
c79211ca6dfefa9e4830fa241ed085b8e03066c13c899793ff0a972a0e1b82dd,2018-12-10,02:45,sadness,82
c791f2d93602f05a7bb01db97db5c5810afc58d1bcffecab1f668ade3a6ef213,2018-12-10,03:59,sadness,82
72dac1705d0150bf0d2127e10fd14a3de7c6292226a98808e47bab56c6901df4,2024-06-07,02:46,joy,88
21a8eded72e5cb1f59c47a3e79c1a1d5a27a031d5f2db43db26c9a32674c272c,2015-11-13,03:25,joy,82
adb7da4d54a7c281fe3c85b6fa68f79dd1ab6e4da58acdf4fc6586a977b406ad,2021-03-19,02:33,sadness,84
a1c8ede59899fb85e1adb5a64418aa3e9dee27ca83dd5e6318fcb749c86b628f,2021-03-19,02:33,joy,89
5f8a27b1dc98ec9b38d238008d41dedf1842944ea0144ba2e5cbe924474bd8d9,2015-11-13,03:20,love,83
32d9517494ee49d451df35e9182fdb3b65d39e901f05eba078dd9a1e5b0723f0,2010-01-01,03:34,joy,84
bc7566ccd581bc512497b282af5db30fef51e1320dd2801149094c8a8de46628,2024-01-25,03:49,sadness,86
62abf2358da67e954a5ba107d081ca04ce9da602330ac7bd6ec0843efc4f30f2,2013-03-15,08:04,sadness,84
27d0de8ca4aa5539629ca735cba8e49eddb34a0a5962507c688e00fa57a01e37,2013-03-15,08:04,sadness,84
44c04ed2e8fb9dd2aa2a9667005a0fc9c8cfb2f158886e05d253c50d79544baa,2016-06-10,03:33,fear,84
c7c7b963e0030d5ebd0270208d9346d4096b2061a8fd67427df1580753c6eb4d,2016-06-10,02:15,joy,83
064a3b0c40e84d8c2c7faf3580b11acd8ff5db7a74805d404112a6af840b2f37,2016-06-10,02:15,joy,84
6dd77872f541e55f4f77e83d5e4ec32d8617f268e6dd5819a5a315d2b2ecb97e,2016-06-10,02:15,joy,83
b2b4d5153af492af0978d6d183ee77c7a63ebd9838c1b26557917739d5e03d47,2004-02-10,03:43,sadness,85
e59fbc95a26ee6d455b8d9e5214efb339e449a819beef2e06d2f1a27006cee6a,1985-09-16,04:58,joy,81
13b09125421846fd0c99cdcfb8c97fbc415160bce423c39506f2e0cf846eb51a,1985-09-16,04:58,joy,83
5b971a9d60595a8df13dbb7565f54f0c96fc3cf93d82ed67e2fe0f28bb3d8d9b,1985-09-16,04:58,joy,83
dc16c7868afc50d0877d4922f2baa718fcee31c618648985b1da5553a6f153a7,1985-09-16,04:58,sadness,83
aa2495aa060ad9122a93f2c844669fca91648be1d1c44193e7f97b0788a761d6,2013-01-01,03:43,sadness,81
ede046f55545171607fe6f690bcc7ded12c41924975fff372f2c087fe24bebb0,2024-04-30,06:23,joy,87
e6b3274eb85df3747d1af777627b0a84a642c16c27110374451417fc04bd96af,2017-04-14,02:57,joy,85
2043beb60cdc02281f281d1e26de4691689f3ca138c576065d8cd6ac12ab8653,2024-04-30,06:23,anger,87
03cd4f04206a5bf81044049a37b1646efaec8e159bc358b34d19755ae9abca5f,2017-04-14,04:35,sadness,83
7e47ba4489385665cfd27df070304438bb211e52ca635dc96a1148d1e20fa343,2024-05-04,04:34,anger,97
1521542451f0e730ff06a3e14f04ff34575170501cfb4d40f15717a905a5f67d,2023-09-01,02:52,anger,94
2de1044337f8f1faa1ecc0f3a19a49511b7d9cb71c4b1f6c15925a874b0b42de,2010-01-01,03:19,anger,83
d834c10709d7ae3539173dee2900932c16e79a6adb144aff368744dd8a18a8e7,2017-04-27,03:22,sadness,81
9729d331dc55c0ab06d04e225a5b24543ffad5de34c0b5c6f96b96a197d5c56f,2008-09-23,03:23,sadness,84
2dcfef1cfa97a7c0cb3014068e490373ae5d77dc548d00f2ef9181bc337cb9aa,2016-11-04,03:15,anger,81
323d63ffe23ab5f926512f05a97014c68260491e5446b57fd0e20edfdb06996b,2008-01-01,03:57,joy,81
80ec7ef289d43ff59ab2629423e77ef3237fdd15820d561f6616348b16594411,2014-01-01,04:16,sadness,85
b8e0730b22661a3b56c0ed987ac1e250cfd19dff2d4f7eb304521a6375524180,2013-01-01,03:56,joy,85
5e0def7bafc7d8d8048e2ab14e9d35f15f749220f3e570499494387d0430779d,2014-01-01,04:16,joy,83
62206c761249abc60fcf8e50c0b2d329c4d0dda9ee5f8017bede5d0edc34ec47,2013-01-01,03:56,joy,85
43d09f3b5ea9b0b79441db86cf596a68aaa9dcbbec99e7f82cb6319f60a5eb2c,2014-01-01,05:51,joy,81
4a099e462d3e77b706c35f9c43dfbdfcf3748b24f8aa370f87177a86ca63087b,2014-01-01,04:16,sadness,85
f3e9b15101735047aa4021f30b24eb93e4d1096a9be4b5cc466fef223c3dbbeb,2014-01-01,04:16,love,83
30f4a17d0f7a5f4c8813a352a18931c36f8ff5b9be3d5b149cadaa1fe05cc790,2013-01-01,03:56,joy,85
88a872f75960a4c4f5f3135b8b7c48bb19cfa161951fe4453f0c34065f94f731,2019-05-17,03:02,joy,87
2543bb7f6af78dd305e9b1a4ac24feb82ef18202b686ea14fb6f4891502ff339,2015-08-17,02:22,sadness,82
2efeabf5a504dd22d7971db90a491b7c1c9a23e0805a5919cfad657e3ecaa72e,2019-08-30,02:11,joy,83
8ef09bf2f116cabcdae8f45f065d5ac98aaccbed350c2358cd76794f684640b2,2019-08-30,02:11,joy,83
fdb77de106dd6fc862e6392efaadaccdde3e330f02392bde828e5a5d27fc1dab,2019-08-30,02:11,anger,83
a34b802db84cd282d94676be8b6b2e431f9def43fa0f5ab4741fb14a82819de3,2017-11-17,03:40,anger,81
a30846275539626592b4f2c1393a895eba20509ff29b7028d75789b69326d5da,2017-08-25,03:02,sadness,82
14f648a260152e3aff70fcf323a61796fe0350b693d71fea891ae1977edd8663,2017-11-17,03:40,anger,81
9dfa0b9eeaac569af402fe7b5698d3d412d1461adb0e7cd2f7e1f08c56fc4028,2017-11-17,03:40,joy,82
ec5b6072f686005e221ee7a8252434ed6bbf8c8c23f2ee494794eb233d6ad14f,2017-11-17,03:40,sadness,82
e2becfe2d22b2e7bdd2c52b907d9f0452ad2d50fe5f28e6a70391e6b26686080,2017-11-17,03:40,sadness,82
a946e22b3e14085c5d280d2bceb7854fedbc81f6fd680d62c3dc70f9eeea86c9,2017-08-25,03:02,anger,82
76916ddfa08509d6d559070528695c425345e7fc68aa1cdf0665d6f83dbba1c6,2017-11-17,03:40,sadness,82
a5d07edd16c0cb826af580ee1ae93cf83b622fa5d4e78aaaf6e706b4ab542a3c,2017-08-25,03:02,joy,82
3a0f77b6b6a9a650ec543c86cf68a9c4f2517939bf8155531cb642b87aa7d6a4,2017-11-17,03:40,joy,82
cbf350c89a7bac62c4ef656fc86a93456e89010745f83cee8150216ff3048956,2017-11-17,03:40,joy,82
a1c59f2d875906ce24172b7a4dd17f73fcb0f138b525c26641b1129f5373e5b0,2017-11-17,03:40,sadness,81
478ec1975263b3968465ac66a3dfe29f7c3a1590b9591ed396aad13ea9c1e7ca,2017-11-17,03:40,joy,82
39883227fa69e641d39a3084734379598bfa70f34741e030bd4454320cdc46ab,2017-08-25,03:02,anger,82
a0a3fe194c7b9b61c46a777dcceecc33fca659a1d64f7fda2e4254a6841035d3,2017-08-25,03:02,sadness,82
b36097d8905aad85bc2a4f4c58dd2bd66494e5381bf6e8a003daec33ac3328c8,2024-03-12,02:37,anger,83
77991a0606b8a2861d373d00fa2f29aef8530aaf7e3dbdcd4a72f5075087c0bd,2003-09-16,03:07,sadness,85
6f4a76cb3d3c9d716785ec5357257764edb6650c8cb4d1167aac4937cfe311b1,2003-09-16,02:42,joy,83
7887d4825048de963de2d9428dce7f9869fc9dd2936641b080bff0cb934e1fc4,2016-04-01,03:57,fear,82
37117ef77661636c87990544b1cafbd4c155d519972b114fba623d6a311c65dd,2016-04-01,03:57,joy,83
f4b7fd165eb00e580d73e3ca078cd5b69805aae71787fa43438e66dae3ce6e09,2016-04-01,03:57,sadness,82
bf8d84496576449180ce005cf2f17468a63a74283417040f1f1a7628d294a00c,2016-04-01,03:57,joy,83
eddfe7adc8a1ef205b8e8e93690d5154b96127fe2c1416719b915d7101a106df,2016-04-01,03:57,sadness,82
664f72115b5622d8d32fb3954458bfc37df48a1ccbb42aebdf5a69ec5024392e,2016-04-01,03:57,surprise,82
b28d3a9b1895219858bad8ce960e114e4059f4b8d008c17a15021d91bcda9e22,2016-04-01,03:57,sadness,82
6f3e3cd6ea22af079fda72fd9b3bc85721f4d2228f23089ed8f6c974dc47e58a,2016-04-01,03:57,joy,82
ef150e75b2b0e9fe6cf53c7f3879318511f868d83c82a1161247fc6f3d4ea06c,2016-04-01,03:57,joy,83
94ac4b5972717a3ecaaaf74d001a10be8bb02f9621aaee092d0be511128f414b,2016-04-01,03:57,fear,82
59fcf32d0ddb30fe7733b64d9b9d6f7d68eca74733c777a30ebb1afd634e725f,2016-04-01,03:57,joy,82
bd891000d9ae6e45553c1719b404a4ded7680e61394bf3dd4bd37d6c4fc81b65,2016-04-01,03:57,anger,83
d183560eae60a2e373611f5350cc7e7e2b173f6b8a53fbf3c2622b6f38e1a4d9,2016-04-01,03:57,joy,82
2ca38ebfc447d752c10b6638ba7d4a4d0903f7e2d410c8924b2928de6ee5b554,2016-04-01,03:57,love,83
988b291a7144c661c71dde82bf2ec2214199ccc0a7083eda0414ad88080a2707,2019-05-10,03:31,sadness,82
9e1e0603c2c359d50f23c26cbfc6333f6a3a02b16e9e48e02627024e0ec53e36,2019-05-10,03:31,sadness,82
792a418ec72ee1a4ac5df347e47d5a67af5ca7af9e29948c462fd466c70f5096,2017-05-05,03:02,joy,81
4cc90ded2a2777d70b030567e0b0654346407cef4eddc6f30e56bfdb8677fc06,2024-02-09,03:41,anger,81
cb2c620c2b840a20c3570ce91d8243a7a11adb2cc186b6cfdc1c0a8c1cd993c7,2021-06-11,03:09,sadness,82
207a6007516ba2f49b684fbbc6859d1d3a6ecafd4ec306c80066875df3878725,2014-09-02,03:09,joy,84
d99fc86a3d3a83f5aed6811749616b558c2201b0925faeaa06f9848d987b3868,2014-09-02,03:09,sadness,84
21eac91423153784f2d08bd97961444338966582b29496ff378dce167524b9e4,2014-09-02,03:09,sadness,84
05d2cdf725fbddc4338d64845f387ab7965faf95620e3450523cbfad35c600d3,2014-09-02,03:09,joy,84
a27a1abcb9aa438a2ff7c90c27bc160188f16c700db7bf13cc5ccf798f4f58d3,1993-10-05,04:55,surprise,83
6fdff0bfe85005e5429b42603a93c49c11d6fd69ce79e7dd96aa3c968c3459e4,1993-10-05,04:55,sadness,81
e5e20794d04589810ed4ae4d20d5490f352ee50d229d4218106bc364be440347,1993-10-05,04:55,sadness,83
8c8287c759eda0da0300203eb6be30e7a99802c0489b376d1daf53a6ff8793ce,1993-10-05,04:55,joy,83
c31ea70f9a4b42ea03d8c68778758612dd027042cfe090fc4f192d0789f9a0fc,2023-08-18,03:20,sadness,94
84591b584ef48782ce36614eb777f359e35c3e50b4eb621479b10909780392d6,2013-10-04,03:51,joy,81
a5b765482c072f7e7173bdffa195017961746b31bae37c0fe78d3de08cc7cc60,2013-10-04,03:51,sadness,81
36f9544f6fce013dd02061b004442497cf015b926a011cdafe603bd2b807be27,2009-01-01,03:22,joy,81
4140f7d8055d70aebde9cb315f98b9c1ad0ba27c78e3445e5e7a51df98a32826,2023-08-18,03:20,joy,89
8fe12b50ca139f14bb83be705dbe862ab992ba0a6cde956645df6a4450f646b2,2013-10-04,03:41,sadness,83
68351d5613427faa7afdc7e30fc0d672b3c42523ee7af8c0d1cc8ed00912ed60,2018-08-17,02:08,sadness,82
ad447bca5beb691062f8f70261025141e1411aa011be6dcd134b6c7621b8d1ca,1985-03-13,03:46,joy,82
0caa3df2d19d46f804d353f0571a215cf3e8da701c357da27baacc0525d1c1c4,1985-03-12,03:46,joy,82
c805f4bfa78d48dba7dab7105a6d120a28d9e1d42b50070eb2a6b33b93da1813,2023-03-03,02:57,joy,84
c8df397933e4fb4bb072677e740e854d05da55e86300ee36809f5be96f689077,2024-06-14,02:42,joy,81
cd9e9e096ab4190278bf020bd5b7a81ae4fde997cc92100f214fe25b13dcdb85,2024-06-14,02:42,joy,81
292a97ab90a934ecb27c839796e013ebf24a5adb7c75cb707afd8dd1056d6ccd,2006-01-01,03:27,joy,81
a3d02df0735dcd48be141770b51301add6f6fdc5b07bbccaba82d6e54ffcfcf9,2023-06-23,01:49,joy,82
de75f562607f935f1f7203ee0129c80cc3b814b4bdd1419a356a86ab044fa0e8,1993-09-21,04:41,joy,81
10fa73dda5907c9d26b2b66396cacc9ed3583b404c4a47eeabda1db1178c7763,1989-06-01,02:48,joy,81
5076697b492342487c0644f37c72e754ee80aaad16fb165475a4989361a5211e,2022-10-14,03:02,sadness,90
dbd6c575e28f9b74a6eebbf814e83a5dc49e9b9937976dea4acdd0fa30c1ace7,2023-09-08,03:39,fear,85
1069b37b58ad7a6039b4faa89cb2333e8043a598bd00163c60edb97aad6dd21d,2015-11-13,03:12,joy,81
641e6098387ab54dc015527e72b9de4b280115b6edf9d3d919af1ea98d30e7b1,2013-11-25,04:05,joy,83
dfa51f1338d0eb679809e309cc088e8179d5a48101930541951b1f0141728a7c,2013-11-25,04:05,joy,85
e8217207c2f78206c9244876e8746a8337cecfbbc69d8f0b817de86df8cdb0be,2012-05-25,03:19,anger,86
58badac68f0aa8fab9e399c7237865464752571b40ba2bfd82f07aff4a2b2844,2022-05-13,02:28,joy,87
45f8391e1f7e6ccd2c1b3ae32b123e7260a0aa922b79e9d9c7ea8f61581e4833,2024-07-16,03:55,anger,83
149329608beed853c702b6bec6ff28d2e46eb2c53186bc41770db4b5d0a1890e,2000-10-31,04:30,sadness,83
8e71ccb46e93ad9c47b4e4ee286eed84a7c54180c867e33a949d9a97f79840f7,2012-09-18,04:07,joy,81
87abf46155c85c778bb881753dd2d8fd414374cd6c52775e34ce6e61e9812174,2013-07-01,01:39,sadness,81
93ea58791a88bb55be898fc1a0636e5309377514b4c984362c2bed3e8e2c6350,2013-07-01,01:39,sadness,81
f57afefcac996297c5ca28be249f4924101a3221843dab141d1c60203e023e2a,2018-06-22,03:10,fear,81
2faa4675b9808c974ed0a321eb4426e837fef5ba1ff0e3c81f79c3b85576c3c9,2011-06-17,04:12,love,86
8b1843992e198d013da09703916bfb57ce1c9347de0739fab1a5fd2ef65c5011,2014-11-21,03:49,anger,84
3d22e12660f844b419c68546a423e044556b9a59e8fc5fa3408d731aa8b31401,2024-07-26,02:44,joy,85
41fec014e7fedae5fe1a6452cf638cecf3a71895356406b41a294397d102af3d,2019-09-06,02:37,joy,84
c62afe2d12e657b9a04b1fff00803f592356fb002679ba2716a1f84c9da4f264,1997-05-28,03:49,sadness,84
29d173a00d0075d2276127c1fe4662e81e0bfb3ddd8fe247721be80f29505a56,1997-05-28,03:49,anger,84
c0f6b8b68b9c91836b003e545c0a26daacf87776337a9e993ba451aa3c703f77,1993-02-22,03:58,joy,88
f3f5f13a59a62b4201caaf73db429d252d2cd57bccca2d0f3247ad143c47d1f8,1993-02-22,03:58,joy,88
a3f218f0576b8d397917044839197ea2d033c8f26ef03b0ff219fdc4fa076a70,2006-05-09,04:42,joy,81
a60f657b7a677411695d3747b963f46627f19c4a88923ac87f6dcb940f4d1de8,1991-09-24,04:24,sadness,83
59dae5d761d62cb44ecdf756f0da95cd64672c956b03c0cafdb15c120571846d,1999-06-08,04:15,anger,83
e7587cebbf1a79bf6a753075662e5aeb7477437b7e317797744f245cf0ec232a,2006-05-09,05:34,joy,81
bd5417428903241bd733a375c4e74d81b6612764bc7d40692deb7ca7728d5810,1999-06-08,04:15,joy,81
a90133098a2b25aa02d7df0dabadc089996b43a09cf508f1d4f7f878b8e5e273,1987-11-12,03:33,sadness,81
f786625cc3bd63e6d8ad97ed652f860835f45adb1967b0bc85aab8d7abf71d17,2016-01-28,03:11,joy,85
42e1fb9a0726eeece8a7b7ac5b31ea3b0c24ae8963d26da8fe0eba587aa11e1d,2016-01-28,03:44,joy,82
30759e6b47d49501e9de380841dd565a150e71de582630a6d197ac7e42660871,2005-08-29,04:06,sadness,81
89c1d8120ae3e35f1e264ce7b8ed0164922d37b07ae779708b50ca0cb4e8e1c6,2019-12-06,03:16,love,83
218e243315bf15c7efef218e5943d14a50b1b47ba589dff5d1314959fe7d3e07,2022-12-09,03:21,sadness,88
9a336a2238420706033ee4c9246b9a905b046b5a0997bd79d8cd208295c7b012,2024-02-22,03:06,joy,89
5ede8e60bf3e6185c2945547d6ddd97e16d65a65cc87d76c73f5f2a4834404e9,2024-02-22,03:06,joy,90
09752737b4a3eb33f4533da43d56eadef7c2b0a4929cff40d3795ddf6ff9abea,2022-12-08,02:33,sadness,87
89c744bc765a64a51d90edb3571725c1fac7c947fe10b8bbb76c39999c4e71f8,2024-02-22,03:06,joy,90
f5d1110a06e3726b970c79d8d2d3932a69064fe8d1a59c15dd4a8b76409ccd34,2024-02-22,03:06,joy,89
dba82063dce041e27e986a32726e1ec8f9cbe34c024bde1b1060c8209979568d,2022-12-08,02:33,joy,87
4b107a252558dcb8277068a96eb8d66a6088a47eacc95bdfbd9fdd1f8e1c1008,2022-12-08,02:33,anger,87
16dbccf3e7d5751e58d5720c723eba3ded9e3ee2dfaa0f49d418cf64ff3ea56f,2024-06-06,03:06,fear,98
4edfc161cb08441248303cf706119d449faca11023263f30d81c8236225bb84d,2022-07-15,02:43,anger,88
663ac2e3d6ec3c6ea7553ad082892d8d8ed4f1933a38dbde75298384f327412c,2024-04-12,02:55,fear,99
6315b385f2eab02b8536b0eda071005a3b0fc32f8cff88585752831d1408dc05,2014-05-26,03:59,sadness,85
542f84c50f99ea1f7f20106ba9f6f9b45297d4db99ed95578bd1ff87c90c6548,2014-05-26,03:59,sadness,82
f5768bde8ad320e680dd603c6c546e2f14988f15841d87cd242833a4e3e72912,1990-01-01,05:12,sadness,81
74fc6a2ae9f27fae35a1e613bd2fb55a4385b788e1c63969e9d45467c1dd6a8c,2018-06-29,03:41,fear,81
5900c44c32006dbc432a74ca8d4ae8b60efbaa9d7e0daf4433c6c8ad06c84019,2017-04-20,03:07,sadness,84
3686517a04fb0405f6971b9e8fc4a256b1ab67eb54d4048724b33f91a0147535,2015-04-14,03:26,sadness,81
799fb0d5de94e76cc6752eaf12925a5adcb329d23f8e4db75273e8850126aa07,2023-09-13,02:57,joy,81
1d5a89e2148b20505a06f89da3f45fe5f2ac3be0d0206ebabba56e31ff4c01e0,1997-11-22,03:28,sadness,82
d1ed23f25cc28b94579588083cfef1121de138798a2f7b56c9567309bd6d1dcd,2024-08-04,04:12,surprise,81
80f57d2332e6465a9e8bd40f20c38b6c8f496c1df444526634d1762d4079b507,2024-07-28,04:12,joy,81
741e9f0dd10cc90ce37c67fb6ca905ea4654c2428b4c07144b22a29919eacb42,2006-01-01,04:27,love,81
0fb0ab7185fef4aaa144a14d4b661cfb41dc3aaa4d846dd957262fbefb99f408,2006-01-01,04:27,joy,81
72d0e6010413db74f5a8372c1a03a87fa37dee5888de9f1560c7590c6e68b986,2006-01-01,04:27,anger,81
d2ddf8d9406a30ae2af78ec45433fba5e650937eb498402b055210c9e1474d37,2006-01-01,04:27,surprise,81
30e72b91f86c860f83935efc72eb7e4c9da93003a4205d314b9c94e2a0247d04,1987-07-27,04:30,joy,81
437ef14359785a8aa120dd58401b9db2768b9310d2e7535e8c24b99bb100b449,2022-04-22,02:56,sadness,84
15fa2e39533fb68b00989c52b8e3b8934650e5057219b5b0591a5d2246b78903,2015-02-15,02:09,joy,81
15fff267140a42453faa808d4a31dd31acb737c2dd7c3719cc6184e1685f2c2c,2024-07-19,02:28,surprise,84
a8a787922da650531c117714938bb8d0d5fec682d7ab9af206f7d28fcf7774df,2001-09-04,03:30,sadness,84
52d0724f91a3aff36621cbbe206723c4be5ad01c3897a651c9db16f4bd4d466d,2024-04-01,02:51,joy,81
b5e871f7f866e72d73f965f71bb03ecfe060325babc0756a80ca2aff69a08419,2014-06-05,03:33,sadness,87
cf72186c96e166231a4eee0d986c3fb06c0b1c84979020bdf9fd351ad7fc5e29,2017-11-10,03:28,fear,81
2c3fbec68f27f121710f75e5bce4b42a291a02a77a804df98d48bb5f8532780b,2022-10-21,03:20,joy,84
cbf309f89547725075de6ea1cde1bda080156c0eb1bd6e941ae68870bd407f06,2019-08-23,02:58,love,93
c09901bfb60891400c6811d61b31428a5f0fe3d278a6ba12985b5178dfbb2389,2024-04-19,04:14,sadness,81
6c12eb3042f8ebb1adb37a9b22e93c418cdd9de21f2ab5aaa574d4cb9cffea95,1982-07-16,03:08,joy,81
277d87d75ed496015400f3376ccaab3b13860c3dd74489511dd0b4865f0756c9,1993-03-01,04:34,joy,83
4aae97cf079cfe4f9f60da3f829424cf92bbede51379911c0f598791d2735c59,1993-03-01,04:34,sadness,83
4db2fc52b0a5b223d0783a87ce4f44164577316aaf3f84c4f89542bb620f2183,2023-11-10,01:26,anger,88
dc274716f35cca532d3dfe1356c6cb44ac840f9f29d6115e8c15a6474f910bda,2023-11-10,01:26,sadness,88
2175f83c8419c1445f6df4df354b4221af108b15c0c943bd892fc224d8156018,2023-11-10,01:26,joy,88
bf566307024d49ef8c506d87d243304053fd18719ff23751ee3f81a0933c0ea9,2023-11-10,01:26,joy,87
1a35066370951c5f487582be042335c480129c671b013b583a7bd488096753ff,2023-11-10,01:26,anger,87
f558594ed63f4f8aa10d9de4c822d6fdeb7cbdb4cbb04cc47ae4cd1dd08cb7bc,2023-11-10,01:26,joy,88
48d4dd9ec3354dfe058fa60907fa46af45e26dfdb1bab6d9baba886abd56edf0,2023-11-10,01:26,joy,87
aaf14d7a548ad9e876836bf20d1f5e6dd5232085c6b520de2cfe7dc1bce29b8f,2023-11-10,01:26,sadness,86
7b904d3215020108659c038d2689af6f1b0020d7cfd3b392c4c9f65c5b967647,2023-11-10,01:26,anger,87
0aac8bb4222a36d7357e9703805b94d1e294b636d49eec06a2ee851894e0419a,2024-08-11,03:42,sadness,86
76efdd566053de0ba658809cd46302c5f3116c22e89e0dfe614343a3f8f9e137,2015-10-30,04:20,sadness,85
1a3645b1e4fd42dcbbda9088eccd894d3b7499f98ab9cb2bab572905a7712522,2018-11-02,02:33,sadness,82
16a8622174aa1a051e9722e7c9b9d0880dcd4c09f354e7745f30f52db7f641f7,2018-11-02,02:33,sadness,82
b8d491fb678100d23a856377e7179678ab18e3b97588074860fe9c2420bbd9cc,1998-11-16,03:00,joy,85
22940a8a3b0da8dca7a55cf28834a2f94c1255fd562fd2a8322f6a2b122cefa2,1998-11-16,03:00,sadness,85
e4e56e37bb434a139ba62c1325fa316f7b13f58c360e8ad5d984d05035e529d8,1983-06-17,04:13,anger,87
3bedf15f240f96d016b3f4284f7657395bf0252fb3e7f9f4250189dc53ef25a1,1981-08-24,03:33,joy,82
428957f43f79e6ff35ea586dc2ef07769a81e56869d6f6e380a377969316aecb,1965-03-22,02:45,joy,82
5f8457518dc3adf56ba6c1bd7acc4d97b4ee018f6ee7351948ae576ebf8dee02,2020-03-20,03:20,sadness,88
1df1dc1e59ecc08dd7829e24c5e629b4e08739a578a5367d3e60cf0304625098,2020-03-20,03:35,fear,84
38689f70bcebf2c7b66bc0519ff70cd8c434c488be9a6615d78403b43f2cf246,2023-06-23,04:04,joy,92
d8ae6af5c2721f2a86e343ac7d2bfa1e6f36cf93dccadc38687790cc3354fd6a,2003-04-01,03:52,anger,85
a942c63c8cd250423897f7a6710f210b64c5425dfc057882013bfa7fd24839ff,2024-04-12,02:56,anger,85
76ec8fa2362f5109c424859dc37c17867e9d2bd01a317bf577e8a79976ccbb50,2024-04-12,02:56,sadness,86
41cfdcdf9be84ebf07d4ca2bdfe4ea36ab871805b787c0f8b5442457a11c46e7,2024-04-12,02:56,joy,86
d139f15aba00c3f612972acf8a94406f278aa7475fdcb6bf124b7e353d3dbaf3,2024-04-12,02:56,fear,86
565637f423bd98bb86ccf0962f69e87a3aa25756e48a92d9710aaa327d4d04b8,2024-04-12,02:56,sadness,85
15b8cdc841989fff92309f4949200dc67757defd3007ef92761e3901fa1d55dc,2024-04-12,02:56,joy,86
dd450fc09dbd7e5ac612fcf0a30f1abab41b24f19fad5db4c04f13875afe7b42,2024-04-12,02:56,joy,86
2c90481a63dd30801bc4e0c3e3f41a8aaa1d67aa6e6598e7697a96ad82d32ed2,2024-04-12,02:56,sadness,85
7f52e06d7801d31718dc852d3b7170b2c2314765c23e3f1ee89b1daf51791336,2024-04-12,02:56,anger,86
fc610d817acb73bdf179c795cbb8197b0e0c041904c70a1d08cab4ac6f1c2299,2024-04-12,02:56,joy,86
0fefaef27cdd76849f03fe17d59427b8d328faae51b2bdafd6e2e90ea4509cea,2013-06-24,04:04,joy,88
3f382ad727af0f268d03c40f72bd1f2783f2cbf1803d47cb5be5564663ac2a8d,2021-12-10,03:46,joy,84
9bacf80469571915519789c1a93e4fa6302b3d254ccada65d8c74819bf685bc3,2021-12-10,03:46,joy,84
5d2c536275b5f40781b1c16f66a6d80214ad748f60dfd56c38a5cf70825ca2a4,2021-12-10,03:46,joy,84
1b455057385ffd908fd598a408d6b6044ee97c9d3cca6a8d52d5c88cb355b520,2021-12-10,03:46,anger,84
e7ba2d96a1f0344e770cda7f2d816ac8e648858f65ffd95ef146bc8a00cff929,2021-12-10,03:46,anger,84
218e45875e507a17cec0d9adcedc7367133d1f04ea1a672448a56057481e015d,2021-12-10,03:46,sadness,84
51afd1b3d4fe1f6abe648abab36386063e623b8b8a3a895d2f16acb6856a0fcc,2021-12-10,03:46,love,84
951d0012d278e63a8d01bc5009beff86decc7ea9760f16896ba8a6e6aa11b173,2021-12-10,03:46,love,84
b0905c9a389b7552759f1db98f3dbea40e1782d5582b38108ea38c3e0c84d3b1,2010-12-01,03:36,joy,85
7f8b484cdf44648efdaa14343b792f0ca07bfa944a74abc8ce22e76b6d52910c,2010-12-01,03:36,love,85
72543cf616300a4ddeced1bf26b01a104379cf285589f7ae99ecbabaafb17453,2018-08-03,03:10,joy,85
7e73386babd3ff9e3276e210100e7a96590bf58cc39231437b2a9d494d3a7f4a,2018-08-03,03:10,anger,84
a2233977965295f9ce738722e088c296d2c08ea91dbb098ad65e32d60a9144ac,2015-05-15,03:22,sadness,87
8edb77aadd8eb3c911aef4a729af04139866d3a11bcedb6d69253b227bc6b00c,2015-05-15,03:34,anger,84
2c03d2dddb7a7bd946c2e42d544561363b4eb87b314593150198e47c648883ef,2001-05-15,03:20,love,81
b505aa142f6601af5914cb2762e6db3080a57f02da77ded5e778abd5297f41b1,1987-06-02,04:51,love,83
9f69c02e7f444e5fca7a92e5480452c0b3ea4128b630d9878e2a8d916c52a298,2018-03-16,01:50,sadness,83
059e0e02288a2e98c3950679ec6890dcc7a781204670f8d1b22f6dc9f169fc24,2018-03-16,02:15,anger,82
bab4614838318dc8ea5b361a38383dd13aac1821ef76fe807b4ee49aff52c521,2018-03-16,02:15,anger,82
22a191cdf77ee46aa1c3fe6062ff29e80f14ff991fc21bd23bce31823dd5ab4a,2018-03-16,02:15,love,82
8df5b58fdd609b6a12ccd2e845fb01fcec72ed1930b1e21f385179d5a8df1417,2018-03-16,01:50,joy,83
59c1526b567b79651e6e0d9a8c3a8a37b42d56514e08bce95d3d93819edf42d9,2018-03-16,02:15,anger,82
1d0bb4d75936dc4f30e5aaf551707fab35fc34c4b571715bb23edec7bd35712e,2017-08-25,02:00,joy,85
040f8b22a6c03bb8685b38957ecb2abe87f3a3ab7bb06e7a1d5ba2077bb01328,2017-08-25,02:26,sadness,85
08f814e9f02141dfd233cb4ea18a7052d7da2ec40cc7914e341b4cda28b120d0,2023-12-27,04:23,joy,81
d55405a07007578302e5103259bf2b5352f4fee276b0a44b6c63b9f4323c6b39,2024-02-16,02:52,joy,84
6ea7710ccc2affb94098686b77b1ab6d63110ab2596961a76eb493fb1e354f4b,2024-02-16,02:52,joy,84
164d4565cd028b994ed3f6ce4dcf54f8e2b96e646eed987ae9f89a721442bfd6,2024-02-16,02:52,joy,84
586a05346e89d9cbe15eec026115fd93ba88dce5359e710e136bdfb34f34eec7,2022-09-08,04:28,anger,81
06d083452071503c0a025aa8833d376819a6875ca474726a7f052155fa90955b,2017-03-17,03:21,joy,83
1d799d1020250188798c2bef57c8ac9a183d43123bfc560b3812dad6908e242e,2017-03-17,03:21,love,84
1a578d7d28867e726c31740dd7a201bfcc4b0f2eeb8f112a44f3117f8ad823ea,1985-06-01,03:45,fear,87
6c2c40640f0caf068bab5fcf37c7b344e94b55d232326c731d19f0670c2ec101,1999-06-01,02:47,sadness,83
d74648a78233720c14c69ae7c642f244776e3d4d77e1034d7928854262ea0344,2024-01-12,04:30,anger,86
81fff2d937cc0bc63fd3fd29a673d3dfe4cb508ea2b356594bec55e5c592b364,2024-01-12,04:30,anger,86
425c226f9cc110b7b3ce99a6772ba5e6ff42bb86bccd67988bcc8d387131b839,2024-01-12,04:30,joy,86
45f7903fe0b61aaa531bd9b7699e29a415146df4211b1906d7d4aa5eb54df72b,2024-01-12,04:30,anger,86
64884fff423e8ea415a62437fdb41492ce1f2adfaa6d14a225cfa6d6256927dd,2024-01-12,04:30,sadness,86
f0e8a885496a41be7d4540c00c2dcf3fad28223df49f743ac4a2f2561b4ea9e7,2024-01-12,04:30,anger,86
8682acfeda982837a8ad1dcd557815429016073d95ac248f179f9c72536579a5,2024-01-12,04:30,anger,86
d55e23789950e3700d69ffc8845874ef3c6023870055d0e1b940087570f353b4,2024-01-12,04:30,joy,86
1612d03bb72ce836fe3d14c2386ed059365e3be72c78e927d0ce457dac69b985,2024-01-12,04:30,anger,86
20794936def2c6c360b741e4ac82c2e7622f5b4dd21fcac884f0fea0efc5e619,2018-12-21,03:15,anger,81
3b66eb8c95492c2bdd4d5309add5b38770e60cd0b69f1b8455f3491b5ca18998,2024-01-12,04:30,anger,86
c693d45fda3239fb4efb82e94a816896f4d9fa7f7adeb78be4851bdba2417193,2024-01-12,04:30,anger,86
9558086004544a8fe37b39ee4846d11313b7525a3b6e31ef345b2d7ce139866c,2024-01-12,04:30,anger,86
824a52164e1623d2e46448686e5765d1d62af2f93c33f3f08d044b3ef2b77d5b,2024-01-12,04:30,anger,86
904b511e70fbc05e0428869fc25f5849b518f86b59456cedbfe81fb818ca47a7,2018-11-20,02:38,fear,85
86ab1ad48c76de9d32690b6a04c2c70254d2d7101fe2f53a86abc2e12abd74df,2018-11-20,02:38,sadness,85
7899c4eef082a5302eb54b96051cd861a27279c2ac92648c73fd124cf51309a0,1980-07-25,03:30,joy,86
8fbdc4553664100e96e6964221870291a1b760033a1e2b078c08a32f1ccd4b1a,2011-01-24,04:02,sadness,82
7091666727e9ff3e8d4dd18d1f6affb57870c9a45ad5725c25dd5963bed50aca,1973-01-05,04:27,sadness,84
f871e5703e6366526294b29c94ca99a8f78b518b4c9e9951e4c8a024819a8a32,2018-11-16,02:49,sadness,83
0b3efbe7c72e613ed6e06e4d6cbe2804d4537b1a57bbec202e71a99a0bcc720d,2018-11-16,02:49,sadness,83
67c9653cb32a1a46021931d867d0e4b26419c1a751d0c8d8b3c36effa3d2ea7a,2018-11-16,02:49,anger,83
cd679f153944ad84081db0c9a21341f618933e1c537f8e108ac8bd8beaf4b155,2018-11-16,02:49,anger,82
c77dc30c8424d56951335af345048bc2b952be934dafe43fde9dc53194b21427,2018-11-16,02:49,sadness,83
853bbd1093f959c1c35501166799016e73a9bd223a2ab9b7b44852b4b5b93f69,2018-11-16,02:49,sadness,83
3fae6f935507e7ae88ba9600e251ef97a7db6839292884eacbbe92e0c57fe504,2013-09-09,04:32,joy,85
bba35480a7d57a3e58c699afd8ecb925fe9ac9e6d32238befa05f9862c486a4f,2007-04-22,04:13,joy,84
b1ac98afee3d6266b887e189747a447eeb70f7f27d7ccdec71347ca7294d5488,2024-03-08,02:53,joy,87
c3e0be9dd1302a80ccc22a0874e3b9491f52c8e50272c3d1195746c06d61db71,2024-03-08,03:48,sadness,90
b9cb09608c3580dd024b2dd32fdabc8ea5986851a72f8203e0b84cc1d7c04a1f,2014-08-22,03:17,joy,82
293bc4b15e3254dd0138dd4ab1f88260503fc281cf7aff51ccfed6994f0ee32d,2024-03-08,03:48,joy,86
da094304adfe232312a59d087823d6097ff61d7afd9cb6461d2f777f288bb8b1,2014-01-01,02:56,sadness,84
99fc71f0cbd5a4cf18e07af0b716a73bc9464ee72705a8aff347da543172edf9,2013-01-01,04:07,sadness,86
5c88b9010bd46b15b7dfce6e5df9a363a2aefa63a72a82bee3eb1aafa2037691,2002-06-04,04:04,joy,83
bb5f631696b159c9d273a11a0382d2ef4a9f9c54a7c76cd7c1981247491eac9c,2002-06-04,04:04,joy,83
ecf641e303e902265562a36c70e3ef99762cf27f82db45b899f1e41a28388d76,2002-06-04,04:04,joy,82
4f4f1bfe7cb7878a5de0ecbf704cd8db8d7e84f2553dab10ad689f70436b1490,2002-06-04,04:04,sadness,82
dfbf2af16765fe97f67a6887b07fe16508f6def7649147980d9cdef678730696,2002-06-04,04:04,joy,83
04743db76a578097c9589db518fc88d75ad90b3175d86bf5b233e642aed13f18,2024-07-01,03:32,sadness,82
b1c4253f4a64fb536e00533c00cbaa59bcdaf08064db5ecc018ac98fbec326df,2024-07-01,03:32,joy,82
5c3b099cb396babd974a2229ab85d6646ecbff54e1d37dc79221e46102c985ce,2024-07-01,03:32,joy,82
18b664a90eda030d850879afa043e1e3057446f34e4569965efe9043a9b8e144,1999-05-18,03:33,anger,84
f3a1962014ff34a05f11985365289d8da7fa9734256332c9be70c85d4be1bec4,1999-05-18,03:33,sadness,84
ef630d5229fda1354c1839b6f1543a9368cd5f7952740f7c060991ee82894b16,1999-05-18,03:33,love,84
3615d844d41e4c3573eaeaa5ac1b0505565c86e424455e09a5697c9beaeee97c,2023-01-11,02:58,sadness,82
146afea6b10f06962535be46d8a06f094c2eee40077c24e1cdb5eda57f6a5472,2023-01-11,02:58,joy,82
0d058a5e881a19c63be305fc2a6fabd4b9d5541b0ca3a7296f302b19075de951,2024-01-18,03:00,joy,91
a885bbf1751577b02950860b2adfade46ed0e893b98d10bfd3891b6d0c2ede2c,2024-01-18,03:00,joy,91
5a7f0d2697c7fad247d6bceccd50182ff41dcdea18aee90a726f0a4ee6986c55,2024-02-11,03:53,sadness,83
145df07500ee68cd94104f8789b6e90c769d3cbe8a9fcd8f74891b2bc52ada75,2024-05-17,05:43,sadness,88
e9e28cd764e1f2977e5723c5ed31598c0a46f9d15d1e899aa86596522589dd48,2024-05-17,03:30,anger,99
15f66e7ac07bf7d7bdd2e5ea2e4004b5840559177508b9f77cbe1c11b15657ce,2024-05-17,03:30,anger,99
da5b2e5cbd10a2e29ee9e60011ab4ddb6b08bc32fcb672bdca25f3faa6520a00,2017-12-22,03:20,sadness,83
4845f78c5ae8c894d4e43d7c289eb20f4bae11affaf78898f6edd0fbc4a7deec,2024-05-17,05:43,joy,88
acd621acf46fb38050acbbc2268723e5ddf9143ca63df13a7af0bae4ce1d6000,1983-08-08,03:17,joy,84
9eeb65fc25749b116634c57622fb70e284f01f042e42519b04df1c200eff184b,1977-03-12,03:34,joy,83
ad316acae219ff016fdcce87168e62a6ffbc96e07d042f2eb9e37169b78f98ea,1983-08-08,03:17,joy,84
0533ce8cc16dfe7718d53456b71b1461bbbe2199d99f4be50f2e67ae652c4f91,1970-09-18,02:47,joy,83
7a589930f59ba16c0ab5b7cc11e123d0bd351813d5e5b0fa8971bbe772065602,1970-09-18,02:47,anger,83
9e3132fb4323f5ee5f6b87148a8eaf01f2dbd669b543accef6d6ab32140126fa,1970-09-18,02:47,sadness,83
47c1b1c93c87a9e4117e2f4f2574b9e3cbb4d51876f6476298209421044294fd,1970-09-18,02:47,sadness,83
ab7ee4aa72afd0185b8dd6bc894aa1d628d1e67f5e78654d8b475ac41749d6c6,1970-09-18,02:47,joy,83
403064964363f718874fa93e6fd339bf6f59f91ffc09f7ec5336527e51724350,2000-01-01,03:44,joy,82
89ed67903b0bcb76a478950a9a63bd9146a93f70676a042eb220a21596a145c6,2000-01-01,03:44,sadness,82
b11784264680e31e7caf0a4e3568e05d90c0c53d32cf31317f84da82b619c04e,2000-01-01,03:44,fear,82
c5bea3d8bebe839fe7dbf88902112085bdac66ddfa49a724602f6edec4e754f4,1986-08-16,03:42,fear,83
54323eaf078429b7560f1794f1f58d66b680777ff1d4853dac281c54a3cddf5e,2000-05-16,03:31,sadness,81
4c3cc07446bdbb6fffc94d2022b41d38e24b64d875431e379657daed943bb5f5,1999-01-12,03:31,sadness,82
dbcdfe13b88f566a71cedfed13d6b9618b41df62648ecdafaf83537e7b05e4e3,1999-01-12,03:31,love,82
af68b445b78e00b9acef5322c31ba20fbe2568b2b711b0995f821c0a48eea314,1984-06-04,04:01,joy,84
8070b26f37203346e534d3f86e7f788f28699d08b69aeb14c2b21f8f53c3514b,2010-05-11,03:40,sadness,84
819dc7615799510f042c1df7ff92f3c83f799b5997d19eaca8d4fcbc30b93bbd,2012-12-07,03:33,sadness,90
ba4e166276937271c35a2c5831253d8ae507e07590c5353c0a74be81e901fa7b,2012-12-07,02:58,sadness,82
1755fdb6b4eb832c41501a067278ac8f6bf305e75ca05730f5d0040f7a887fde,2012-12-07,03:33,sadness,85
b86ba70dc2c0646001e2ca8f8d1fb93b859537948adcc81dc21cfc5b6ad9f54a,2024-02-13,02:41,sadness,83
2877c471cc5432b366607ad4607b9d0c0b0e57e6d0e04bce1c58f609550d955c,2024-02-13,02:41,anger,82
3c2094c3c8c4371b416b85b4244c44230bf2936036f454c824ff112b89b82525,2015-10-02,03:18,joy,83
401484b2e2eb494e8f1e8846ba947d948c3766ffcf82952b56d935164f9a2076,2024-02-13,02:41,joy,84
5f61b1ab7259f710bc305ea2754b0d99e502dafc154bf936d49e4dfdff88ed85,2024-02-13,02:41,sadness,83
7724b4948b54f7fa9c5b640c794bcc73095f29ec5b4f88a0b42705ef050a03ee,2024-02-13,02:41,anger,84
2940b528db46020765a0926391136eb0865b97d68ff5a919169c30e8ee3201eb,2024-02-13,02:41,joy,84
8c14ce0bdff7dd19844566c5fe0e23f0a46a3369ae622a7ba9907efc35dd1936,2024-02-13,02:41,joy,83
09ed21446af140aec911d6d273a3dd09e5f65ed38b36dc3b8895d2f3c7feeaba,2015-10-02,03:18,joy,83
6c7e2596f3611de394dab6772c6eaf56c6f1e52bd2cdb9beaacfc776b7cf6f19,2024-02-13,02:41,anger,84
bd30580993bb2d3fd2ca182f6adfc48f5ac1df4bcbc25a92c4a106e37af51d82,2015-10-02,03:18,anger,83
82ff593e157f5945bd6c85ac24d9874c7e241d7eee04d6a27dbc1ffacbd1aabc,2024-02-13,02:41,joy,83
be7cc3c9098b49f11a59a31da0cdc3125e8424ce22b0be9e3dd0715056550cc3,2016-04-29,03:42,joy,86
54f8e5b5438ec7b8e86e70ecedb8de3cc0ac27535a4adcff53bae184eb546002,2024-07-16,03:12,joy,81
c3d4d0bf8cfbd38610bf05cf53232f62e13edeac873504b86bf4504cb4a35ca3,2023-09-22,03:42,anger,83
98432f8c780d1042f15bc0467d3ebe0b9455616521b1612323863595056af7fc,2023-09-22,04:18,joy,85
c6e5af48c12592f95e9cc30f086d0c61e9ecd958161edf4250efb7c20af1defc,2023-09-22,03:12,anger,88
14fb019307f084f14d373791a7c9632bca3038f73f2ea050dfa2a2d14e90154f,2024-06-07,02:13,joy,85
eb4c103d2972e634620ee519e1342e95c5edd9d85077cd5aa7821bb00830c2f8,2024-06-07,02:13,anger,88
d3981884b6b717ef60db0dd474674641bf7b9ca5cb4d001fba2f8f7bdb33398b,2024-06-07,02:44,joy,81
a8d72913f00e081f9af71c75d280eb43c9bbea04e78dab5793eeed4a467a3d8c,2024-06-07,02:44,joy,81
5b27c313ae3b0d01bb755e228189aa16527567d57998acf5f38e035f7f71a56c,2018-05-11,03:28,joy,81
35eccdc2af8b9d0dac9f9c378e61aacedd19f237ed267a6ca493483d53ec7d00,2018-05-11,03:28,sadness,81
2a912d51196b19ff9a47b7a83ef162bf8a77ff6def39d4b0945548fa5873e6b4,2015-02-21,03:50,sadness,81
cc70bb8fc9ac2b1d171e1275436b7830235525f71b856e88b5c7fdca9393de59,2016-12-02,05:26,joy,81
c56959e094d0fcdccef5c8e25318e2911b797b36e807c199ce8ecea9ecc9d91e,2016-12-02,05:26,joy,81
e99b6e6cf32bc787782830dac6faca70692809f5cf6e38ad04a1ab4f186bbdce,2016-12-02,05:26,sadness,81
b1f0d6bf90aef9ab5d7b50eb0bef16d3f70fca0478a313a7350e556ee2cea225,2023-11-10,05:06,anger,87
bb5278f316e458e2a13dfcca52cc7bd4d5b00b30b3e8ba2a40408bda0925a235,2023-11-10,05:06,joy,87
a3140f9cbac596a5cc51fb95a701b144c1d093a94da06b5c1f7a7670e57198fa,2023-11-10,05:06,sadness,87
dbbd518fc093a1fda747b40946f6ae5dff989b11045d27b7ba4a928d5ab61f86,2023-11-10,05:06,joy,87
a5208a4b364763d9696f92b71c20a4ae6a336fa9339f7d4ce9015509a68cabc4,2019-10-04,03:04,anger,84
d4ece9033719540229cf534e37fe928ab724e0ebd7a790106e329537af179a71,2019-10-04,03:04,anger,84
152fc440a56d5e5e797c061d89920d2a4c3a4855c47fc9efa9109747064d21f9,2020-11-13,03:33,joy,82
cbbee9a41d25f74f4889f39b89be3bd596fc8cc737751cc8a384e414d440098a,2024-07-12,03:15,joy,82
0a4782a909dca922ccc5d074801a77e98085a231a0e098a45a7ef6268c7ed66b,2015-12-04,04:18,sadness,84
1ea4647b57b4e6746cbb1723a93c32a404461e0d5b5c1cc456ac434147bd5c36,2005-06-07,04:55,joy,82
7d2bf1391aa660f3925396d7f13ed1d4f626e2f16b77f6d71b7f1aa1d81b5c36,2024-06-21,03:57,joy,85
95c8badd0b770e16f202fcb0c043e91f39111b294ea2e8ee923ebb11766a0d1b,2000-07-10,04:26,anger,89
395f4c2e8b2c2e07517d40db67e3286bede196380cb7bdd7df8a25e5f1f6f9a5,2000-07-10,04:26,joy,88
6e8a37b1017e8c04657fc41a838823d0486aaf7c57b1359dea117b21f0851d57,2014-05-19,04:27,sadness,88
be4b0a857b01ce550e398ebb43a01da5601d42f8632fba7e68544b1969b74b2c,2020-03-20,03:18,love,84
743cb850da625a8255c04b0abeed99cfe55bd673d2c5436b67261a3b4dc32fab,2020-03-20,03:18,anger,84
9f000f901f94283e7262841f45319d844048e853805383d5f4def38ce343479a,1970-12-07,02:40,sadness,87
40327f3b9a86622a4c17ce52895f0de07159adbfda311af9bc8956ebb50c32ff,1969-11-02,02:20,joy,85
888b66fc35f36cfc0acd47e4aa15fbf02c684fba9f577be146b46772bb79a27e,1969-08-03,02:21,sadness,83
3b642fea53d91bccd6b6fdc16821336fb2c3cc975edfbe84256db67fe62bb49a,1970-12-07,02:40,anger,87
2056efd6e9ad6c4026d652346ecccf696e96ee5e646a7b86c1209beae0d81cba,1970-12-07,02:40,sadness,87
dc358e9a3118551edf92e3498e3d82593094d90e2b787e71aa52bddeb8aeb0d7,1970-12-07,02:40,anger,87
d40d13e931a22d44285aa957bf809adbf25cec48a553abc9a76e6c131d613e0c,1983-10-14,04:01,love,82
83630f61d7323b8a5bc55bdc5ff9730baa5e8806f0d5ae9b039b5d87bc25af6c,1983-10-14,04:01,sadness,82
10be7caa5f47f8d8e3a69c98ae584db3ad2ea4923d394d1c8d162b4b43ff287e,1983-10-14,04:01,joy,82
036e3f4e9aa418ae8f57146a7d90d0a12c5f15a670b86b1a7289fef4e8dbe442,1983-10-14,03:58,joy,84
31c8d0e5805b995478fd147d5d680de344d86ab410f3a1f9c6173fcd982784e3,1983-10-14,03:58,joy,84
6905250e264d119b925201ffbc513020afcb45d12e1dae2ebeb5bacbf3076bc9,1983-10-14,04:01,surprise,82
230c69bf387f6d3e8b5ea697fdd7180f79bac27d63c92800f1c8dd7663fc6663,1983-10-14,04:01,joy,82
649d874ae053ad0029021d695787e96cdfe7ed2c521609a17ea039a0d0ec00dd,1983-10-14,03:58,joy,84
8a71c6bd3bc8cb3854ede0ba90be957b8d4b0fab9ce9176a240ebb724976531e,1983-10-14,04:01,sadness,82
8e05cbc5e8c7cc7b0cfe7cae654b3f5f28a499c68d9af46c533ce37e8eff49e7,1983-10-14,04:01,sadness,82
a446af6f7f7bec39e77d3b4fb15ab9768f693c764d578428986718cd7300c4eb,1983-10-14,04:01,joy,82
a8e89e66bfe45835f5bcaf56dd5ae95d930abba60a01da7d15bf2f25b0523342,1976-08-01,02:22,sadness,83
951784c0062420d84db8d5c8a4ec5eb1532db1ca5501a0d6327589e96c1e5b71,2024-04-05,02:29,joy,91
7528bc961629d5440aab84db7c9efdd45e94e23c999b342ae0693a2e789c7178,2012-12-07,04:05,sadness,83
4f04f8e4aec221480d932ad506b392540c431629a47b626b907f64cdef0c9ecb,1978-10-07,05:48,sadness,81
f67d198b8ac3aaad54f7ce2ec4dd725d09a7b16a73b318a4dd531a2552bcadbf,1978-10-07,05:48,joy,82
5cee9a1c4f004f27ad71ba2f87656b5ebbf9906c6bb068b346dc4fecc02b27ae,1978-10-07,05:48,joy,81
4bcdf9bdbbcbc829070107ac18a8fc59025db34b84192f0b3f7b665833168a14,2021-06-25,02:52,joy,83
6c8e172338940b3acaefbf39bedff22b83500518c2a0ae1fd28e585781c0be9b,2023-08-04,03:51,sadness,90
d1596b4bdcce47fde818b83deeefa10d6733dddf78ad5a82d70a5034bfc41150,2021-06-25,02:52,sadness,83
9641014e1b1310339c77540a0111147a16bf49e4f99930af6cdc4c6c9ef6e71c,2017-03-18,04:58,joy,81
670c6bd2d54072a63a6ebfa049cbf8e5f963d406d6a6a7454c8c5e1df08f40d4,2017-03-18,04:58,joy,81
33e691e7d2574aac477b5223aed2f09c8f50575bea1fe8911693b99c681d4c6c,2024-05-03,07:36,joy,81
8b1c33c6e654cf93dd90ce2b71da5747c9fa3436a7d8f6d2b3811a1f9f760079,2024-05-03,07:36,love,81
3c6602fcf5cdee5f64da25f19ed6d82d5c44bc55d3ce49f15fbea22eea3b2d84,2020-05-01,03:40,joy,81
f320e9eea13f89b714dcab306325aff9f350829019aabc0afd781873d6630b6e,2017-06-02,03:29,anger,81
08ec35cd9bdf044461c0f4333551fc0b3c8af3e8a9ac1ff151da5b19d2a595b3,2017-03-03,04:23,joy,85
17329a3b5f6ed64054473210c850fb0f4550fa9b4e20d5cb063b11d95200b2cb,2017-03-03,04:23,sadness,85
8d05d578235d6c2456acdcc816baaa948b58d4dd33accf750b646c8e9fe5face,2017-03-03,04:23,anger,86
46b73f558dbddfec28b081802758442217ae881601723bdd23c4c358b865877c,2017-03-03,03:53,anger,85
78401aed8012cffab668df5a8b058e04ab56f33168b192c7daa9a925307fc961,1983-05-30,03:03,sadness,84
6f75bf695a86adbb59b004728220f590688e7d1130a0de67b0e91e4936cf81fc,2024-07-12,03:50,love,82
3ca47b8c23d0d5c96f5458cc9f4fc7481498e01c68f7e1a042ce8b708bd4d728,2024-07-12,03:50,anger,81
396ad1c41ee9bfb28ffbde7ad19d96e10c0d4e32e49a0d5d78e6768a0eab1968,2024-05-31,03:47,joy,94
67acee0b8186812a5fa1262765245397775680be727cb51b7bc643ab7ce40d02,2024-05-31,03:47,joy,94
e484d1916f590d240e6f8d2163a69e39fdb658d543304e05ac1716278a8c1e70,2002-05-26,04:50,anger,88
ba4c3dfd32ff054ba2ae09f3525b31ded76e129703d2a1394c76e47a07d70c94,2024-07-12,03:33,anger,83
3c2a7f4a793b54f53956a29a9c10cbb23d2f577a4acea58bb4357c1ebc3c7e4c,2003-03-04,03:55,sadness,86
6f2d39041082881fd3b50b7a4e5bcf9ddc4a42366fd1fac83d1edefa4566bf6f,2019-12-06,02:02,anger,83
bdac77e4a3ec9d964b7b0cb21f7ed75053ddc41f4d2489f164744594290cdadd,1977-02-04,04:17,anger,85
e1a8ec8718cae2500e01bf976eddd48306484da137b81b494c2a99fc8ec52c45,2008-03-17,03:51,joy,84
1472c2eba226ed95d8a54ac6ecf7d2b2acaaeda033c7a58d067397991b49efb1,2024-03-12,04:12,joy,82
dfa31ea83a63af20d850df35e4c8c1f2ba4156e722a4563b9c39a532ed253221,2016-08-20,03:04,joy,87
432c5948f155a0a147ee072ac55de0efa655837a8e34f917aebb38d217981ca4,2012-07-10,03:54,joy,83
96fc4b29b17466c4930acf5deb9298f2182ce7dd6401dc9ccf1890c40a492538,2016-08-20,03:04,sadness,87
c32882ccc0414eef06f71aa63791a1081126d467f2eefbb2d653864a045f6655,2016-08-20,04:09,joy,83
c295ef2350be2060a70a39009454158544e5e3c0eabdf007a13df29a957f0828,2012-07-10,03:54,anger,83
79428ee086b5f4f262d5585d91728f89db9317ccc6635bcb89663cf59cca1715,2012-07-10,03:54,joy,83
0a7e23b69628b0391e013d2646ca84400a996703a4e3ccc1246370d996028288,2016-08-20,04:09,joy,83
53c92d61f315eb2a12fdcf23cf86854ad2d4b4881feba58b99a2a12bc8e926ab,2016-08-20,04:09,joy,83
592ccecccb9e2b3a84917df9831c7cbcf3ab7ab84111cd445b158bf369d6055c,2012-07-10,03:20,sadness,84
c814dfa1ed2a7bee35cc48a5dd95076988d275faae588e47c0b7717e692cf6eb,2016-08-20,03:04,joy,87
c994a75496087615da86047cabf2a6b0bdd03fe61e96fbfd8ee7077d449e9534,2012-07-10,03:54,sadness,83
4708646be0643aafa3a98600fba4a054c6e7d9478c4568477794479a8a16b812,2016-08-20,04:09,joy,83
56c966c809b4ec744b42867fbed2863dea313a8be4bf16034bf150a9cf60a11f,2012-07-10,03:54,love,83
e97cca1420a33f3cf90913c89a64db8906c8edcb03d6c54ef562d718771ee248,2012-07-10,03:54,joy,83
a0a4a83e01a84553a8656ac9831b419abce618a45bdc18b003b4776574b80ca9,2016-08-20,04:08,sadness,81
a623cc408052285dd6611de255f2a058ceb273bb3ba34c2b5513ca75d6ecc96d,2012-07-10,03:54,anger,83
a5f91b11d2a9af7336740c50e9d8bbec3f8270ef9311690240edb030ab8c6eb9,2012-07-10,03:54,sadness,83
b4fbd24503619b498563f317f0cc0fdcf130b67703a1ef78064a1382debbe8d3,2012-07-10,03:54,joy,82
70b98f9aa3218402b72aab86ba3acbc2b2e1197196cf954d95a47c206c882b38,2016-08-20,04:08,joy,81
897dcbcd4556ea42745706b8a42352b15c0832acb8d397e6f85977e1a63f98e4,2016-08-20,03:04,fear,88
afe468fcb7d189a0e59069452ff15d5a93f82583addeda6a36ee62122a0087fb,2012-07-10,03:54,joy,83
f8e1261bf73b906720b812082e65d8d59370c814c0c4e0b1a4fc55816c28ccb7,2012-07-10,03:54,sadness,83
a341c933a75085eeb4e696734b5b7411d1c8921e6b12876fb78c17391d46004e,2012-07-10,03:54,anger,83
c52cf4ff814e6100006a303bb6a65bfebce58d604de38b189351030ce83bf207,2012-07-10,03:54,joy,83
4a25e6b09f8fc977bf40e7ac8f21915eb09cb013e6764f493bee50349bbc5634,2012-07-10,03:54,fear,83
9d561739595882d55f2482e2da006924d4cdd7bec43f6eeaaf4893a46a86d707,2016-08-20,04:08,joy,82
150177ffc9c15c1dbdd9f9289ef4f9a404873b1b9672e03e8f7110bf2bb486fe,2016-08-20,03:04,joy,87
3d6ff844994119f41adda45e3f64aeb126c255f12dd013108c0989ba0ea6a498,2004-02-16,03:57,sadness,82
cc5aed1522d28b1987f095a9c4ac2349c45b6e8d36c02b8f44215b778d14c06d,2024-03-22,03:48,anger,87
33c8c3cb89ca6c05fe0c02ab79ec4a2971d13b2e35b9b744fe0e85f17c7b1caf,2024-03-17,04:57,joy,81
3dc31475d78e3632e3eaea94eb645d213a2fdff16493cf15554bfdb83b62ba34,2024-03-17,04:57,joy,81
f6f1708f5f28d9047571f9a43bc49559a266fc60952f55ad08f6b8115e1c8541,2024-03-17,04:57,anger,81
5062314850e784cab9720040de6b0c3b5a752a9c147ad0b9b50157237512da54,2024-03-17,04:57,joy,81
3a68cea31f9a65986f195443369d0373a9fd185eb47c6d7f88d0ae5adf68cb8f,2024-03-17,04:57,anger,81
5425ff2793602942a0d4ca69b698f8c6c30a94bd1f7fcf302659bd3cad4749f6,2024-03-17,04:57,anger,81
e5cb2612b464558e9975947c891d0b87d70d5337812edf6c4e1f3a45c2aaacb2,2024-03-17,04:57,anger,81
d0a5bc59a9e71e9107ca7833b5c90887f8ff47f330aa14214cab55de6bbb7f3b,2024-03-17,04:57,anger,81
78618038f0c302cae4781b78f7f52753e9f883c5689c830c4741302e81390e51,2024-03-17,04:57,joy,81
73bccb6fc4ee3dcbc3247cc38e7f76f8fe4555f9bae9b656b8a2f499a66615d7,2024-03-17,04:57,anger,81
d5c1b1f1201ed88579b0360159652f94014e4b456209c8d9095b2e0cdd7322fb,2015-12-04,04:11,joy,81
e65173593f6aeb0a1320e2a9cee8416aec698d4d7862350b8224745a64bd911a,1998-11-09,05:00,fear,83
fd07b528a0caa533001868134d9400450e48c474e80d1dd3a85869323e5bcc04,2005-05-23,03:42,sadness,84
68c71df98eb15a4df5fdbc4d882747a7f02b77426d860e5913a7da4d528bab94,1994-02-01,03:01,sadness,84
cff26bb032d521dcd627802cc03c494cc8c480a9677eaa61d3752820bb6ee955,2023-06-16,02:05,joy,86
cbf90123a468525a5d129ed618adf1c71abe3edb5c7142195bedb69afca34d91,2024-05-10,02:24,anger,85
5b1b480d3560d93c2cae94442486f2f14406e4fe67cfc0e27a3dcc6c51c965f3,1987-07-21,04:33,joy,81
ceb22d94356b929026b46b3aaf86f3459969a65cf7ca932b6ddc45c52d032f29,2023-04-21,02:49,anger,81
bd572f818c3e875890bfcc819e4111e1bf6e5b343ef11ece382c1cee3d3c1954,2024-07-11,01:58,sadness,87
89f4d64b06e30c00a1c665a7c68388d90a9a8a23a89af6706f54fe3ee2cb068c,2022-07-01,02:45,anger,83
e14a4c2deba09e969dd1faf4bb4c0e4c6fd911206b33c718f696d3d7e6a1d907,2022-07-01,02:45,anger,83
ddb22e8bab5fa7ba651694d07fb9e60d18b877f0e71b3c3d91137753b1aa2767,2012-09-04,02:57,sadness,84
f7672ad867bb209148ffec897819927445179039b98454ee1d46fbf4975ff574,2022-07-01,02:45,sadness,83
c437ed0074153a5fca610761d6e2179c23352e13a72feb1ebd04fa3ec5dc9892,2012-09-04,02:57,anger,84
f7f22df125e44c5cea61813fbb5b24053eab23d5d5ad2edd01dc337555eda200,2012-09-04,02:57,anger,84
d3aab1b4ca621058b9ce582332209da75089352f4ac92f273cb0cb31e6e55bba,2022-07-01,02:45,love,83
2f36d862040dad8ffec1874be027441fe4ae10c29a76d22a78c5710a44a629a3,2022-07-01,02:45,joy,83
6371cc90ddeffb3e61cced1592f82e94d6c9e95f45ecf6f006bd57fdd2857697,2022-07-01,02:45,anger,83
37abf02b925eafbf29f801ef8bb24f0d727f206a976aaf595d506ceb1120116b,2012-09-04,02:57,sadness,84
7aaf709c7cb0f819cd5d0c9a0f904a9b0dcb303be0287f1449ea98ca844f45bb,2012-09-04,02:57,sadness,84
db42eb6121f13fb7873d5d83171f84af806e9a0d5c097f5adcc365b02a31b37a,2022-07-01,02:45,sadness,82
024fdd11a98487d4d1950e4c435f39633d145c2025b1c3b6ecb864150abe205d,2017-06-23,03:07,joy,85
79a40de26259114621610f3233b119ae27be00a7bbd7f7ac5340366d43263311,2014-12-09,04:52,joy,86
d82433aff73c487f7c3d361beb53baf3ff2c83aa7906bff67eaa24fd02449cd8,2011-09-27,03:55,sadness,81
80e7db0327d2363245c589661eb4eafd0ef4234f23f6d90ef3abd482afdaaf88,2011-09-27,03:55,anger,81
f03ec5697286f20201a3747827d9fd9e8750eff22c1b97377c146c996fe24801,2014-12-09,04:52,joy,85
d6d43ac2323b7aa6e1e3ae6ed366fffbf7bf2084417e8cfc778a4932e250733f,2022-10-28,04:42,joy,85
29657987697099435871669cfb9304ef5ef0dad3c509e0018313ac476b9cda3e,2022-10-28,04:42,fear,84
376432c19a02e7369796871f9eceeafa47507fc61be611d4323861485df980cb,2023-11-10,02:18,joy,85
bd7e44196001c84b2b63a4e77329e2f5d5fae9fbd53aa718412e1666c21367c2,2023-11-10,02:18,anger,85
30d5eb58aff1a92c680ec84610f333186057b409354623e88ec724eae0f331df,2023-11-10,02:18,joy,85
78a776f33dc5cbbea75be0fdb156178d00339e2493616be9798a1eec6c079cee,2023-11-10,02:18,sadness,85
6d065a78d5c46da89b46cbe9af1e1033650d809f22faeace67069b16d15218bc,2019-10-18,04:08,joy,82
704aaf808a20f4f4322909906a3e7c710c3ec9d5640756c056735068aab78e6a,2008-05-01,04:02,joy,84
7b95454b66a0cc49c62d8e13b61e8599692c65b287a4cba4b25bb9190ff16bbf,2008-05-01,04:02,joy,84
4ab66ffb46428f81f4c1c262e10c455d2c081415151d3ea0cc363647ffecb24a,2001-07-17,02:45,sadness,82
99b2baf66c73e15c5fbd92bd34ca84d4e7b5b868a7ad6e67e68ecc06ba6ea473,2013-08-30,04:29,sadness,83
11975e76b7ac1e043ac07401030c84b98b519e91a4acfa4f468486bf7dd36bdb,2013-08-30,04:29,sadness,83
316788e0d2d61423c080907af6e6e7ad3940b5ca1d3b82769481773d5eb395ec,2013-08-30,04:29,joy,84
f01611eb67781202049ff1b34bee1ebc0c536923b9eb9024750d01240283ca64,2013-08-30,04:29,fear,83
fdef5ab356f01f4de634a936e55d0eae385736c79a828cc3bda71ff7e1d7d7cb,2018-12-10,02:45,anger,82
9399edd404f80f8fd62c6854a0322b5828b608a91de4730f0a05c2d46a2266b6,2018-12-10,03:59,sadness,82
323de06ac56709d084ced9ac9612e38365c42ed16f48e2105eb3abd05ddc69c2,2018-12-10,03:59,anger,82
1708d5b9072edd0006a4329b333435655d7310f8663b8095999d4cda8f9100a2,2018-12-10,03:59,anger,82
fb8ac4f36aa5e70d1975cbc5e5881cd6f789cb04aa7042c9b54c49a37df8f1cd,2018-12-10,03:59,sadness,83
51b08c0035d846bd7d595e2e06912aa9963a75f76bc4a931cab83073c14cf911,2018-12-10,03:59,sadness,82
fdb927cf9362c50d28860ae1faf617b4519a51d0b57460a888a3d6eb138a1c68,2015-11-13,03:20,fear,85
0d0a382099bdf5d232b1f694153da94b2b456ee74665c7a2f9efda43253ab541,1979-03-23,04:31,anger,81
62f0c4f8534141235875fcb03485cb29ef9d23110e3619a340f395ab4bb59c25,2007-09-11,05:11,sadness,84
ec1fdc2ba218a5a50ff1013dccdfea1bd601049399655caf52ac5f2cf0aaf914,2016-06-10,02:15,joy,83
903f7b0035947cdd75b9c8e3824d33f5003ab422586d90378cd8a3a571c03699,2016-06-10,02:15,sadness,83
e2a3efa757cf762626534c00df9ce6f0ef05af6c8cd8b5f50ae71b2664e50a3f,2016-06-10,02:15,love,83
810cdcaeb389e636e45b9dfbe68d8996bc09ba1ef52551632c8a805207f64ed2,1985-09-16,04:58,sadness,83
252b476c3724309c0a442f44b61252788d2849c5d9425b2266cfad8102614a19,2004-05-10,03:57,sadness,84
f34c42260331e8c864f2752274ca75400df9c6f83a5f7cc1fc2202db08dffbb6,2024-05-03,06:32,anger,81
9ddc65fe3c32127a1f9a32d16066f6853443a4c4319825e6451d37949fab738c,2024-04-30,06:23,anger,88
deeb3049867e516483dd15b57472e3310413c0258250bf3d8ff0184361877912,2015-03-16,03:39,sadness,81
9970153188013c2b0d8a1a517f0fac509544216b9f867d4ad841370efdfdad04,2017-04-14,02:57,anger,85
8bc11605a95700f79c994a1977cfb9970938f5dbe3460931cc34287991384c1d,2024-05-03,06:32,joy,81
f06dd0d111f1b9d29566da1fad8ce8786006499bb08ec86ff11c7dbf619e9d96,2017-04-14,04:35,anger,83
be464890970e735e31b233ad60f68fa2b0e16115d29820cd4f10b56c14590f42,2024-05-04,04:34,joy,97
8eea16f13eb6c9dc3dbecca3c5299662df2f4406c9137977dad904a17238263e,2024-05-04,04:34,joy,97
c763b52ce380bb9e76c7add6c6d27db47074f020f545fbc895b2a7740664bc86,2024-01-19,02:58,love,83
1d6881892a75d2840b5c03de0ba59d64a382418a6c46457b889c3824ac48674d,2009-11-05,04:54,anger,83
49647525404a2946100c1c380744f9a72ab810a3d1adb0433d3f77489731f8da,2018-10-05,03:30,joy,81
395d887afba1f3864ad791d58094d10c0149debd45cb17a1cfa8577f08b0c924,2013-01-01,03:56,fear,85
4589756536f744b7278f4afee1295a148b86f47c7cbf494b228bf6fee6284ff9,2023-05-19,03:29,joy,84
17ce0a065e708787daa79d5af25e8209ec4e347f20b67264b39680b31a3e14ec,2014-01-01,04:16,joy,83
cd3fd51b3702a99aa4e3f2c17ded912c63d6ab1e0399cefa467f57199e961678,2023-05-19,03:29,anger,85
6a742aa971565b4da143a427ae67900eee7dc5c6052b73636b602f1bfaaf7376,2014-01-01,04:16,surprise,85
965fa469b2eb457b268dec69c60b75cc40dc8926eeffef7767b3cc0ed5844854,2023-05-19,03:29,joy,84
998d2305720aada47efc692d17af61af702c9d6bfd03b499047ef384c2125b72,2013-01-01,03:56,joy,87
666e5c060099fd244cb4ba89c3db97d36d523d255a002687b600a829249f2385,2024-02-07,02:04,joy,83
5d3f3189c5278daa9722f444663c55db88c8a361adaeb94c3262c4c5df7fb93c,2019-05-17,03:02,sadness,88
bb227ca4b70e74c341958ae5cf226e46cd08185529edf31d0c389d21b9f6390f,2019-05-17,03:02,love,87
507557956416cb1c9fe583851546ae5a749c299dd2950e92dc99c6fdb7c62d58,2019-05-17,03:02,sadness,90
23c226c4b0cbe0d44144829e5f6efe96dbb8b2bf30b96b8784f47cb969935bc3,2019-04-10,02:41,joy,81
54fca277b4830defa1611d016f7a5a6129b32298bb48609445e1b7a7a8d40d6e,2019-08-30,02:11,joy,82
75e171499e06975f3feb2cfe2820b6fcf4e09995b34953c223746e6d4198a819,2017-11-17,03:40,anger,82
4cafa1c91a6a8515bfb311a09aab8264ad6d2d4cb79e1271d70f59fa16c90961,2017-08-25,03:02,anger,82
360a024ef1c17314d0d927dd226fce6ecf98e0eb8c0431470f8b7e1e4706b204,2017-08-25,03:02,joy,82
cefaea504edcfdec6b57d27f6f2dd2b9434c1c597a2ca5467d3c81726ba8806c,2017-08-25,03:02,anger,82
fd72974418d8a5c97c7ccd6c9cc344a74f59f39e397b7793eddba83e90b4f22c,2017-11-17,03:40,joy,82
dec9a4a5473ecf5cc5229e3518145a52ae96f506ba5509de088b4a5e98e8b982,2017-11-17,03:40,sadness,82
cde90751e3bd04a288fd3cbe45b76374975efcc3dd3d9538f13c3e902d1215ab,2017-11-17,03:40,anger,81
0fe253ae3ec7c5cabbac109912e8d59f7c58b93f20b1c07bf2f91933a10346c4,2017-11-17,03:40,anger,81
6b6aeba92a69cf116ea2652ef4b87eacc35973e2a1cdb9bd528084f1e71e62c2,2017-11-17,03:40,anger,82
209fe24f1950bb124cd2178a78035906e43e1614f5683083d09b459a22be1133,2017-11-17,03:40,anger,82
f949bfb0a9d8598dd7c1585925a79b305b0fa88e20d1db756ec778c161b50980,2017-08-25,03:02,joy,82
f4c0dc749754e519d09e7e44316d50a0f7c909b909517e18d2de0c2f1c734d9d,2017-08-25,03:02,anger,82
effb7a832f0a19ff8673622711e3dc4775ba13d6015bef48bac557a32bb3f70f,2017-11-17,03:40,anger,82
4c13205e5d15fea2392c687cc6cd95aa15f0a13b63476b38d1bf4172c1f7068e,2017-08-25,03:02,joy,82
2a6ed681dae7c93dd9b272f93fb467a63ba7738e4239925314c67ac9698ffeeb,2017-08-25,03:02,sadness,82
5de199804529eedf7c4951c9ca91b5687bc38dba4dec0ae3a77f7fc4acfeaf20,2003-09-16,03:05,sadness,88
194c60501577fac1ecb19926cbbaee50918d5ce964339dd56f0f6e4305049938,2024-07-19,02:25,sadness,85
863025f4904ecab16ff8d9de086c3c142a7e4aea97637e7ba745f855db62a2ce,2016-04-01,03:57,fear,82
c4924ae7087a87da2508fc001b112b7e8de21502a1240c737cb6b7bc577a5530,2016-04-01,03:57,sadness,83
9bf0347e986688fd459a61bfae79281688e28620ffd98f19a52893e9a003427f,2016-04-01,03:57,sadness,82
ebe6e46be27b4a8a9742dd2c570afc9b9e9681f8da80585e9fa18973c4eb8a60,2016-04-01,03:57,sadness,82
1b305b015df94c7a9a0b15a1ae6d28b929aa0b007d66033af7ab8609502e0be1,2016-04-01,03:57,sadness,82
d58b76ae4fb443ef48ee916411c0bf8202ae53cab6787f9ca69202dd7985b9d5,2016-04-01,03:57,joy,82
c7efb4f4e6cbc49e208ab7ea81003b7d2e6988314bca5da73cd9151ebeddb315,2016-04-01,03:57,sadness,82
831a6c689788757e83bccdc203e3248fc69f48254f48110b89899d327d4f6279,2016-04-01,03:57,fear,82
e95aa0bf0000ad041fa969d98507ecd6de9297b6532ffeb78e6d98ebcd851a73,2016-04-01,03:57,anger,83
84efb8369cee0d178c13bff6db6376268b0c626f35b9b5ad7b1e59e7da94f1f4,2016-04-01,03:57,sadness,82
cf11d936c0f689b5bf0eab88eea951567477fab6acbada0eb0572a7e9bcca79b,2018-06-01,03:13,joy,81
99ec2d801ad4b0403b17d2e9aebc81f9d095eee1d942b30429f2c8a484a37c0f,2017-06-02,04:00,anger,83
5d3bcf605bb95774d8a3b322ee4476f56a692f5ddcbb9a6c7402a371e5de3081,1974-04-15,04:43,sadness,83
cb1102a53ec21f5c6993ee9696d7390fb40920627f626e34dcfd04ab4fd6390e,2014-06-25,03:44,sadness,83
0d088fd7aee849a099685d8f740523b8e921c70c3479e6bd8ab5d07fa8851b7b,2007-12-14,03:49,joy,81
09a691ef3786bc348e5bfe0722666a7bb0630316c5a78967da739654518c2470,2017-05-05,03:02,sadness,81
b2effa67004edfc6881ee83b244aa0551ab8b9def73545dc8f5986f128f901b1,2024-02-09,03:41,anger,81
45b249728dccb9283a83d0b4a91756def4fd042a3c6e31616df5fa918d47d8a0,2024-02-09,03:41,joy,81
f0299e072243b79edf2aa00d73d482371a276008c5acc81d593387de759ad951,2024-02-09,03:41,sadness,81
c01121a8e22b2a9a57d6c64e89551e20a2a7335be3b33dc04c19d397eab16eb6,2007-04-16,03:39,sadness,81
f76f5bea8190294bf783422482e9f905e3d409f208126fee79dba745d229c6df,2024-08-07,03:26,sadness,82
90cc5f6fef8b74d08c8ecaf6b0c7de859d8d5531cd391d9f5590a79e1584e294,2024-03-13,04:19,joy,83
815a64655ce1098266560845284bde2fbe588f4f97e65bde3fafd6c8316c64be,2024-07-28,03:26,joy,83
b3141c140ec016c7916fd1d38e61fee76237856df7bb6e47e883e0bd62c68a91,2012-01-01,03:39,sadness,81
c195add651aedeec88d4a84c531b1161b7f736e022a869b6d9a3b89e5e86dca3,2024-07-16,03:26,joy,82
68862f513478ee5de092fad5380f4beed220f1e48e3f8f81a3f38efc6da98481,1993-10-05,04:55,joy,83
519cfbb2de2d9f26b2c8922cfd38bf038679cdac8ca231d1eb6ab115530f66d3,2010-11-26,01:42,joy,83
c6c156b83f99680604abb6f695f1460245a4572282c4bbf512644cf58c1c7ac2,2023-08-18,03:11,anger,82
5cf99eb4a996e1f32d67269c0bb5a4c08c7ea6853efb5395f0195e6eb0068765,2013-10-04,03:51,joy,81
86673e47e27ef4609fb2458f0cb208e165f37b905a71ea917989d37fc1265218,2013-10-04,03:51,joy,81
59a609e4bc09e04e11210b47dd90c1c2ae77e02019d0659cb4654b88ea82aee2,2021-01-08,02:58,sadness,83
0a3b774a68bb42f675436a3c5cda4b220e715a4d47db8275db7055913c42c7b3,2023-03-03,02:37,sadness,84
47a55893c2ce06a76ca1eb220565019547bd5736cf841605dbd7bed616d9a00f,2024-06-14,02:42,joy,82
0797e27fca189f071608458eea3bab9402fa9561e8543139113362bba19acaad,2024-06-14,02:42,love,81
ed318acc1831152686a7955c2c260c6797c1bfd2165ae5302910cd4c8d561b65,2004-08-30,04:19,love,94
52cd21e1a3b01c856004372c3908587d77a9cbf281cc300c604f3c76f007a791,2006-01-01,04:18,anger,82
760e0c27af8de9cc5860b5f89a05401a061016d1faa79986942d153c5b5e24d5,2001-09-11,03:43,joy,85
aa15fd2bbca19b57331098b72bf74a1b18a7665db14558d0525bc9a9a0bdf97a,2010-11-22,03:20,anger,82
243958a1e3e821305de5d4f44059b5e8e6def2c221f8c581883a24f154b59d42,2023-12-08,02:52,joy,86
a0103d01e428bd8fcac33c18f572fcf87851ead53577c26421da6809ffaa8fec,2023-06-09,02:43,joy,84
c652a4c1f3bd00f892dc97bf7a5da19f4828d4396aa5a4b51938cd8aad67aac5,1989-06-01,02:48,joy,81
e7c157a5a1241b58e595abca09a992b760c8e5223a9d0dc0affe4067436c95da,2020-05-15,02:36,sadness,84
d457d8ff60d74b20471392b1ac8b28404606558ff68e15775960bf39462eb0d1,2020-05-15,02:36,joy,84
fb84c4128e7b1677703b2f9d4442ef1ace52507ef3157d7f16380f36519c4504,2021-05-21,02:58,joy,83
c0d312fde5783921ba39a276ab062d0c8c5a121135b1b01140ec42dad71f12bc,2021-05-21,02:32,sadness,83
7f91ad4fa60658d3f793c95ea3f6383307accfb147d7e6ec4ef664d5cd121aa3,2023-09-08,03:39,sadness,86
6cc1f22342f54a98716ebb3e381c2b8bb92faebaee9fbc77dd71c6f8fbf443e4,2014-11-17,03:48,joy,81
4d46eba8a03228a7f4b2ee0a749b780ac3d18cc20ddaf47ebd293e5c9fdaddcc,2013-11-25,04:05,sadness,83
efbc883a4e95a2a505e5b343c34e8bb1c8692255129b5813cbf80d88f2f29bca,2013-11-25,04:05,sadness,83
0d8434bc73a97ca97b0e5b5d34f7bf1a51830a880120092ef0cb31f6248292f8,2014-11-17,03:46,love,87
c61186dbc1d02847804ce4eb0b98e28c2f593fe2154a264d6006ec855edff1e3,2012-05-25,03:19,sadness,84
fb62478c19a367be1bf09cd02110190c37752150299535bb5b9593864c8fd645,2012-05-25,03:19,joy,84
8e1a626f72a3cffabec9a8334e2e73c26b9bb0b73625c9db4aa47e15c2d010bc,2012-05-25,03:19,fear,86
cb0f47b436c713a64f6236f8dd7f0cd74855781ddf2b2b798339453fb144e9c8,2022-05-13,02:28,sadness,87
666d3e75d950c6bdb2219187d3f6c764c37d5b0e83dc84c13c00e1d5bd4eee53,1968-03-13,02:43,sadness,82
d538ff7b00156ddcdecaee5cf7fbef65bd22a0e7460c01316ade6e51bb194961,2000-10-31,04:30,joy,83
e56a66b3dab3793130ed63e57c289ba7c4b2d5695114f852a0317d498cb20487,2012-09-18,04:07,sadness,81
22ff55c1693437baf5b3b41110f414a7e68492df2ec55b39f13fe7f686e8aaf3,2013-07-01,01:39,joy,81
b25919b6e78e70cf3c496d47482e336ca4f29d0bc69797d54554ad0de39d1cba,2013-07-01,01:39,joy,81
5256ab7488b50d382eedd00da543ca07cab803bcb3aefbaff5153d82cf288e80,2013-07-01,01:39,joy,81
58654625f39c6624b53404868345b7ef92161aedd6453ddb6b660f303c7766af,2013-07-01,01:39,joy,81
d2e0215e1c326a8364a200d7af09a71b8b13400cdf3695fefe4790c1fd4ecfc4,2013-07-01,01:39,fear,81
2dd616b8077d0292579365ca784b0fa9d161329667caf22d7cf0494d0d130c80,2001-04-25,03:19,sadness,81
73144cb52ebcd2524235422bb82034db48106af42b3572bcb705dd721bf365b3,2001-04-25,03:19,sadness,81
3dd2a4d2e1f8eace88371ccb96eb0b900c12fc89b2122270504df7e62974b35b,2010-09-10,02:40,sadness,83
8debab671de51553a3cf14bb6497b0a1ef77747809ca56870ebfc90d0c5ddb59,2024-06-14,03:10,joy,83
d28d1a1569b03a907d46e6d4eb289dc534d9e914f179fefcea78b84cdc75d815,2024-03-01,03:02,joy,83
dde7a94647b7a8d5a5df4a3afeb1f671adee9f553eccafaaf272c49d6a4c9d4c,2021-10-15,01:38,joy,82
266612a8066b58126ac2f184ca59808ff1ff57d741cb604499e362cfe96200bb,2020-07-03,02:40,sadness,81
2a21065983679de78aca5ba043799a625a6ee638ca98d09bdd3a3542cfd35a38,2017-06-16,02:43,joy,82
ba96c8480ab53367442bf7cf7f2d3f711c72e7c5bfce6bfff2568842d58fab4b,2019-09-06,03:35,joy,85
05c1c8138ca431806a5f09ad9c3c49922c113ee2d7500e21709a91b35f219338,2019-09-06,03:35,sadness,85
b7867318168e287c097b35aee30f3f8891084ae0fca9f0dfe329739538413217,2018-04-27,03:38,fear,81
b1567ff652d5e9d93444570f7f2b3dddc3e98ee03bc96b0860503b6a73b82110,2024-07-03,03:08,love,88
bed07fba116a666ce035a970550bc82211feb6af2cc00ea87afd0f7811fb154c,1980-06-27,03:34,joy,82
3a1cfe47e3672811a201edfa1bb029e959b44364db9d92ec654da40b3cddb126,1980-06-27,03:34,joy,82
f35635c8a7d73cf696ae7e775bad92fc16bc14a850e8a9f7f9fa287396fe1bbe,1980-06-27,02:43,joy,81
d83f63bb068b8d347e612449392da0bf954c94980a14e48519a2a8a3a261af24,1991-03-12,04:28,sadness,82
6631bd54fde2f7445fb3775ef9a93f0463f99803ee1b1a14d38f15298d09825e,1993-02-22,03:58,joy,86
b356d619ccb522d25d12518a1407b98fcef15279fb8b3e436a482f2a9027c5ab,1992-03-13,05:13,anger,82
770cbf0ae18672d6046662e09d1c4a1e8d5a0010beeb46084579303b471c482b,2021-12-10,03:44,joy,82
e282b0a180c15600eca2d47de96c6587c433afa8a5ce0c1bd4b0c413e76559d1,2006-05-09,04:42,sadness,81
ecad62cfaa4849d6a6478467da65ab0122c5af4e51f7d833871a9a888f70c4b4,2006-05-09,04:42,sadness,81
3c69bee2b697960a886b95094162671868a5104b5b985345af66f390d85efeb5,1999-06-08,03:35,sadness,83
e66180455db651f114656dbe4f7f6f61b51354a625164340892dd56164f0b558,1991-09-24,04:24,sadness,83
af3d4f89d1d8e3c243de2b57f5c2d5800a66c2356169325f6bed0d82e7d32039,2017-05-17,01:27,love,89
6dba1636ce280424386491722cfd93b7412691f71f7fe0d33fe99f4f14e7219f,2008-06-02,04:27,joy,81
12b76943ec10b2cc9d71ad5d8d4bf5d7efa93a338c2228d7780c52450497ab58,2010-01-01,04:03,joy,84
f1d6f8ef2450341690e07e88b530cc9f530cdc5b08bfddee5b9ec4082d730e06,2019-12-06,03:16,sadness,84
fc6094939e07349b02c658b20abe9356197092548db11a4e41869e760475a22c,2017-06-09,03:51,sadness,82
f779ac6460b05dd21be8ff54b426b2af9fca099c1bbb6da530d4bdef08bf7118,2022-12-09,03:21,joy,88
f80879a63d4b738e87dea3133230eadbaf58a26e7f91c9aa132ed36d703c9e6a,2022-12-09,03:21,joy,88
e1c0ba5439557cf804a5ae6f7b5c34ff5794dfcd7cd73348e51e65de75fa3e3d,2022-12-09,03:21,joy,88
24ef8c32249aed3df9da91ba5eb12d97d4e0017531b813d459c92792f7a36c32,2022-12-09,03:21,joy,88
53e43874621a5315f32d68f6a963072cc59a915af79c62c43b69e0067300b4c0,2024-02-22,03:06,anger,90
ce433d5b430eaef1975d88c499897fd1cdaea6c473050b1ed2911e1f95743205,2014-05-26,03:59,joy,82
eefd08891c5afdd0e3b0bdb2dff9f06f0b25235d3852e0dd4fe65baee866f3c9,2014-05-26,03:59,joy,85
8751ade0cab6c0b12b116a81b0c621b62015130983d08fb4ccb26f88b7fbe7af,2014-05-26,03:59,love,82
d3f15a67d35ef27a75251b56a65418ebb420bd5419dc8641ef73ae339a909f8c,2016-01-29,03:49,joy,82
dd159d11a36a29f3f32468f371ccc3348205e2048d85e2b1bd7b6d40a639774b,2011-01-01,03:08,joy,83
adf61e6a6b3388f418191a61b2add2b436ffa488f17a44cb240af5a8dfde160e,2024-06-28,02:41,love,93
a90bcf8b7873871b678d46efcfd5891d80d16098ed11f1adece2fee758eef172,2017-04-20,03:19,love,85
617c79d5b8beb0e428a0e6c37a02053886a111468e083fda79bc14d55ba1ef22,2017-04-20,03:19,sadness,85
52a43fe72946a81c381b1917b801937f9dfa36d8ab4af8a9d34ae8e0fb12ef80,2017-04-20,03:19,love,85
38325074913210a6b96d8dae886340eff3ba1eece80bd19ba1d87dd4a6929663,1997-11-22,03:28,joy,84
875458260f5da370dd3e90163e0f5d1ba69059654589c96c91b52534ae401790,2024-08-15,04:12,joy,81
fdcd10e0598c17ff0aa15e0b53a12b59d0c040d81b697823416c6267c561fff9,2024-07-28,04:12,sadness,81
8ca109598cbb74a036fbfcda34326f93ccaaaaab279c117376e8640077489e96,2006-01-01,04:27,joy,81
23da1f5850cd1fa5c651807cd908d6a2ad254dcc3d96dea243f2733e3ffb66d9,2006-01-01,04:27,sadness,81
348f8585d99f99d7160f2f6538606b5f38b914c0e765decc27f487fde06ef761,2024-07-19,02:28,joy,84
11f1f52c74b332da382450088b1f764e9d2d2b63ebaa91fda135438a9284cb77,2024-07-19,02:28,joy,81
ac71dc2af8db081c5419dc503f56491597e90a75cdf490dc9741117bb7f93769,2024-07-19,02:28,fear,86
00171c45dd6c3c9b6fc8571ee315b4ecd6a11982cc9a207c161a163696068493,2001-09-04,03:30,anger,85
7779f9ee5d1ca52535d382291dce7081d8a9833e099ca4a1cf93d1e508a33db9,1999-02-23,03:34,love,83
df21ed74e82983dba5d896d143fa058326fb4b89adcbeec84908b652b8aad934,2014-06-05,03:33,joy,86
91b18b9fcfd3b24a026962b58281d334b8a5bdfc5a81f74839f09a869380af0c,2016-02-25,03:18,sadness,84
16b75550841f7025ae36cb689f4f5f89d368049d05feb95fc3d7cfed6562a8c5,2016-02-25,02:47,sadness,85
1c273264b81ea38cfc18ee7ea27cc34ec084803d0fb37b816cfdd67f3b6dc0a0,2023-12-08,02:39,joy,83
bd6bc1eb945dd71ebea079016e28b77260895de6ce3ec8d38c8d245e6224275e,2022-10-21,03:20,love,85
2aba88fe9aaa4b814bf6cbc3cda8a7287048b816f109ea69b0810a5d7949b471,2017-11-10,03:28,sadness,81
84c9b51473e05bfcc35e9047ee9c5ec39aca8cb5990e48f93e7085fc835709f9,2022-10-21,03:20,joy,85
7ee2faf73377e80245bc8c72944e760dbb3294c6339150fc423a6749b8d56aa1,2022-10-21,03:20,sadness,84
4eaa9c0aaf28cb98d57362090e2d7df04b94f16dde00d88b8183fd82fd9b3192,2021-04-09,03:51,sadness,81
e61d989039c5d9e469d4ae728f567df785e116892d648fc94178db85da0fed1f,1985-02-25,04:11,joy,87
b34191ffb68aedef0c3334e396548d3754c86949e5b0de41bcbd32257a2b9673,1994-10-03,05:06,sadness,82
04288900d6a2a674a9b1ce762fb27979e2813724c44ec1aff659328cc798bdee,1972-07-30,03:47,joy,81
c70f1f36c932eab115531cca2a5cc082b0d9c1ac285fcad8e27d7fa4063e92a0,2023-11-10,01:26,joy,87
5d4160483acd9a80e0781326a4277b03b4b1582f35da8160dc62fb96b7100add,2023-11-10,01:26,sadness,86
4b647cfa6786c828349cf1c1c737ad1f107ee3479a6196ae0a7ded32c3b1c50e,2023-11-10,01:26,sadness,88
41a2581d7dfa5da0524df56494fbcfdedb7f25e899d550b8199081005c66d2a6,2023-11-10,01:26,joy,87
e3802ba3ada195de4a905ed476f31b4f6199d11b79706f5d57f3c73da62bf0a2,2023-11-10,01:26,anger,87
a480fa02e69819be076a97474fd3ce8fedc81c1fd98d9356253ca27eb02d428b,2023-11-10,01:26,sadness,87
20f4e5b6464fe4306e09a1f7f6dad2022f138d335d208095919ad68a28658e52,2023-11-10,01:26,sadness,87
e889474d8e390b021c2f70f7d256367ef9cd3693e9fd168e15230e888f07ff48,2024-06-28,02:32,sadness,85
13330451c138612f6a60b99a3f73b28015e22e96fc9a4a8d9742849bc441fae4,2024-07-16,03:42,joy,86
9c4706ca86f0a50681618b5d16f922412eb2e9a2ee5c6c06aa2987c5928bb8db,2018-11-02,04:04,sadness,82
a9a96868bd96e3cbaa4c1e6b0c275d1fc4025a59b89e5a731239d0fb45195c11,1998-11-16,03:00,joy,85
0c20d530ebc5d706105d56632c0beae797069c73ec5afad2eb4eb40bc88fe775,2008-06-17,02:57,joy,82
d416daf53883118bac77003a3988cd620f9d22fd7e0f04b40a8fddd1f4490ed8,1985-06-29,03:36,sadness,82
3a4260e97fee8297914e1de047760a247c488f18e219a8416061b90051f37068,1966-04-15,03:22,anger,83
a57656ccf655b8f636724f0cb05da66263c11fcb4dcc19be5a66cbedc5000a3b,1987-03-13,03:06,love,81
28254efe8bd772e171f59943c39f9fdeb1de7a549a986f104e222ec74d398cc0,2015-08-28,04:02,anger,88
3e14bcfd3e766cc4a9f937beed333dda10c24b3b18192726f6608a26bcd3d2b9,2003-04-01,03:52,sadness,85
8ce0974525b77f4ba1b2d224d1b9d89206c72a31dd25f303465816ee898ceed1,2024-04-12,02:56,sadness,86
334fcdabe61111179ea05af731c807579089fe8ad694186373e6fd4165d1a790,2024-04-12,02:56,joy,86
f22c1645c64a0c7b4e06a3768e1dc92db599ecbee4f32c0aff1e785018976f81,2024-04-12,02:56,sadness,86
5cf879a1528ac9d6d68e25353d92d48ffd66a13b7ce46fb10e659a1f4d80a371,2021-12-10,03:46,joy,84
5debba692a93f652f9886968505f6b0bc0d9c88af10f3620e4b385762c5c2417,2021-12-10,03:46,fear,84
6f40c868ab41fac6450fc38740d55608e241e76670459158bd63b33404484264,2021-12-10,03:46,joy,84
f931c0530157ee4c0226479044bf3603483258468c6daae9685758999baec2e9,2021-12-10,03:46,joy,84
5edab92ff9068fe495ce0f1c01507520c98f29e04a75873b160c86e9ff51fab1,2016-09-16,04:03,joy,86
b1322bc43499ed37b0e97d7dd44ee1ab697e0900d529f82f1ed9e916345cc5f1,2023-07-28,03:31,joy,85
1d5ab58573b1d891f88773cf291f8967dd530d209df07bd8ad9353362839f838,2018-08-03,03:10,anger,84
23b503e82457aa8c2c099b3a2c7596dd115f8cafa05efa7065cd749719d398f7,2016-09-16,04:03,joy,86
6912cb82c9daea55f85106eb1243e397e85e049180bf7446c9a738a6cad9bbea,2018-08-03,03:10,joy,84
75088779994deb37d341d2360e004e8d65399706722aecda02cb4605f8d353e1,2018-08-03,05:12,joy,82
2185c57aa482858178821c0fae3342a34f6c828e9b0b7c7bd5ab893a37803c63,2024-03-29,02:46,love,83
4519d86437fbb4983314deae3903cc94aa69be72ac1969e0c75ef4475607aa4a,2015-05-15,03:22,fear,83
76ae08977cfbf4263d1cf90c5b1f664e529773383d76c8749f3ed23fe32f4073,2015-05-15,03:34,joy,84
1cb2c3c48800cdea7382877f608146935390c51c40e4391ec03cec0b638d3e54,2015-05-15,03:34,sadness,84
5950ce55e2c0c2ca1712248ce5ba28a19b126082dca30bdf15867f677df4dd3c,2015-05-15,03:34,sadness,84
8b5d6cd0977f14751009b4c6ea66fa0296da385cfa93509b8abb78a6d4aa56ba,2019-08-02,03:38,joy,81
e5f1ea99eb25cee2d5fe7a8ac0bca459b5772f53838637b460525abde623cd28,2010-03-30,03:44,love,84
eb066ccbf8ef53784195ccef7b6e7b75b31ebc2c987c6fa2b5f8f4bcd4f89e54,2014-12-02,03:19,sadness,86
bb6f5d9c7e7b2239a5bd839c7545379dea694b700463ce70d25b2daa1bcae0ef,2001-05-15,03:20,fear,81
fb859a0901a02f7b8186fb01fa9fb55d65c9cf0da279cf73a8d508dbda391c71,2017-08-25,01:59,sadness,81
aa9f5aa958ad05433a7db396b3ae9c8438fb2b9056265b859423c164e120d630,2017-08-25,01:35,joy,81
88ab5265fed2edc360601934dd50504ab3e028163874faadd5a8a9001178f65a,2017-08-25,01:59,anger,81
62aac9b02daa6f6ae48dfbc328e9c6c49f3a785dc1f143457f153fbc4f6e8778,2017-08-25,01:35,sadness,81
3d7b4044f52cfd4825030bb55c422a4e8b376f97cfbcc0e43990ec895a172d93,2017-08-25,01:59,sadness,81
6c9f0c727118a75e16ae8c57ec9b4d300cf3b90ba7d0d03cbe33e279e4674d53,2017-08-25,01:59,joy,81
838a3854300373e25abb1f46a51f73054812cce625e6d8ee5cd9498b31fe5711,2018-03-16,02:15,joy,82
e84e3655405c2d1cc7012e1f8a676fe60abc201605dab5df993472618f87ab92,2018-03-16,02:15,anger,82
ae21939a48798f804dd4460b2de22a89e921d79591ca60352644189570db49cb,2017-08-25,01:59,joy,81
cc1be14e4ba7c7198d805fcfd0107330136de210b8e076d886893a56207f1e00,2018-03-16,02:15,joy,82
b7c78d975cb14554d78ada5ee428047f559123e92a4fabf4a55995cc1a8727fa,2023-12-27,04:23,sadness,81
13a1d60e767d8cf5c83514b85b52063efd196b4f593433c4a3dd58b4ac60ec96,1999-06-01,02:47,sadness,83
b0b7345c9bafdd591f3b0cc2cac3b8c104198d4e9b9f06a5e8345435c41d71cd,2018-11-21,03:04,anger,82
0cc9c69e1b0c78be0b043732c4dbe10f149be46eafe26fc21c13d3a422f94398,2024-07-26,03:09,anger,81
f8fbd0f5b52918b7fe7d0879cddb38bb03254ef2b63a8a6521ef0362e087ae75,2024-01-12,04:30,anger,86
51fbdde51b8879752d4075582dbd077011910f00500f342b49e73bea93f435d8,2024-01-12,04:30,anger,86
6dc025a9ed6309a5e447089a6311de0538b97e7016c0f0de4c5f6862e248dec8,2018-11-20,02:38,anger,85
336f2a0a6b0ff9293f7b965c5bcf57f04ad94c73b12f169d35e8c39424f025e4,2014-08-22,03:17,love,82
3c284df92e929c3c01b540d838137c3ce73022b558db3bb1bf10f1e0682addb0,2024-03-08,01:32,joy,85
97a584125bfe5fdf69117077dbd12b1b6131f1b58daf9278b43aa11403067177,2014-08-22,03:17,sadness,82
1aca98a6f16cc257ad79086f92b20b4c36c43891d4b2ff99cf2730c5aa986b03,1999-05-18,03:33,love,84
36cc617b2c1beb9abd451b2fcbe636d73ae9423ac5e6cef60c8e08c2c4726526,2024-04-05,02:16,joy,82
19852d97872d6651bbb86c5a4bd3a303c7f6f0897ae26c9b87abb688c8d2a5c2,2024-01-18,03:00,joy,91
7db34dffd4463336d7c892296c4b7b280c53ab7afa190678c1ff6a397ca7a9df,2024-05-17,02:59,sadness,94
0f6c23b9b1ec1409ddc8e20f0b5f6bdd9746926d2be46dc221e82fad5695a77a,2000-01-01,03:44,sadness,82
10f60a9a2a2eaa5c625499918a3c30b95d163f8803f461cb66211b24a7e90893,2024-06-07,02:13,sadness,89
8d96f707af1cd9abbb1cebdf8f04f48cc168799b4134db99ee8c8edaf3a2086b,2024-06-07,02:13,sadness,88
dfe89d21e5c265fed182eabb6faabbd933d483313de9421db59e8a0c26718622,2019-10-04,03:04,anger,84
629d52011a6fda32b957840d0751082b33abbcc38b88a3d3f0950be861cd8bc2,2019-10-04,03:04,joy,85
8aa7b0d75a69a0ef8e412f69cd4dd853355ed5faca7fe0807b53e5ea8f562f60,2020-03-20,03:18,fear,84
d26e8a4faa033e0ab4b258e3d48cacbe18873ac280cb73a35061b82006eec603,1983-10-14,04:01,fear,82
0aa937e28a13146e6c60b0907427da9d5247e8c553242f8079c9391d1a5744ab,2024-05-31,03:47,joy,94
c47a23e1bf404960487cb24b1ec2eb520b6183c487fc765dfe2ebc3ff2433e49,2003-03-04,03:55,sadness,84
ef546bca8fc97b78cc4f4a79363c79c25827302992ebe223b2cce706e6d62b3b,1997-05-20,04:10,joy,84
cb60f6bb9203ce146b31f0d76655afe79339f786b69a832c734730867883423d,2012-07-10,03:54,sadness,83
ccc4f504cd4cf48099179b1a0387509b888b75a1d851d38794963d4b92b7af9f,2024-06-21,03:45,joy,85
03227e461b3fd35a0e6773aeb0cf43a0b30c1ba9b9281490e3996acc3d4afa3f,2022-05-20,02:47,love,92
487e80cd3d7f16e07cdee70fe777abd2ca7ab6670c2b8f58f993ddba5523c904,1981-07-17,04:09,sadness,85
0e9c1fcfbf35cdf4d9582b2ef20566d4e82789ed65e9fcd1497c0dda061d1579,2018-12-10,03:59,joy,82
6f140ce9f8f71367c939b57ae0188a2c7f0312699610f7088e033a4ad258f9a0,2018-12-10,02:45,anger,82
17006ed8c3ec2a6073e7741922dab1298fa93683414b5c491822aee6a1ee6a09,2018-12-10,03:59,joy,82
42f7f1cd8dbb3694c1fbc83c8433f9a66c9c2a4094b774241d746bf05a1c7e4c,2018-12-10,03:59,anger,83
b81ab47cfd46c986e1f578a1633c94236d25d7815e8a125be80864684bc5b97e,2018-12-10,02:45,joy,82
5055806c03697131cb3f3e0612f2da0e0a69d08b30e52f0d3a5cfeb475f484f9,2024-05-03,06:32,joy,81
4d868032673d3bc4dfbfd571747022ae7a47774f9126dee7aa2f8f595c03403f,2017-04-27,03:22,sadness,81
62380561b7c6445475bbbda0597bdb33b7f5f1377bd2e0b66bee78093e2e7604,2017-11-17,03:40,joy,82
ea81df072667169a0fd182244cc3f03a8e7efc73d4aecf82eb1b0499ae470818,2024-08-02,03:36,sadness,87
536b8006c4e419d56d5881a8e8003b69a71b8962f6799a9543ed39f2bfc077bf,2016-04-01,03:57,anger,82
38a8d7a927e550f9bcfcd02c428eb5adb8f86eb5fefa0ff4e0013c950e36c8a1,2016-04-01,03:57,fear,82
8924821136d5618a159dbbbdc21fa793d33e31615f6ab2b02a6b376c40858faf,1991-08-12,05:31,sadness,82
c1e8fc50ce73213aa678d69bd92e95cff141f119524d1702a58272727180cc67,1985-03-13,03:46,sadness,82
451691b26fb85c45e2e4fdbc582f30228078c05dfed5e7c231c4f2c33831f04d,2020-05-15,02:36,sadness,84
4963ffd8a087852027ae8f7d330dd97e6dc41ce24581498892f98e143edde81c,2022-10-14,03:02,joy,90
97c1987635c21721af7ab09fba472721ab0dcd147ac3b4be2b80dc5d34e0ddc3,2014-11-17,03:46,joy,87
0a0002d6cce4341d2579f3123a36c99175f438aa83a3623e0b5df63761ac35d8,2024-08-13,03:55,joy,84
6b2ac94fd28619f9a4decb7b2565998025571a20fb3bb78fa2c3e784567c24cf,2000-10-31,04:30,joy,84
fed2d445bc7ed54a0879c0a8de2dc16535ccfd48ebbfad44433f733e0822c4ca,2013-07-01,01:39,joy,81
edf180b23528bb9d321222345b54f3e86b245fc1c6a14bf8e52ca5e8cc2ebf97,2013-07-01,01:39,joy,81
22cbc08560adab403be4375356ee3b403dff6d4df44d4b88e97f9faf71cf7f41,2024-05-24,03:53,joy,82
d3f18f6c5da729da9a97533da730a1dbd38b590b45af35c8502b74f0c70dcc49,1993-02-22,03:58,anger,88
90b96dfbb3180beef4405e1ac0b5f29c645f2a75c32f3d02072f2cb356e63e1c,2022-12-08,02:33,anger,87
c1485998800ce35a2ceb3171c32bbb1c20bc98359c446ff8d3de02cbf7347a23,2024-04-12,02:55,joy,98
26c892701f4a38d50a217ffc07d3ba1a587776f11002f4765b5a69217bfd5572,2014-05-26,02:52,sadness,82
89e87f9230a6d87cfa477e0d1fc0807777f68349c817ed8bf2466535a328b095,1990-01-01,05:12,joy,81
d9dc0921366a78d35a6e19a2a2659976e56398a966dc42258370bcaa56bb2c3d,2014-01-01,03:51,sadness,81
57b1aaf4f85295482aa3bd289235397e9b23161cc468261d53542207d38df347,2023-11-10,01:26,anger,86
3053c8cfc829f939499cc8759feedacc18c142bd262ceb3be93311ffa7851499,2013-04-19,04:00,joy,90
94a9e8a1cc46b5a9e243265067251ce6e0682ccbf4e9b52af93680384b8409d5,2020-03-20,03:35,sadness,84
8339e650eadd2e60a8e026dbbe0402d91cc66be1e58961201a78cc82fb9cb6f4,2024-04-12,02:56,sadness,86
0711e5c3d63830d1111b3123126e3662e33173b3f052077965bbbe27dc58d9a5,2024-04-12,02:56,love,85
4c7700603002db54c7ec70ca0f7f756f1634791b8a98ad461bd05e25216c0598,2017-08-25,02:00,love,86
e3c8be920aa19e8a55aa9faf58fbcef02ecdae1566a26f9d7933e04125e31808,2017-08-25,01:59,joy,81
