Artist(s),total_songs
*NSYNC,91
Alex Winston,8
Black Pistol Fire,28
CHUNG HA,13
Chromatics,49
Crips,7
Dashboard Confessional,54
Doug Walker,11
Drive Like Jehu,10
Dthang,7
Eden Project,6
Eidola,33
"Ella Fitzgerald,Paul Weston And His Orchestra",22
Eva Cassidy,20
Faye Webster,35
Friede,12
Gone West,5
Grimes,73
"Hillsong Worship,Ben Fielding",13
INTERSECTION,9
J-Wright,10
Jane's Addiction,27
Jinsu,4
Kate Nash,49
Lil Nas X,54
Little Big Town,40
Los Lobos,14
"Miracle Of Sound,Sharm",5
Mook Boy,5
"Olivia Rodrigo,Disney",8
Parokya Ni Edgar,12
RetcH,62
Robin Mark,11
Robyn Hitchcock,5
Sara Kays,22
Silk,22
Silverstein,95
Skippa Da Flippa,17
Slimesito,18
Snoop Dogg,185
Superorganism,12
The Black Keys,135
The Chameleons,32
Tim Hughes,10
TimbreClub Music,7
Tyler Braden,5
Willy Tea Taylor,5
Workout Music Tv,15
Yann Tiersen,8
Yard Act,12
Yonder Mountain String Band,20
Young Don the Sauce God,8
Ziggy Marley,29
mike.,16
451,10
Angel Olsen,79
Ann Peebles,9
Aron Wright,13
BABYMETAL,11
Babyface,36
Bad Luck.,7
Ball Greezy,8
Black Dresses,63
Bobby Bazini,9
Boss Top,4
Chino XL,24
Daryl Hall & John Oates,12
Donald Lawrence & Company,4
Dresses,10
Eddie Benjamin,7
Fun Boy Three,6
Gatlin,5
Ghost Brigade,11
Glen Hansard,36
HAIM,44
Huey Lewis & The News,29
ISLAND,15
IV Of Spades,13
John Newman,29
Josh Radnor,5
Kadebostany,7
Kakkmaddafakka,37
Ken Ashcorp,20
Kid Creole And The Coconuts,10
Kittie,18
Koopsta Knicca,15
Luther Vandross,162
Mark Johns,6
Nanci Griffith,15
Nathan Ball,8
Noisettes,6
Off With Their Heads,25
Orion Sun,21
Pussy Riot,4
Rosemary Clooney,11
Shannon,15
"Star Cast,Jude Demorest",4
Stars,48
Stogie T,14
The Bronx,6
The Casualties,10
Total,13
Trina,35
Wolves At The Gate,51
Written by Wolves,13
Zella Day,28
dodie,32
lonelyrari,6
2 Mello,4
Alice Francis,4
The Innocence Mission,14
Varsity,10
18veno,6
3MFrench,12
Al Green,46
Auburn,4
Beach House,109
Berhana,13
Biffy Clyro,112
Blue Mink,4
Brandon Flowers,22
Caamp,35
Citizen Way,10
Da$H,25
Damien,17
Demolition Hammer,6
Diana Ross,144
FIDLAR,44
Garbage,91
Golden Earring,10
H2O,9
Hoodoo Gurus,17
Jimmy Dean,8
Juice WRLD,553
Karaoke Universe,21
Kay Starr,4
Khantrast,14
King Princess,30
Lily Allen,72
Little Wings,6
Magnolia Park,4
Mark Thomas,5
Moira Dela Torre,10
"Nadine Lustre,CARELESS",5
Nicole Dollanganger,60
Norton Hall Band,7
Odetta,13
Other Lives,10
Pat Benatar,116
Phil Good,9
Richard Parker,4
Richard Smallwood,6
Ricky Hil,17
Rob Thomas,37
Rudimentary Peni,24
Russell Morris,7
S.O.D. Stormtroopers of Death,12
"SHRK,CORBAL,Shiloh Dynasty",5
Skyzoo,38
Sopor Aeternus & The Ensemble Of Shadows,7
Soulja Boy,139
Sting,143
Surf Curse,36
Talib Kweli,47
The Afters,21
The Gaslight Anthem,71
The Growlers,103
The Koreatown Oddity,7
The Shins,60
TisaKorean,20
To Kill A King,7
Tom Rosenthal,94
Trisha Paytas,24
Wynonna,7
Nickelback,138
"The Orion Experience,ORION,Linda XO",10
Bernard Fanning,4
Abra Cadabra,22
Adam Calhoun,17
Afourteen,19
Agnostic Front,17
Albert Hammond,11
Alessia Cara,67
Archive,46
Arkells,58
Avail,5
Ayra Starr,12
Barry White,55
Big Business,5
Billy Stewart,5
Blind Channel,37
Broadcast,35
Burzum,12
Carman,25
Chairmen Of The Board,4
Cozz,20
Dee Mula,6
Eli Sostre,59
Flux Pavilion,6
Frankie Valli,20
Gazpacho,8
Haux,15
Hawkwind,27
Heart Attack Man,30
Here Come The Mummies,12
High Rule,4
JUMEX,16
Jay Electronica,12
Jay Som,31
Josh Levi,6
Julie Delpy,4
Lil Wop,31
MALIA,11
MAVI,19
Madonna,249
Marduk,26
Matthew And The Atlas,22
Maximillian,15
Middle Of The Road,4
Noah Davis,11
Palaye Royale,69
Peaches,31
Peter Brown,4
Petit Biscuit,12
Philippa Hanna,5
Phoenix,49
Remo Drive,33
S-X,23
SUUNS,11
She Must Burn,4
Skunk Anansie,23
Slick Rick,36
The Gregory Brothers,8
Travis Cottrell,12
Ugly Casanova,13
Ugly God,23
Watchhouse,46
Weta,4
Whitey Morgan and the 78's,19
Yella Beezy,34
Beast 1333,8
Ben Barnes,5
"Weatherly, Oh",9
7ru7h,13
AZ,54
"AllttA,20syl,Mr. J. Medeiros",21
Ananya Birla,4
Ashley McBryde,26
"Billie Holiday,Teddy Wilson",26
Bounce Patrol,5
CES Cru,44
Carlos Santana,5
Cassper Nyovest,28
Castro,12
Crooks UK,6
Dr Creep,5
Euroz,18
Fijimacintosh,7
Floetry,11
Frayser Boy,8
Globus,10
Gravediggaz,26
Happy Mondays,34
"Horse Head,YAWNS",4
Ida Maria,8
JOYRYDE,6
Jamelia,5
Jeremy Riddle,21
Jome,11
Jonathan Richman,23
Joy Oladokun,14
Julie Anne San Jose,11
Kings,165
Lancey Foux,46
Landon Tewers,43
Lich King,7
Lil Bo Weep,11
LilCJ Kasino,11
MC Chris,33
Michelle Branch,32
NCT U,8
Neon Indian,30
Nikka Costa,4
PRO ERA,4
Peyton Parrish,5
Quarashi,10
Radiator Hospital,15
Rainsford,7
Reverie,13
Rhombus,150
Rodríguez,24
Salmonella Dub,385
Sea Power,18
Sha Na Na,8
Shrimp,18
Still Woozy,22
"Stove God Cooks,Roc Marciano",12
Sugarland,21
Sweatshop Union,14
The Cranberries,98
The Helio Sequence,9
The Japanese House,28
The Night Café,16
Tiffany Gouché,6
Twilight Force,10
Wookiefoot,4
XTC,161
Yugen Blakrok,6
Zak Downtown,5
"nothing,nowhere.",26
Atwood,5
Mercyful Fate,22
Tennis,46
Abbey Lincoln,4
Ali Gatie,28
Anderson .Paak,38
Atlanta Rhythm Section,5
"Bad Books,Manchester Orchestra,Kevin Devine",19
Big Star,35
CANDY,8
Chloe x Halle,56
Cigarettes After Sex,38
Cloud Control,8
Daisy the Great,14
Electric President,9
Feist,48
"Frank Zappa,The Mothers Of Invention",37
HVOB,16
Jahvillani,7
Jay-Jay Johanson,12
Jodeci,39
Julian Casablancas,12
Kaiser Chiefs,34
Knocked Loose,35
Lil Halima,6
Lisa Hannigan,27
Lor Scoota,5
Mel McDaniel,10
Mud,22
Nick Hakim,29
NoCap,58
Olamide,23
Protomartyr,61
Queensrÿche,99
Raffi,69
Ras Kass,30
Red City Radio,11
Reggie And The Full Effect,6
Saviour,17
SonReal,29
Steve Green,37
Tanita Tikaram,5
The Chainsmokers,21
The Queers,21
The Strike,5
Vanessa Bell Armstrong,7
Your Favorite Martian,31
Zhavia,10
grentperez,10
k.d. lang,8
Beta Radio,9
12 Stones,7
ABBA,163
AC13,16
Absofacto,6
Alice Boman,12
Allen Lande,5
Amy Grant,156
Art of Anarchy,6
Asian Doll,82
Benefit,8
Brent Walsh,10
Britt Nicole,23
Bryson Chapman,4
Caroline Smith,5
Coca Vango,7
Da Youngsta's,10
Digital Underground,22
Dizzee Rascal,58
ERNEST,11
Elle Fanning,5
Fit For A King,52
Five For Fighting,12
Gladys Knight & The Pips,39
Gretchen Parlato,8
HOMESHAKE,44
High On Fire,34
IDK,48
Jai-Jagdeesh,5
Jay Reatard,21
Joe Trufant,9
Kate Wolf,5
Khemmis,11
Kid Ink,86
Kindness,8
Lexii Alijai,18
Lifehouse,38
Lil' Kim,64
Luke Kelly,9
MOTHXR,9
Makthaverskan,9
"Nehruviandoom,MF DOOM",4
Play School,4
Prinze George,5
Robin Thicke,67
Rocaine,7
S Club,10
Screeching Weasel,28
Silverchair,67
Steppenwolf,18
Teddy Casey,6
The Black Skirts,5
The Buttertones,36
"The Flaming Lips,Mick Jones",7
The Flatlinerz,4
The Holophonics,5
The Parlor Mob,4
Tina Arena,10
"Tubeway Army,Gary Numan",12
UGK,55
Uli K,4
Vancouver Sleep Clinic,37
Yves Tumor,26
Annie DiRusso,5
infinite bisous,10
AViVA,25
Alkaline Trio,140
Assemblage 23,9
Badly Drawn Boy,12
Bears In Trees,37
Billy Squier,10
Blaqk Audio,16
Butch Walker,7
Caleborate,27
Catch 22,14
Central Cee,43
Clever,23
D'Angelo,34
DIAMANTE,14
DaniLeigh,27
Danny Padilla,5
Danny Worsnop,21
DragonForce,64
Dylan Reynolds,4
Eiffel 65,9
Elephant Kind,17
Father John Misty,76
Gavin Turek,8
Geordie Kieffer,4
George Clinton,12
Griffin Peterson,5
Hurtwave,5
Ihsahn,15
Jana Kramer,17
Kottonmouth Kings,26
MANNY SÁNCHEZ,5
Melody Gardot,22
Niall Horan,37
Nino Uptown,6
ONE OK ROCK,88
Parade of Lights,7
Phonte,12
Placebo,129
Plants and Animals,6
RIVRS,4
Regina Spektor,106
SSGKobe,13
Sonder,8
Tammy Adelaide,4
Tasha Cobbs Leonard,33
The Holdup,24
The Network,30
The Worship Crew,18
Tomahawk,20
Traitors,18
Whitney Avalon,8
kalley,9
"Berner,Wiz Khalifa",8
Bfb Da Packman,6
Aflacko,6
Allen Stone,43
Always Never,37
Asher Angel,12
"Bad Boy Chiller Crew,S Dog",4
Bailey Bryan,11
"Ben Folds,yMusic",7
Blitzkid,7
Blxckie,12
Chelou,16
Chester Watson,22
DIRTYXAN,5
DUSTY LOCANE,12
David Byrne,25
Eli Lieb,5
Fake Laugh,4
Flynn,5
Frostydasnowmann,8
"Future,Young Scooter",5
George Strait,247
Hayden James,11
Howlin' Wolf,26
Jay Wile,7
Julia Sheer,5
Kindred The Family Soul,6
Kyle Lux,7
Lady Leshurr,22
Leonard Cohen,212
"Lice,Aesop Rock,Homeboy Sandman",15
M Huncho,38
Michael Ray,19
Nightmares On Wax,22
Old Gods of Asgard,6
Patti Smith,136
Peter Hollens,19
Poppy,60
Presence,5
Pretty Sick,7
RIZHA,24
Real McCoy,9
Rebecca Ferguson,12
Robyn,37
SL,18
Secondhand Serenade,31
Southall,24
Sunflower Bean,19
The Ballroom Thieves,19
The Books,30
The Chambers Brothers,4
The Dirty Nil,21
The Sounds Of Garth Brooks,11
The Twilight Sad,36
Throwdown,5
Tyler Glenn,14
WILDES,4
William Fitzsimmons,17
Al B. Sure!,9
Aqua,19
The Murlocs,35
Afu-Ra,9
Albert 2 Stone,8
Alice Longyu Gao,9
Anoyd,7
Billy Ocean,20
Bulldog Eyes,5
Cattle Decapitation,43
Charlotte Lawrence,18
Chris Rice,17
Clarence Carter,8
Damian Marley,40
Daniel Johnston,90
Department Of Eagles,8
Devilskin,20
Enisa,8
Finding Hope,21
Forever The Sickest Kids,12
Garrett Kato,9
Ghost Town,32
Hatebreed,37
Hollow Coves,20
Jean Dawson,22
Jenn Champion,4
Kieran the Light,8
"Krizz Kaliko,Tech N9ne",14
Louis Jordan & His Tympany Five,22
"Louis Prima,Keely Smith,Sam Butera & The Witnesses",11
Mariah the Scientist,21
Matthew Chaim,9
Merchant Ships,12
"Mobb Deep,Big Noyd",5
Motopony,6
"New Life Worship,Integrity's Hosanna! Music",16
Nightly,15
Ocean Wisdom,43
Omar LinX,20
Pennywise,37
Pink Sweat$,30
Potter Payper,51
Prelow,10
Rationale,23
Rebecca Black,18
Righteous Vendetta,7
Royal Blood,41
Scatman John,10
Silver Jews,61
Sleaford Mods,72
Stone Sour,97
The Bar-Kays,12
The Jacksons,41
Tijuana Panthers,6
"Tommee Profitt,Fleurie",7
Tomppabeats,10
Twenty One Two,7
"Twilight Sparkle,My Little Pony",5
U2,250
VACAY,5
VeggieTales,59
Wolftyla,9
Wrabel,9
Zakk Wylde,17
black midi,23
98º,8
Abhi//Dijon,13
Anthony B,12
Ashley Monroe,15
"Auri,Johanna Kurkela",7
Babyfather,9
BigKlit,8
"Bing Crosby,The Andrews Sisters,Vic Schoen & His Orchestra",6
Bobby Caldwell,19
Cog,11
Craig David,66
Currents,34
Daren,5
Default,5
EXES,24
Eddie Cochran,111
Future Of The Left,14
Good Old War,6
Havok,28
Healy,12
Hugo Helmig,8
James Morrison,33
La-Le-Lu,36
Laura Nyro,23
Lightnin' Hopkins,15
Lil Tecca,112
Luke Combs,65
MCC [Magna Carta Cartel],9
Manwolves,14
Mob Rich,13
Morgan Heritage,21
Mudhoney,17
Not3s,15
One Acen,7
Onyx,41
Parry Gripp,19
Phum Viphurit,10
Pretenders,118
"Roy Orbison,Alex Orbison,Chuck Turner",63
SAINt JHN,33
Sam Kim,6
Sanchez,12
Sara Hartman,7
Sevendust,47
Shane Eagle,37
Sierra Ferrell,11
Skinny Puppy,42
Speak The Truth... Even If Your Voice Shakes,6
TYLERxCORDY,4
Taylor Swift,312
The Platters,29
Tiki Taane,429
Vibe Chemistry,5
Young the Giant,50
アンジェラ (Vo. Alisa),7
Amy Lee,7
Anna Leone,4
Stray From The Path,25
TrenchMobb,14
2gaudy,9
A Flock Of Seagulls,13
ARTHUR,7
Alex Wiley,23
Amber Mark,31
Andy Gibb,8
Animaniacs,18
Auxxk,7
BLAJK,4
Bambu,28
Billy Murray,4
Bonaparte,12
Boney M.,141
Brian David Gilbert,9
Busy Signal,34
Cap'n Jazz,21
DYSN,11
Dark Half,16
Ex Deo,10
Exposé,9
Fleet Foxes,63
Glass Candy,7
Goat Girl,15
Goodshirt,19
Harvest,10
Inc.,5
Isabella,9
J. Tillman,10
Jake Wesley Rogers,8
"Jeezy,2 Chainz",4
Jerrod Niemann,9
"Joe Budden,Emanny",8
Lil Kayla,8
Lindsey Stirling,9
Liz Longley,6
"Louis Armstrong,Duke Ellington",7
Låpsley,9
MIKA,61
MUZZ,7
Marc Cohn,6
Marian Hill,28
Masta Killa,8
Matty Mullins,4
Meekz,14
Mindy Gledhill,12
Ministry,62
Molotov Solution,4
Neil Cicierega Archive,41
Omar Apollo,31
Otis Rush,9
"Overcoats,Audiotree",6
Plumb,13
Point North,22
Princess Chelsea,31
Rola Young,10
Santigold,40
Scar Symmetry,6
Shakey Graves,60
"Slash,Myles Kennedy",5
TR/ST,27
Taylor Acorn,10
The Claypool Lennon Delirium,20
The Undertones,9
Tom Gregory,8
Tommy Page,4
Touché Amoré,63
Trademark Da Skydiver,4
Trinidad Cardona,8
VOUS Worship,12
WHATUPRG,16
X Ambassadors,58
Anik Khan,8
Big Shaq,8
Blu,8
Sam Grow,4
The Marvelettes,11
(Hed) P.E.,26
30 Deep Grimeyy,15
415,5
Ali Barter,4
Barbra Streisand,206
Bill Monroe & His Blue Grass Boys,5
Bun B,29
"Cam'ron,Mimi",4
Capolow,9
Chet Baker,54
Chrishan,4
Concrete Blonde,10
DZ Deathrays,10
"Daisuke Ishiwatari,Naoki Hashimoto",10
Fleurie,30
"Fredo Santana,Gino Marley",5
Go Radio,11
Guided By Voices,152
Harry Belafonte,105
Hellhills,4
Hustle Gang,15
Ice Prince,9
James,28
Jason Aldean,97
Jimmy Rogers,4
John Moreland,35
Katrina Stuart,14
Kid Quill,31
Klangstof,7
Klaxons,11
Koffee,17
Lil Donald,12
Londonbeat,7
MS MR,23
Madchild,81
Metal Church,5
Mick Flannery,14
Mike Krol,19
Molly Burch,16
P!nk,177
Pere & Awatea Wihongi,5
Rihanna,145
S3RL,12
Sa-Roc,16
Schoolly D,16
Skylar Simone,14
"Slash,Myles Kennedy And The Conspirators",47
SpaceMan Zack,19
Spiritbox,26
Strawberry Guy,7
Strike Anywhere,7
The Agonist,16
The Bones of J.R. Jones,6
The Fall,105
The Goo Goo Dolls,59
The Saturdays,19
The Sonics,15
The Stupendium,37
Third Day,35
Tony Allen,16
Trey Songz,203
Whoppa Wit Da Choppa,4
Wilbur Gold,5
Xibalba,6
Zebra Katz,9
shame,21
TEEKS,30
A$AP Rocky,81
Alex Army Aiono,12
Anemoria,4
Arcade Fire,84
Ay Em,5
Ayelle,6
Azealia Banks,61
Bamboo,13
Bat For Lashes,52
Bayside,74
Benson Boone,20
Billie Marten,40
Body Count,27
Breakbot,10
Busted,29
Canibus,53
Coheed and Cambria,113
Dan Fogelberg,115
Daniel Nunnelee,8
Danny Elfman,34
Debelah Morgan,5
Delta Goodrem,25
Deno,8
Devilment,7
Eazy Mac,34
Glass Beams,5
Glenn Travis,16
Highasakite,34
Hot Flash Heat Wave,9
Jehst,11
Jenny O.,5
Joey Bada$$,107
Joey Vantes,30
Kiiara,21
Kolby Cooper,18
Lead Belly,42
Lotte Kestner,6
Mallary Hope,7
Mavado,81
Mayhem,37
Mia Rodriguez,4
Midtown,4
Molly Drake,9
Motion City Soundtrack,71
Mr. Lil One,12
Nadine Shah,16
Nursery Rhymes 123,5
Oceano,17
"Robin Mark,Integrity's Hosanna! Music",12
So Below,6
Stephen Marley,12
Suffocation,17
TINI,13
TeaMarrr,13
The Christians,5
The Crystals,10
The Notwist,13
Tilian,39
"Unfoonk,Young Stoner Life",4
Willie Dixon,10
Yoe Mase,24
Youngbloodz,18
eze east,16
hooligan chase,22
Andrae Crouch,23
$uicideboy$,311
AM,8
AVOID,7
Adam Sanders,6
Alec Holowka,5
Aleksa Safiya,4
Andreas Moe,6
BIA,15
Billy Ray Cyrus,10
Björk,77
Blaqbonez,9
Bongzilla,4
Catfish and the Bottlemen,42
Chumbawamba,25
Craft Spells,19
Dan + Shay,51
Elvis Presley,455
Eugy Official,6
Flower Face,26
Ghostly Kisses,22
Heavens To Betsy,10
Hootie & The Blowfish,28
Hotel Mira,11
Hunt the Dinosaur,4
"Jeezy,Yo Gotti",4
Jessy Lanza,15
Jordan Smith,12
Josephine Foster,4
Julie London,20
Just Banco,5
Kitty Wells,11
Lil Windex,8
Miss May I,25
MoneyMarr,11
"Nas,National Symphony Orchestra",5
Natalie Prass,16
O.T. Genasis,18
Osibisa,5
Poison,97
Polo G,41
Psyclon Nine,16
Ray Price,8
SKAAR,9
Spacey Jane,27
Steve Goodman,12
Stryper,12
Suriel Hess,10
"The Brooklyn Tabernacle Choir,Pam Pettway",4
The Cardboard Swords,5
The Spinners,29
There For Tomorrow,6
Tina Turner,108
Unspoken,25
Vicetone,8
Webkinz,5
Xavier Rudd,71
Zeromancer,29
burningforestboy,8
Silicon Estate,6
Willie Watson,5
112,61
Bedhead,9
Bonnie Tyler,23
Boo Seeka,12
CHIKA,16
CLOVES,14
Cage,57
Calvin Russell,6
Casey Donahew,23
Crazy Town,13
Dawes,68
Debbie Gibson,10
Donald Byrd,5
Go Fish,11
H.I.M.,14
Harrison Brome,9
Haste The Day,10
Holly Humberstone,13
ILOVEMAKONNEN,29
Incubus,177
Israel Vibration,16
Jermaine Jackson,12
John K. Samson,19
Jonathan McReynolds,24
Julia Holter,38
July Talk,19
Korean Comic,11
LiL Lotus,24
Lil Berete,9
Lil Zay Osama,27
Little Jackie,4
Luke Bryan,95
Machel Montano,26
Malaa,4
Meg Mac,24
Men I Trust,32
Noora Noor,5
Onlap,9
Our Lady Peace,105
Patty Loveless,5
Paula Abdul,13
Rylo Rodriguez,15
STRFKR,60
Sharon Cuneta,6
ShooterGang Kony,20
Soft Machine,8
Spank Rock,5
"The Carter Family,Johnny Cash",4
The Linda Lindas,4
Tribulation,10
Widowspeak,19
elricfd,6
"ATO,EDEN",4
Alejandro Aranda,10
Black Pumas,10
Survive Said The Prophet,14
Arrogant Worms,80
Artifacts,9
Bibio,25
BionicPIG,5
Black Peaks,11
Black River Drive,5
Camille,5
Cast,6
Cereus Bright,4
"Chunk! No, Captain Chunk!",23
Confusing Guy,6
Dan Mangan,12
Del The Funky Homosapien,38
Derin Falana,10
Donell Jones,36
Fiji,15
Get Well Soon,4
Imagination Movers,4
Kacy Hill,25
Kaskade,14
Kings of Leon,108
Kita Alexander,10
Lee Moses,6
Lemaitre,19
Lonely God,4
Lucie Jean,17
Michael Christmas,5
Mikal Cronin,12
"Mount Kimbie,King Krule",4
Nacho Picasso,25
Organized Konfusion,24
Packy,48
Pentatonix,144
Q Money,13
Relient K,104
Sica,5
Sonny Digital,9
TWIN XL,7
The Drifters,31
The Hotelier,26
The Knife,44
The Style Council,18
Theatre Of Tragedy,13
Thomas Sanders,8
"Ty Dolla $ign,Wiz Khalifa",6
Voicians,6
Will Wood and the Tapeworms,28
YSN Fab,9
Yellow Claw,4
"Young Thug,Future",4
Yusuf / Cat Stevens,152
Bethany Music,7
2 LIVE CREW,46
ASTN,17
Arctic Lake,6
BBG Baby Joe,13
Brandon Lake,13
DMX,121
David O'Dowda,15
Dr. Reknaw,87
Dumbo Gets Mad,6
Emblem3,9
Emily Haines & The Soft Skeleton,25
Esperanza Spalding,33
Etham,16
First Aid Kit,55
Griffin House,8
Ground Up,5
Into It. Over It.,31
Jax Jones,5
Jazmin Bean,17
Jimothy Lacoste,9
"Josh A,iamjakehill",5
Kevin Krauter,12
Kilo Jugg,14
L Devine,13
Laura Mvula,22
Liz Phair,51
Louis Armstrong,154
Marco XO,5
Merle Haggard & The Strangers,24
Mothers,17
Okay Kaya,32
Oscar Lang,14
Pastel Ghost,9
Peabo Bryson,23
Random Encounters,14
Rivermaya,11
SPINN,6
Shoreline Mafia,24
Sofi de la Torre,13
Stick Figure,39
"The Andrews Sisters,Vic Schoen & His Orchestra",10
The Frogs,7
The Sea and Cake,4
The Topp Twins,12
The Zombies,26
Thirty Seconds To Mars,73
Tokyo Police Club,32
Totally Enormous Extinct Dinosaurs,6
Trophy Scars,9
Xscape,31
Youth Alive,8
sunn O))),8
"TOKiMONSTA,Gavin Turek",4
Temple Of The Dog,13
Yazasa,4
Archspire,19
Atreyu,66
Barrington Levy,31
Bobby Horton,11
Chevelle,97
Crystal Castles,58
Cutthroat Mode,9
Dark Funeral,22
"Das Racist,Heems",40
Derek Pope,34
Deuce,42
Dianne Reeves,7
Foreigner,108
Ghost Ship,12
Goldfinger,34
Heirsound,6
Indigo Girls,190
Jack Off Jill,37
Jail Socks,4
Joe Fox,5
JubyPhonic,8
Juliann Alexander,8
Lauren Cimorelli,10
Lene Lovich,4
Lost Dog Street Band,28
Lucius,28
Malz Monday,16
Morse Gang,7
Natalie Portman,4
Nightwish,136
Noel Coward,8
P.O.S,31
Pink Martini,8
"Raheem DeVaughn,The Colleagues",4
Randy Newman,92
Rose Tattoo,4
Ry Cooder,38
Saosin,42
Sheff G,29
Skrizzly Adams,6
Slayer,169
The Aubreys,9
Theia,4
Tigers Jaw,68
Trophy Eyes,42
Warhola,9
YK Osiris,14
machineheart,8
YACO DJ,5
Alan Parsons,12
Aleah,5
Aminé,41
Bassnectar,6
Becoming The Archetype,9
Big Freedia,4
"Chamillionaire,Bun B",4
Chris James,6
Citizen Soldier,44
Coconut Records,9
Contact Play,9
D.I.D,5
David Sylvian,37
Deathstars,5
Deorro,9
Discharge,29
Dora Jar,6
Eric Bellinger,99
Erik Santos,41
Erika Costell,12
Fuzz,14
Generationals,16
Geto Boys,74
Gloria Estefan,76
Grizfolk,15
Ivan Dorn,5
JONES,14
John Craigie,4
Julia Wolf,11
Justice For The Damned,8
Kanye West,253
Labrinth,35
Lauren Daigle,35
Lawrence Taylor,5
Leon Russell,23
Lil Peep,58
Linkin Park,247
Lovejoy,13
Luna Shadows,10
Mac Miller,233
Maine Musik,4
Miami Horror,11
Moneybagg Yo,112
"Paul Wilbur,Integrity's Hosanna! Music",28
Prince Dre,6
Roar,26
Roy Rogers,5
SDIB,4
SWIDT,16
Savages,18
Sevana,8
Sex Bob-Omb,4
Shotgun Willy,9
Spence Lee,15
Steeleye Span,37
TEMM DOGG,701
The Cactus Blossoms,12
The Greeting Committee,35
The Pointer Sisters,15
The Temperance Movement,10
Tonedeff,17
WHOKILLEDXIX,13
Was (Not Was),6
Weedeater,7
When Saints Go Machine,7
X-Ray Spex,33
ieuan,17
Anita Wilson,8
Anna Ash,4
Bishop Snow,4
AKA,20
Ab-Soul,31
Acappella,78
Alison Krauss,58
All-4-One,20
Austin Mahone,39
Ballyhoo!,23
Betcha,8
Brennan Savage,50
Caleb Hyles,9
Carlie Hanson,22
Ceremony,37
Christy Nockels,18
Dijon,25
E-Type,8
Fat Joe,32
Flying Lotus,12
It's a Beautiful Day,4
JUICYWORLDPRODUCTIONS,4
James Moss,5
KILLY,51
KLOE,4
Kid $Ixty,5
Lainey Wilson,10
Leona Lewis,49
Lil Boodang,9
Loomington,9
Loreen,22
Madball,8
Manganas Garden,4
Mating Ritual,11
Mickey Shiloh,6
Miles Kane,33
Millionaires,11
Moose Blood,41
Nowhere,8
Off The Record,11
Pain of Salvation,60
Quasi,10
Rucci,5
SOJA,40
Sarah Close,11
Sarkodie,12
"Sematary,Ghost Mountain",7
Siedd,19
Small Faces,23
Smiley,11
"Spark Master Tape,Flmmboiint Frdii",4
"Stalley,Rashad",4
Stephen Puth,5
Strahan,4
Strangely Arousing,5
Sublime,116
Suzannah Bee,9
Syd Matters,16
The Big Moon,19
Tide Lines,4
Tina Charles,5
Trinidad James,16
Vox Freaks,6
Waka Flocka Flame,57
Wet Wet Wet,56
Whiskey Myers,33
Woop,7
Yung Simmie,47
Axel Johansson,4
Bad Boy Chiller Crew,5
Yo Trane,23
23 Unofficial,7
Alannah Myles,5
Amanda Seyfried,4
Andreya Triana,14
Angelo De Augustine,16
Ari Lennox,22
Babybird,6
Baka Not Nice,11
Ben Rector,51
Burn The Priest,7
Candy Claws,11
Car Bomb,16
Dave Mason,6
"Dolly Parton,Tammy Wynette,Loretta Lynn",4
Draconian,34
"Empire Cast,Jussie Smollett",29
First Blood,11
Frances Quinlan,9
Gaelic Storm,26
Graham Kendrick,7
Hippo Campus,55
"Influence Music,Matt Gilman",4
Ingrid Michaelson,97
It Looks Sad.,12
Kesha,79
Laura Stevenson,34
Lethal Bizzle,9
Man Overboard,25
Matt Martians,14
Matthew West,42
MoStack,27
Mono Inc.,17
Myrkur,7
Nina Chuba,6
Papoose,25
Phish,173
Radkey,8
SACAR aka Lil Buddha,4
Savatage,10
Sunfire,8
The Black Heart Procession,11
The Coral,8
The Horrible Crowes,17
Tokio Hotel,41
"Tony Bennett,Lady Gaga",8
"Waka Flocka Flame,Travis Porter",4
"Westside Gunn,Stove God Cooks",6
"Wiz Khalifa,Cardo,Sledgren",6
Xcep,8
Xvxx,11
Billy Joe Royal,4
Almighty Jay,11
Amilli,6
Anaïs Mitchell,29
"Andy Mineo,Co Campbell",4
Ann Marie,42
Between The Buried And Me,75
Big Mama Thornton,7
Bilal Hassani,6
Blakroc,10
Brian McKnight,56
CEO Trayle,7
Cam Meekins,38
Cara Dillon,13
Coldplay,225
Cosmic Cloak,5
DJ Quik,52
Danny Gokey,14
Dub FX,33
Europe,71
Gonjasufi,8
Henry Tupou,4
Hobo Johnson,47
Jake Daniels,5
"Jennifer Lopez,Pitbull",4
Jimmy Cliff,36
Jonathan Ogden,10
Jonathán Bridges,9
Juice Newton,6
LIL PHAG,4
Locksmith,24
Matisyahu,33
Merle Haggard,22
Morray,18
Myles Kennedy,14
NSTASIA,7
Patti Page,9
REASON,15
Ross Ware,10
Roy Orbison,129
Sander van Doorn,5
Sarah Geronimo,25
Shai Linne,40
Sophie Rose,5
Strawbs,5
TRAMP STAMPS,9
The Animals,28
The Olivia Tremor Control,11
"The Psycho Realm,Sick Jacken,Big Duke",14
The Vibrators,4
Tim Hardin,8
Tina Malia,5
Tom Cardy,10
Tora,18
Wolfmother,25
Young N Fly,5
"Ace Hood,Kevin Cossom",5
93FEETOFSMOKE,28
A Giant Dog,5
AVEC,8
AlunaGeorge,18
Blue Magic,9
Bobby Brown,20
Brooke Ligertwood,8
Carnivore,17
Cash Kidd,31
Charlotte Day Wilson,20
Chris Grey,5
Chris Knight,23
Col3trane,22
Cory Branan,7
David Bromberg,7
Desaparecidos,22
Equippers Revolution,8
Fandroid!,10
Florrie Forde,6
Fluke,4
Frank Carter & The Rattlesnakes,45
Gary Valenciano,64
Gonzo G,4
Gordi,18
Gov't Mule,10
Groove Armada,17
Heather Dale,25
Heather Headley,5
Hoodie Allen,44
Jimmy Nevis,6
John McDermott,56
"Karl Jenkins,Mike Brewer,London Philharmonic Orchestra",5
Kevin Max,4
"Kris Kristofferson,Rita Coolidge",22
Kula Shaker,11
Lil Mouse,8
Little Anthony & The Imperials,9
Lostboycrow,33
Lucky Daye,33
Mikky Ekko,23
Milow,15
Modern Talking,167
Mother Love Bone,15
Mr Little Jeans,9
Music with Michal,15
Nef The Pharaoh,17
Nova Miller,7
PRhyme,10
Raheem DeVaughn,14
Seth Sentry,38
Seventh Angelo,14
Sinéad O'Connor,50
Skepta,49
TOI,89
The Click,8
The Teenagers,8
Thomas Headon,9
Uncle Kracker,47
Young Go,57
Zack Fox,6
my bloody valentine,32
tobi lou,48
Archers Of Loaf,11
54-40,4
ARY,4
American Hi-Fi,4
Anathema,71
Audio Bullys,4
Bas,20
Bishop Lamont,4
Black Honey,21
Blanks,20
Bob Geldof,4
Caitlyn Smith,17
Capital Lights,7
Classified,34
Creeper,36
Cross Canadian Ragweed,7
Crossfade,11
Crystal Gayle,9
DEAMN,11
Damon Albarn,20
Departures,9
Digga D,26
Ella Eyre,23
Ellie Goulding,123
Extreme,70
Faith Nketsi,6
Feng Suave,13
Germ,32
Grant Macdonald,15
Hi-Tek,6
IDLES,59
Infant Sorrow,13
Isam B,4
JUNNY,4
Jeezy,175
Jez Dior,15
Jimmy Nail,5
Kalifa,4
Kwamie Liv,10
Kyuss,29
Life of Dillon,8
MOD SUN,34
Marlon Craft,31
McClain Sisters,4
Miracle Musical,10
Ms Krazie,8
Never Shout Never,35
No Pressure,5
P.O.D.,34
Penelope Scott,30
Random Axe,5
Rebecca Zamolo,6
Ritt Momney,23
Seaway,37
Slim Thug,34
Slum Sociable,9
Son Lux,58
Teenage Bottlerocket,22
Terry Reid,7
Tessarose,5
The Forester Sisters,4
The Killers,141
The Mothers Of Invention,31
The Teskey Brothers,31
Tiny Moving Parts,56
XXXTENTACION,200
Xavier Browning,9
You Blew It!,13
Zauntee,21
dwilly,4
updog,5
Angelic Upstarts,4
The Band Perry,16
The Ninth Wave,4
Tyler Carter,13
Agent Orange,9
Aiza Seguerra,27
B the Star,11
Big Joe Turner,8
Blixemi,14
Bobbie Gentry,8
"Boosie Badazz,Webbie",12
Brennan Story,8
Bridgit Mendler,23
Brittany Howard,13
Common,73
Crippled Black Phoenix,11
DE'WAYNE,5
Dot Hacker,16
Dustin Lynch,26
Evergrey,14
Ewan MacColl,8
Gretchen Peters,12
H-Town,21
Jeremy Renner,9
"John Williams,London Symphony Orchestra",10
LUCKI,169
La Roux,27
Lenny Cooper,4
LiBand,8
Life.Church Worship,13
Lightning Bolt,15
"Lisa Peterson,Star Stable",7
Little Richard,26
Lord Infamous,13
Lori McKenna,23
M.I.A.,40
Minnz Piano,16
Procol Harum,88
Qntal,7
Say Hi,8
Son Mieux,6
Sueco,13
Symphony X,29
The Brian Jonestown Massacre,87
The Chipmunks & The Chipettes,4
"The Clancy Brothers,Tommy Makem",5
The Dig,4
The Oxford Trinity Choir,8
The Reverend Horton Heat,11
The Steeldrivers,22
The Wood Brothers,24
"Tyler, The Creator,Hodgy",4
Zotiyac,40
gabriel black,4
350heem,5
AGA,4
Big Zuu,6
...And You Will Know Us by the Trail of Dead,16
13th Floor Elevators,17
70th Street Carlos,7
AaRON,20
Altered Images,7
Anika Moa,15
Anuhea,5
Asaf Avidan,27
Au Revoir Simone,10
Beans on Toast,15
Carly Rae Jepsen,89
Clipse Presents Re-up Gang,5
Codeine,20
Crowbar,24
Cult Of Luna,26
Curly J,15
"Elevation Youth,Southland",13
Ellie Holcomb,24
Gackt,5
Graduating Life,22
Guapdad 4000,20
Hurts,54
Jimi Somewhere,5
Lake Street Dive,49
Leagues,5
Lisa Germano,9
Lisa Mitchell,7
LoveLeo,6
MNEK,20
Marc Anthony,15
Marc Rebillet,19
Matt Simons,19
Missing Persons,4
New Found Glory,76
Not Klyde,5
Obituary,24
Pell,21
Pond,48
Rachel Sermanni,6
Robbie Williams,226
Sleepyheadz,5
Something Corporate,18
Sophie Pecora,5
Soul Coughing,23
Spencer Sutherland,16
Spirit,12
The Coup,41
The Red Pears,10
The Tragically Hip,167
This Is The Kit,21
Tim Minchin,54
Vylet Pony,10
Will Young,14
Zaia,10
awfultune,41
"Billy Bragg,Wilco",7
"Passion,Kristian Stanfill",22
Shontelle,6
AFI,137
Aaron Taos,7
Adam Doleac,5
Allman Brothers Band,125
Alt Bloom,4
Andy Williams,162
Angus & Julia Stone,91
Army Of Lovers,10
Avatar,63
Behemoth,59
Big Pun,18
Bizzy Bone,20
"Bladee,Ecco2k",8
Blanca,11
Bully,27
Call Me Loop,6
Culture Shock,11
Dan Bremnes,11
E1 (3x3),8
Faith Evans,35
Fredo Santana,44
Front 242,15
Gang of Youths,35
"Ghostface Killah,Raekwon",6
Gwen Stefani,54
Joywave,52
Jung Kook,11
Kane Brown,51
Kinneret,6
Kylie Minogue,263
Kyyngg,9
Leon Redbone,12
Lil Toe,19
Love/Hate,4
Michael Patrick Kelly,12
Mickey Factz,15
Mike Dimes,9
NLE Choppa,89
Nana Mouskouri,12
Off The Record Karaoke,28
PS Hitsquad,7
"Passion,Crowder",5
"Paul McCartney,Linda McCartney",19
Pharoahe Monch,57
Q,13
"Rameses B,Veela",4
Roger,7
Roger Miller,23
Roger Taylor,8
Sara Evans,14
Saveus,8
Soccer Mommy,20
Soulwax,9
The Bomb Digz,8
The Gentle Men,8
The Paper Chase,26
The Submarines,7
Travis Tritt,20
Trella,5
Uncle Murda,13
Vicky Arlidge,7
Why G,15
Zach Diamond,16
Aaron Daniel Jacob,4
Pretty Lights,12
Saba,29
1814,110
@Peace,30
Arden Cho,4
Ava Max,40
Battle Beast,38
"Bodega Bamz,V Don",4
Bolt Thrower,17
Chapel,8
Cold,19
Cortez Devinci,4
Dan Andriano in the Emergency Room,10
Darlene Love,6
Declan J Donovan,11
Dirty Prydz,6
Dream Theater,200
Dry the River,13
ENHYPEN,25
G-Eazy,95
Granger Smith,23
"Hank Williams,Drifting Cowboys",42
Huey Mack,19
J Mascis,14
John Paul White,14
Jonny Craig,27
"KB,Lecrae",4
Khary,25
Liam Payne,15
Lil Flash,10
Lime Cordiale,39
Martina McBride,21
Mikey The Magician,5
Misty Edwards,30
Mr. Criminal,14
Nancy Wilson,8
Neil Sedaka,71
Noname,15
Oasis,200
Oh Hiroshima,6
Origin Roots Aotearoa O.R.A,23
PNC,9
Parcels,36
Parker Millsap,21
Planetshakers,228
Rarity,14
Recoil,5
Reese Lansangan,28
San Holo,9
Shelby Lynne,4
Shokran,17
Simple Creatures,12
Sinoda,4
Sleeping Giant,13
Sorry,17
Styles Of Beyond,10
T.S.O.L.,12
Ten Tonnes,8
The Cure,193
The Jezabels,23
Timi Dakolo,5
Tommy Genesis,23
Vagabon,14
guccihighwaters,14
ARTAN,7
Aaradhna,13
Andrew Stein,8
Babyshambles,39
Beast In Black,36
Belle Mariano,4
Beulah,4
Bob Mould,7
Bonnie Raitt,159
Brian May,7
Caroline Kole,4
Chetta,34
Coco Jones,13
Corbin,23
DED STARK,7
"Dave East,DJ Holiday",8
Demi Lovato,171
Empire Of The Sun,37
Eric Bogle,17
Exitmusic,6
Gallows,16
GeeYou,8
"Glee Cast,Jonathan Groff",8
"Gloria Estefan,Miami Sound Machine",5
Gregory Porter,36
Gwar,86
HUNTR,4
Hot Dad,6
Joe Blow,5
Joe Moses,13
Kensington,30
Kurt Vile,53
Laura Veirs,10
Lil Maru,11
Lil Rob,35
"Lisa \"Left Eye\" Lopes",4
Luh Soldier,19
Michael Bublé,157
Michael Trapson,5
Mindchatter,9
Modestep,13
Morrissey,283
OMNIA,19
Oh Honey,8
Oh Land,15
Part Time,34
Prince Royce,15
QUE.,4
Richie Havens,13
Sadboy2005,7
Shed Seven,19
Solitary Experiments,6
TOPROCKER MUSIK,4
The Blue Nile,14
The Builders and The Butchers,6
The Cadillac Three,11
The Pop Group,7
Throttle,10
Tim Baker,6
Underworld,123
Waxahatchee,64
Zahara,5
24hrs,18
Ace of Base,85
Al Martino,12
Animal Collective,127
Bad Suns,44
Beau Jingles,8
Bo Diddley,18
Brothers Osborne,28
CRAY,7
Caleb Gordon,9
Cheryl Lynn,9
Chinx,30
Clooney,4
Cracker,17
Crywolf,47
Dre'es,4
Elastica,16
Escondido,5
Fashawn,28
Fat Trel,42
Fortunate Youth,10
Frank Sinatra,389
Frankie Bev a Lay,52
GRLwood,24
Grant-Lee Phillips,4
Guts,5
Hail Mary Mallon,26
Harry Mack,7
Jamiroquai,77
Johnnie Ray,4
Julien Baker,40
Karla Bonoff,9
LPX,4
"LUMP,Laura Marling,Mike Lindsay",9
Liquid Audio,4
Lowell George,4
MY FIRST STORY,12
Mike Doughty,8
Nicole C. Mullen,9
Night Ranger,9
Nomeansno,16
Pansy Division,15
PawPaw Rod,4
Portrayal of Guilt,5
RED Diamond,20
Sasha Alex Sloan,28
Sean Leon,31
Serena Ryder,10
Sigrid,27
Swiss,5
Tegan and Sara,91
Terror Jr,58
The Babies,6
The Commitments,9
The Doobie Brothers,139
The Magnetic Fields,146
The Neighbourhood,74
The Overtones,4
The Pussycat Dolls,29
The Smiths,122
The Volunteers,4
Thy Light,5
Tom Jones,129
Trans-Siberian Orchestra,14
Trent Reznor and Atticus Ross,4
Tyler Cassidy,17
ANTH,6
Abney Park,9
Adrian Marcel,9
Alan Jackson,63
Alpha Blondy,6
Angel Haze,41
Anika,7
Ashes Remain,16
Asiahn,17
Balthazar,51
Ben Howard,75
Big Wild,7
Bobby Shmurda,12
Brenda Lee,16
Courtney Marie Andrews,6
Darren Criss,10
Davido,30
Delinquent Habits,13
Felly,74
Fiddlehead,21
"Glee Cast,Kristin Chenoweth",8
HAARPER,55
Hands Off Gretel,11
Hot Snakes,14
INXS,159
Karyn White,11
Keenan Te,6
LilDeuceDeuce,5
Lior,5
Long Beard,5
Looptroop Rockers,12
Lucy Spraggan,17
MIKNNA,4
Mariee Sioux,6
Maurette Brown Clark,8
Mike Pinto,8
"Miracle Of Sound,Karliene",5
Modern English,7
Mushroomhead,54
Old Man Saxon,10
Phemiec,19
Pigeon Pit,8
Prince Tui Teka,20
Rebounder,4
RuPaul,79
Ryan Oakes,34
Sebastian Javier,7
"Shotgun Willy,TRAQULA",6
Superman Is Dead,11
Swain,13
TODAY IS THE DAY,4
Tay Money,31
The Ridleys,12
The Smile,11
Tones And I,36
True Widow,15
Twin Wild,6
William Prince,6
Willie Hutch,16
Wilson Phillips,33
jeremy messersmith,10
poutyface,6
Dee Watkins,28
The Blue Stones,18
AJ Rafael,8
"Abstract,RoZe",7
Aleka's Attic,4
Angus Maude,9
Arcturus,8
Arsenal,4
Aya Nakamura,4
Beenie Man,25
Bipolar Sunshine,10
Bomb the Music Industry!,59
Buffalo Springfield,25
Cal Scruby,65
Catie Turner,17
Chris Isaak,20
Christian Kuria,8
Chuck Wicks,4
Citizen Cope,23
Clannad,4
Complete,13
Dan Owen,7
Darlingside,15
Dean Lewis,28
Deko,13
Donovan Woods,16
"Elmo,Sesame Street",7
Gerry & The Pacemakers,12
Hp Boyz,9
Icarus The Owl,4
Jackson C. Frank,21
James Fauntleroy,5
Jeremy Passion,20
Jessie Reyez,31
Jimmy Buffett,219
KISS,211
Kirko Bangz,54
Kolyon,11
Marsha Ambrosius,7
Meth Wax,7
Mumford & Sons,70
"Quasimoto,Madlib",27
Rita Ora,35
SHAED,13
Sam Smith,84
Skip James,7
Snowmine,16
Steven Curtis Chapman,34
Streetlight Manifesto,51
The 5th Dimension,17
The Apache Relay,5
The Deele,4
The I.L.Y's,20
The Incredible String Band,16
The Neal Morse Band,9
The Tony Danza Tapdance Extravaganza,5
Vital Remains,4
WOOSUNG,4
YXNG K.A,18
Year of the Knife,10
carpetgarden,12
A2,11
Ambrosia,5
Aura Dione,7
Shane MacGowan & The Popes,9
TobyMac,49
Brave Bird,8
Gene Austin,4
Hare Squead,7
Non Prophets,7
Perma,4
Ramshackle Glory,24
The Bellas,7
The Congos,6
The Weavers,9
David Dunn,12
David Essex,5
James Marriott,12
Miyuze,4
"P.MO,Mike Squires",4
Royal Headache,4
Sophia Scott,9
The Clientele,15
Yus Gz,5
A*Teens,4
Coldiac,13
Dexys Midnight Runners,16
Dylan Schneider,12
Jakubi,6
Leaf Ward,10
Listener,25
"Louis Armstrong,Oscar Peterson",5
"Mark Knopfler,Emmylou Harris",9
Moron Police,7
Oi Va Voi,7
Q And Not U,4
"Rhiannon Giddens,Francesco Turrisi",6
Scripture In Song,4
The Last Dinner Party,6
The Marcus King Band,5
kenzie,12
Clark Beckham,4
Cynthia Erivo,10
Death In Vegas,8
East 17,5
GDP,9
"It Lives, It Breathes",4
"Lil Wayne,Big Tymers",4
"Memphis Bleek,JAY-Z",4
Ruben,11
"Rupert Pope,Giles Palmer",6
The Lagoons,4
Colette Lush,7
Bride,5
Digitalism,8
Fornicras,5
Froth,5
Jae Stephens,4
Paul Young,10
Phantom Planet,8
Rivers Cuomo,20
Saint Claire,5
The Brian Setzer Orchestra,9
"The Odd Man Who Sings About Poop, Puke and Pee",6
suisside,4
Che Lingo,7
Jucee Froot,5
Killa Kellz,4
Maccabeats,4
Mattiel,6
McAuley Schenker Group,4
Mississippi Mass Choir,8
Old Man Canyon,8
"SBTRKT,Sampha",9
She/Her/hers,6
South Central Cartel,7
Stellar,7
Sutton Foster,5
The Spill Canvas,11
Waking the Cadaver,4
selki girl,9
"#1 Garth Brooks Tribute Band",4
Cast Of The Motion Picture Rent,4
Fozzy,11
Josh Rouse,4
Pinc Louds,6
Queen + Paul Rodgers,5
Sarah Jaffe,5
Teamheadkick,10
Typecast,8
Travellin' Strawberries,4
Cassidy-Rae,4
Ebenezer,5
Goldie,4
Jay Fizzle,5
"Josh A,Lil Revive",10
MaMuse,4
Mogli the Iceburg,7
Oxlade,5
Poundside Pop,4
"Ramp Worship,Catherine Mullins",9
SOS,16
"Shwayze,Cisco Adler",9
The Bled,5
The Jon Spencer Blues Explosion,6
Yeastie Girlz,4
Black Light Burns,6
"Breakbot,Irfane",6
Electric Youth,11
"Eminem,Dr. Dre",6
Far,6
Jason Chen,16
Jenny Owen Youngs,6
Jordy Searcy,12
Michael Constantino,5
Moving Mountains,9
Orphan No More Co,5
Paper Idol,6
Riley Roth,4
Shallow Side,4
The Living End,9
"The Sword,J. Robbins",5
Video Age,6
Banks Arcade,6
"Songs: Ohia,Jason Molina",22
"Chinx,MeetSims",8
Five,10
Flipp Dinero,23
Ivy,4
Josh Ward,14
Kamakaze,4
LSD and the Search for God,7
Play,6
ROZES,6
Tarja,4
The Clovers,5
Clamavi De Profundis,12
Eloise,4
"Jonathan Young,Lee Albrecht",4
Mokyo,7
Peter Manos,6
Walker McGuire,6
Brutha Rodz,5
Dean Ween Group,4
Guy Garvey,11
MIST,9
Many Rooms,4
Matt Watson,8
Patti LuPone,4
Paxus Productions,4
Soundmachine,10
Terrian,9
Vian Izak,4
Alexandra Burke,6
Babyxsosa,5
"Blueface,Trendd",5
Brika,10
Chris Renzema,27
"Dessa,Minnesota Orchestra",4
Dylan Dunlap,4
Jessica Reedy,4
Leah James,6
Lisa Stansfield,5
Lynn Anderson,5
Megan McKenna,5
Michael English,7
No Cash,6
Pixel Terror,4
Ray Conniff,7
SEU Worship,15
Snatam Kaur,13
TS Graye,4
The Red Chord,5
Willis Alan Ramsey,8
Cathy Dennis,4
Circus Maximus,7
Clinton Kane,9
"Donell Lewis,Kennyon Brown",5
Emanny,4
Fear of Men,4
"Frank Sinatra,Count Basie",12
Imperial Triumphant,8
"Kevin Quinn,Bailee Madison,Jahbril Cook,Kat Conner Sterling,Iain Tucker,The Cast Of Netflix's Film A Week Away",5
Kurtis Blow,11
Melis,5
Scruffpuppie,8
Steve Perry,9
Tampa Red,5
The Grass Roots,5
Christie Front Drive,4
Clear Soul Forces,10
Crypt,4
EMM,4
Fat Pat,6
Fruit Bats,9
Holy Holy,12
JPCC Worship Youth,4
LISA,7
"Lovage,Mike Patton,Jennifer Charles,Nathaniel Merriweather",11
Mack Keane,4
Mi-Sex,7
Ritchie Blackmore's Rainbow,5
"All Our Exes Live in Texas,Elana Stone,Georgia Mooney,Katie Wighton,Baby Velvet",4
Cassius,4
Busty and the Bass,7
Cock Robin,5
Coded Channel,4
Double-A,6
Ekoh,28
Emilie Nicolas,19
Guru,6
Hovvdy,16
Hurt,16
Kate Linn,4
Kutt Calhoun,10
Lil 1/2 Dead,5
Mario Biondi,6
Memo600,5
More Than Life,12
The Weeks,11
Virtual Self,4
Wilder Woods,10
Angela Simone,6
Brynn Cartelli,7
CyHi,6
Dominik Hauser,4
Down With Webster,5
Fightstar,9
Hamilton Leithauser,8
Helena Paparizou,6
Integrity,7
Jackyl,4
Jdot Breezy,15
KIDx,4
Lonr.,6
"Mark Battles,Tory Lanez",4
Mishka,7
Prince Husein,6
RMR,6
Rad Horror,5
Skyhill,10
Sore,4
Teitur,4
Buffalo Tom,4
Camouflage,5
Capo,4
Cherub,20
Dimension,7
Dylan Owen,15
Gabriel Conte,5
Grinspoon,6
Kim Kyung Hee,4
Millie Jackson,9
Pete Rock,4
Savant,5
The Jim Carroll Band,8
The Reklaws,9
Toadies,11
Tullycraft,4
1 Trait Danger,16
Brandon Boyd,4
Christian Alexander,6
Edwin McCain,6
Intence,6
Matt Gilman,6
Mis-Teeq,5
Seaforth,5
Stunna Gambino,9
Tarrus Riley,32
Volcano Choir,11
Young Galaxy,8
Anthony Raneri,4
Color Me Badd,6
LiveLikeDavis,4
Brendan Perry,6
Daniel Spaleniak,5
Hayden,6
"Hillsong Worship,Benjamin William Hastings",5
Kate Miller-Heidke,6
Lil Vanilli,15
Mike Francis,5
Moxie Raia,4
No More Kings,5
Parson James,7
Robin Gibb,6
SEBASTIAN PAUL,10
As Blood Runs Black,4
Big Grams,5
Bob Crosby & The Bob Cats,4
Brandon Jenkins,4
Firewind,4
Free Chapel,4
"Linda Ronstadt,Emmylou Harris",7
Polish Club,6
Roderick Porter,8
Victoria Carbol,6
"Chris Brown,Tyga",5
Family Bvsiness,6
Iyanya,4
Katy Kirby,6
Lowell,10
Motorpsycho,6
New Boyz,8
Patty Smyth,5
Soft Cell,19
Teni,9
Tom Misch,12
Tristania,9
eli.,4
ASHLEE + EVAN,4
Airbourne,8
CRUCIFIX,4
Bootsy Collins & Bootsy's New Rubber Band,4
Cottonwood Firing Squad,5
"DeJ Loaf,Jacquees",4
Dorje,6
Ea Kaya,4
"G4 Boyz,G4choppa",4
High Tyde,4
James Supercave,12
Katie Herzig,10
Levi Hummon,4
NIve,4
Ajey,4
Chase Matthew,6
Dan Zanes,5
Hannah Grace,8
Hardy Caprio,11
Kruzi,4
Mona Haydar,4
Panopticon,8
Pascal Junior,7
Pete Murray,5
Pillow Queens,9
Poison Clan,5
Sonicflood,4
The Sherlocks,14
Bunny Wailer,11
Home Is Where,4
"Bryce Dessner,James McAlister,Nico Muhly,Sufjan Stevens",11
Kstylis,6
Life in Film,4
Monika,5
Revocation,11
Ria Mae,6
Rosi Golan,4
Zonyo,8
maye,4
Brazilian Girls,8
Zola Davis,5
"i.F.,Chuuwee,iMAGiNARY OTHER",4
Bootsy Collins,11
Dappy,24
LMFAO,11
"Locksmith,Rebecca Nobel",4
Mickey Gilley,8
Neil Patrick Harris,6
PNAU,6
ProTracks (Karaoke),13
Rebecca St. James,5
The King's Singers,7
"Young Dolph,Gucci Mane",4
Alisan Porter,5
BeatKing,4
Chaeum,5
Eric Christovan,13
Forth Wanderers,18
Herbal T,4
Hilary Weeks,5
Kimie Miner,5
PREACHERVAN,4
The Jolly Rogers,4
Zion I,11
Carter Faith,4
"Boldy James,Real Bad Man",5
Cherlene,8
Dangers,7
Devour,11
Dyscarnate,7
Eliza Doolittle,7
Ilse DeLange,14
JVKE,5
Jon and Roy,9
L.A. WITCH,7
Lunar C,15
Marcia Griffiths,8
Maya Jane Coles,5
Rasputina,4
Ringo Deathstarr,4
Sonta,18
Standing On The Corner,10
"Young Thug,Gucci Mane",5
ALLBLACK,9
Connie Talbot,4
Carousel Kings,5
Coals,4
Dntel,4
Funky DL,4
JJ Grey & Mofro,24
JayO Sama,14
Judee Sill,16
Kasher Quon,8
Our Mirage,11
Patea Maori Club,4
Rosie Thomas,5
SNAP!,13
Scarlett Rose,4
Schama Noel,5
The Barr Brothers,15
Willie Nelson and Kimmie Rhodes,4
7: AMP,4
LAYNE,4
Elijah Woods x Jamie Fine,8
FLO,4
Geowulf,12
"Gucci Mane,V-Nasty",7
Homebound,4
Joseline Hernandez,6
Joseph Solomon,9
K.I.D,6
Karaoke Library,6
Klara Söderman,5
Oscar Scheller,6
"Ramirez,Rocci",5
Statik Selektah,8
Street Sweeper Social Club,4
Fury In The Slaughterhouse,5
Dabin,4
"Dead Players,Jam Baxter,Dabbla,Ghosttown",4
"Galactikraken,Jonathan Young",4
Kid 'N Play,9
Kids Superstars,4
Kurupt,8
Laid Back,7
NCT DREAM,5
Tdot illdude,9
"billy woods,Blockhead",13
Brenda Russell,6
Elliot Lee,12
Grand Puba,9
Jaya The Cat,4
Lisa Marie Presley,4
MF Grimm,10
Mindflip,4
Push Push,9
Ricky Desktop,8
Shooter Jennings,5
The Flat Stanleys,5
The Four Aces,5
The Youngbloods,5
Wynonie Harris,7
Young Roddy,4
Connor McCutcheon,4
Dalton Domino,7
Ethan Gruska,7
Foreign Fields,7
Frida Sundemo,5
Ian Munsick,11
Jacob Collier,19
Jonn Hart,6
Judy Jacobs,5
"Kenny Rogers,Dottie West",5
Leatherface,6
Mellah,4
PLVTINUM,9
Michl,14
Easter,6
"Jeezy,DJ Drama",4
Smokey Mountain,5
YOASOBI,9
Big Pokey,4
"Gucci Mane,Future",4
Stoned Jesus,5
TAPZ GALLANTINO,4
Tex Ritter,9
The Limeliters,6
Matt DiMona,5
Corey Kilgannon,8
Falconer,4
John Cafferty & the Beaver Brown Band,4
STIC.MAN Of Dead Prez (AKA) Stic,7
Cuban Link,4
King No-One,9
Lady Saw,12
Mustard Plug,6
Silent Child,5
The Beloved,4
The KVB,5
WARGASM (UK),10
Dave Gahan,4
D'banj,7
Holly Near,4
Kajagoogoo,4
Les Humphries Singers,4
Mad Skillz,4
Mountain,9
Over October,4
Jamie N Commons,8
Joelistics,4
KOPS,7
Jason Molina,7
"Shy Glizzy,YoungBoy Never Broke Again",4
Emilee,5
Juke Ross,16
Kevin Sherwood,4
Lox Chatterbox,6
No Money Enterprise,4
Regurgitator,4
Dobie Gray,4
Jill Barber,5
No Mercy,6
Swordfish,4
Don't Stop or We'll Die,6
Hallatar,4
Joe Brooks,7
Louise,4
"Lullaby Layla,Keevin",6
Prime Circle,6
The Call,6
The Lonely Biscuits,7
Yatta Bandz,13
ZieZie,6
Jesse Winchester,6
Radiant Children,5
The Heptones,4
"Fred Hammond,Radical For Christ",9
Jay Silva,4
LeRoyce,6
"Ralo,Future",4
Rosendale,4
T-Wayne,10
Uglyburger0,4
Buck Owens,5
Charlie Feathers,4
Dremo,4
Frankie Yankovic And His Yanks,4
Make Out Monday,5
Mustasch,6
RXKNephew,7
Royal Flush,4
Chaos In The CBD,5
"Master P,Silkk The Shocker",5
Sonic Syndicate,4
The Vogues,5
ALA.NI,4
Frankie Avalon,5
I Would Set Myself On Fire For You,4
MOSSS,5
"Red Lyfe Kween,youngg m.a",5
Spinnerette,4
Through Fire,7
"Freddie Mercury,Montserrat Caballé",7
Kate Havnevik,5
Tanner Usrey,4
Vigiland,5
Frosty,6
Iris Temple,6
Loma Prieta,5
Old Sea Brigade,4
Squirrel Nut Zippers,7
The Treblemakers,4
WC,8
Deen Squad,7
Issa Rae,5
Jenny Morris,5
"Lord Lu C N,Denzel Curry",4
Oceansize,6
Southern Culture on the Skids,7
"The Psycho Realm,Sick Jacken",4
James Corden,4
Kayzo,4
The Haxans,4
Vesta Williams,5
Ygg Tay,5
"Young Lungs,Cian P",6
Front Line Assembly,4
Getter,6
Seabird,4
Aaron Hall,7
Allie Sherlock,5
Max Webster,6
"Rustage,Shwabadi",11
Wednesday,5
Dark Moor,6
"Glee Cast,Gwyneth Paltrow",7
"Mitch Jones,Kala",4
R3HAB,5
"E-Dubble,27 Lights",5
"G-Unit,Young Buck",6
Noonie Bao,5
PORCHY,5
The M Machine,4
Buffy the Vampire Slayer Cast,6
"Elzhi,JR Swiftz",6
death's dynamic shroud,5
Damage,5
Dennis Wilson,8
Jerry Folk,4
The Only Ones,7
XG,4
Yusuf Islam,4
Burgos,5
Hooligan Hefs,9
Koda,9
LADIPOE,4
NARCY,6
Paddy Reilly,4
"Pagan Fury,Paradox Interactive",4
Samantha Mumba,5
Scratch21,5
The Three Queens,4
Vaughn Harrison,4
Avonlea,5
Christian Lee Hutson,13
Christine Anu,4
David Rawlings,8
Drew Jacobs,4
HIMALAYAS,5
Jojo's ASMR,4
Keiynan Lonsdale,12
Neovaii,12
"Sewerperson,Eric Godlow",6
Youngblood Hawke,5
AsapSCIENCE,5
"Crazy Ex-Girlfriend Cast,Santino Fontana",5
Feed Me,4
Kai Straw,16
David Keenan,12
DeStorm Power,7
"K CAMP,True Story Gee",4
Kix,4
Mitchel Musso,5
Nora En Pure,5
"Tobe Nwigwe,David Michael Wyatt",4
Dobre Brothers,8
Du Blonde,4
Hey Steve,4
KINGMOSTWANTED,4
Ms Banks,7
SNCKPCK,4
"State Radio,Chadwick Stokes",5
Unkle Adams,5
Dragged Into Sunlight,5
Geko,12
Islander,7
Scott James,7
Darren Espanto,4
Dropout Kings,12
JEFF The Brotherhood,4
Jonny Fritz,5
"Parov Stelar,Lilja Bloom",4
The Man Who,4
"WWE,CFO$",13
Lil' Zane,5
Matthew Sweet,7
Pencey Prep,10
"Nathaniel Merriweather,Mike Patton,Jennifer Charles,Kid Koala,Dan The Automator",4
Mack Brock,8
Shad Da God,6
Angelina,4
The Long Faces,4
Turbulence,4
"Télépopmusik,Angela McCluskey",5
Deva Mahal,4
Jerry Purpdrank,8
Leyla Blue,6
Lillie Mae,4
Monkey Majik,5
Nocturnal Depression,4
Szymon,4
CAZZETTE,4
Grind2hard Osh’a,6
Mylo,6
Omni,4
The Buggles,7
Pupajim,5
JUDAH.,4
daydream Masi,4
Juniper Vale,4
Little Stranger,4
Power Music Workout,5
"Gucci Mane,Verse Simmonds",4
"Stitches,Kevin Gates",4
Japanther,5
August Wahh,4
Let It Bloom,4
Lil Saint,5
INFIDELIX,4
Joyous Celebration,4
Lo Village,4
Matthew Fisher,4
"UPPERROOM,Elyssa Smith",4
My Brothers And I,7
Raxstar,7
ASCO,4
"French Montana,Max B",4
"Jeremy Loops,Motheo Moleko",5
"Matt Boswell,Matt Papa",4
The Shelters,4
The Good Life,10
Urban Mystic,5
"Empire Cast,Sierra McClain",4
Herizen,4
"Logan Hugueny-Clark,Whitney Di Stefano",4
Payton Howard,6
Andrew Applepie,4
Just Juice,6
Agents Of Oblivion,4
Opus,4
Heavy Weight,4
Neil Finn,6
"Isobel Campbell,Mark Lanegan",4
Eric North,5
Show Dem Camp,4
Josh Henderson,4
Ronnie Adams,4
Samad Savage,5
The Beards,4
Tom Tripp,5
Triggerfinger,5
Water Liars,4
Fritz Kalkbrenner,5
"Gucci Mane,Chief Keef",5
Pseudo Echo,5
Shallou,14
Reece Brunke,4
Sam Riggs,5
Legacy Five,4
Kevin McHale,5
Sammy Wilk,6
The Breath,4
Odd Squad Family,4
Swipey,6
Unique Salonga,7
"Sweetbox,Jamie Pineda",4
Jim Sturgess,5
Valley Maker,6
Paperboys,4
Turboweekend,4
Cledus T. Judd,4
Tom McRae,4
Little Jimmy Dickens,6
Minke,4
Stick and Poke,5
"Crazy Ex-Girlfriend Cast,Gabrielle Ruiz",4
Keith Washington,5
Robert Gafforelli,4
"Jay Critch,Rich The Kid",4
Ndot Jones,4
"Lord Lorenz,Baker Ya Maker",4
A$AP Mob,4
Oscar Peterson Trio,5
Tad,4
"Nicki Minaj,Lil Wayne",5
Audrey Assad,38
BALLY BOY,7
Bachman-Turner Overdrive,11
Betty Who,46
Buddy,18
Cody Jinks,67
Cory Wells,14
Cruel Youth,8
Danny Brown,79
Evil Ebenezer,4
Fame on Fire,23
Frank Wildhorn,7
Frankie Miller,4
Hodgy,10
Indiana Massara,5
Ivan B,48
Jasiah,20
John Farnham,12
Kae Tempest,40
King Woman,17
Lavender Country,7
Leroy Hutson,9
LooLoo Kids,6
Low Roar,52
MAMAMOO,31
Margaret Glaspy,17
Moddi,12
Nathan Evans,5
NerdOut,35
New Order,131
"NxWorries,Anderson .Paak,Knxwledge",27
OG Maco,24
Patty Gurdy,4
Paul Carrack,6
Pinback,36
Pity Sex,28
Poppy's Box,4
Ren,46
Serani,5
Silkk The Shocker,8
TeZATalks,10
The Dukes Of Stratosphear,5
The Faim,16
The Jam,114
Thelma Plum,50
Title Fight,50
Warren G,18
Worst Party Ever,22
Youngn Lipz,17
Bang Gang,5
Bearings,19
Why Don't We,58
A$AP ANT,14
Aaron Cole,21
Aero Chord,10
Alphaville,107
Athlete,6
BIGBABYGUCCI,20
BONES UK,10
Big Big Train,7
Birds in Row,17
Brandon & Leah,4
Bryson Tiller,109
Chip,42
"City Morgue,ZillaKami,SosMula",40
Cold Chisel,19
Dizzy,16
Don McLean,81
Drab Majesty,16
Déjà Vu,16
FINNEAS,33
Finger Eleven,14
From First To Last,26
George McCrae,4
Georgia Lines,9
Gerry Rafferty,12
Giraffage,6
Grace Davies,7
Hardcore Superstar,12
Hey Ocean!,8
INNA,70
Jadu Heart,17
Joeboy,16
Julie Byrne,16
Jungle,29
LA Priest,6
Lil Darkie,99
Lola Kirke,4
Love and Death,8
Mac DeMarco,95
"Massive Attack,Elizabeth Fraser",5
Mishon,4
Mother Falcon,9
Mr. Mister,8
MxPx,29
NERO,21
Night Beats,6
Noah Slee,5
Percy Sledge,14
"Pistol Annies,Miranda Lambert,Ashley Monroe,Angaleena Presley",19
Pixies,104
Preme,12
Quavo,11
Rapman,11
Rodney Crowell,12
Ryan Follese,5
Sam Roberts Band,8
"Scott Bradlee's Postmodern Jukebox,Haley Reinhart",6
Scott Helman,23
Seasick Steve,6
Shirley Caesar,13
Sofia Karlberg,16
Stealth,6
Stef Chura,5
Sun Kil Moon,92
Tacocat,21
Tanlines,6
The Beatnuts,16
The Jayhawks,13
The Lightning Seeds,10
The Orielles,6
The Psycho Realm,15
The Saints,8
The Underachievers,87
The Walters,16
Tion Wayne,16
Trade Wind,19
VELVETEARS,27
Vanessa Williams,69
Will Wood,12
Zsela,4
drumaq,5
Wang Chung,31
Adekunle Gold,20
Aaryan Shah,20
Alec Chambers,5
Amber,4
"Andrew Lloyd Webber,Gerard Butler,Emmy Rossum",4
Autre Ne Veut,7
Beach Bunny,32
Bear Vs. Shark,8
"Bethel Music,kalley",6
Big Bill Broonzy,9
Black Casino and the Ghost,4
Blind Willie Johnson,12
Carson Lueders,9
Creature Feature,31
Crooked Still,12
Crown The Empire,58
Daddex,9
DeJ Loaf,35
Dear Rouge,5
Dennis Marsh,30
Ethan Dufault,4
Fat Freddy's Drop,163
Fischerspooner,8
"Hillsong UNITED,Benjamin William Hastings",5
"Hillsong Worship,Reuben Morgan",20
Hiss Golden Messenger,35
J Boog,26
Jamila Woods,23
Kauf,4
"Kings of Convenience,Feist",4
Kite,4
Kora,670
Ladi6,49
Lighthouse Family,13
Matt Corman,4
"Mindi Dickstein,Jason Howland,'Little Women' Original Broadway Cast",17
Monuments,24
Naaz,12
Nathan Sykes,14
Nelly,47
New Radicals,12
Over the Rhine,19
Portishead,36
Rockabye Baby!,7
Samantha Jade,9
Sean Price,36
Stray Cats,9
THE DRIVER ERA,19
Taio Cruz,10
Taleban Dooda,9
Terry Linen,5
The Blow,6
The Fiery Furnaces,5
The Hatters,4
The Howard Morrison Quartet,5
The Lawrence Arms,64
The One Hundred,5
Trilla Kid,12
bbno$,31
dying in designer,8
BJ Putnam,12
PelleK,12
Seth Ennis,5
6 Dogs,50
Adina Howard,4
Apashe,9
ArrDee,13
Ayesha Erotica,118
Ayla Nereo,10
BOL4,5
BONES,442
Bad Meets Evil,18
Balance And Composure,42
Barry Manilow,28
Bloodhound Gang,56
Bob Marley & The Wailers,250
Bob Rivers & Twisted Radio,6
Boy In Space,13
CZARFACE,32
Capsize,18
"D-Block Europe,Young Adz",4
Dreezy,28
Garth Brooks,31
Gerard Way,18
I DONT KNOW HOW BUT THEY FOUND ME,26
Jim Brickman,4
"Johnny \"Guitar\" Watson",6
KeKe Wyatt,9
Kristian Kostov,5
Laura Tesoro,9
Lil Mexico,6
Low,63
Melanie C,12
Michael Gira,8
Mikha Angelo,7
MisterWives,33
Motorama,55
Palisades,30
Pooh Shiesty,17
Rick Wakeman,5
Robert Preston,6
Rockwell,4
Runtown,8
Ryan Leslie,28
Savannah Conley,4
"Sha Mula,Chase Benji,Giz Da Cheifa",11
Shirley Bassey,29
TLC,89
TOOL,63
Texas,16
The Cribs,34
The Osmonds,7
The Rural Alberta Advantage,22
The Unlikely Candidates,19
Twiddle,24
Two Door Cinema Club,58
Una Healy,4
Wolves In The Throne Room,9
iKON,6
APO Hiking Society,6
Angels Of Light,16
Anna Akana,10
Rayven Justice,6
Sleeping With Sirens,77
Walk off the Earth,40
Aaron Keyes,9
Alfons,5
Babbie Mason,12
Ben Harper,29
Carmouflage Rose,4
Charles Esten,4
"Chief Keef,YF Tadoe",7
Demotus,12
Dinah Jane,8
Dounia,47
ECHO REY,24
Enterprise Earth,40
GALXARA,5
Genitorturers,8
Goldie Lookin Chain,11
Guy Penrod,10
Her's,18
Hundredth,23
JJ,4
Joe,48
Judge Dread,6
Julia Jacklin,25
KC & The Sunshine Band,11
Kate Bollinger,11
Kut Klose,6
Lenny Kravitz,175
Leviathan,10
Lord Finesse,18
Loyle Carner,21
Mason Ramsey,13
Matt Terry,8
Melba Moore,6
Michelle Gurevich,41
Nadia Reid,18
Pepper,22
Peter Tosh,65
Skeletonwitch,10
Skillet,104
St. Beauty,8
Straylight Run,11
Superjoint,10
TK Kravitz,12
"The Belonging Co,Sarah Reeves",4
The Righteous Brothers,8
Timothy Brindle,13
Two Gallants,11
Wild Nothing,54
Within The Ruins,8
YoungBoy Never Broke Again,435
YungManny,24
!!!,16
Alexandra Stan,16
Alter Bridge,82
Anastacia,21
Aretha Franklin,128
Atlas Genius,15
Bebe Winans,7
Ben E. King,16
Ben Khan,8
Biz Markie,10
Blake Mills,18
CORPSE,8
CalledOut Music,4
Chad VanGaalen,16
Chris Malinchak,5
Christine and the Queens,21
Crumb,25
Dave Bixby,5
Faydee,9
GSoul,10
Gloryhammer,27
J. Cole,160
JPEGMAFIA,98
Jaden,95
Jae Millz,15
Jane Monheit,4
Jasmine Cephas-Jones,4
Jay Rock,32
Jeromes Dream,7
Jesse Stewart,12
Jimmy LaFave,4
Jose Mari Chan,30
Josh Abbott Band,18
Kaylee Rose,4
Kid Cudi,129
Kids These Days,4
Kirk Franklin,113
Kool & The Gang,37
Machine Head,79
MarMar Oso,15
Marble Sounds,6
"Mel Brooks,Various Artists,Patrick S. Brady",12
Mixed Matches,13
My Life With The Thrill Kill Kult,8
Nerina Pallot,5
OHGEESY,9
Ocean Colour Scene,99
Papa Roach,108
Ramones,261
Rednex,6
Rico Love,12
Salt-N-Pepa,34
Sidewalk Prophets,12
Stephen Sondheim,41
Strong Bad,4
Tall Heights,10
The Dandy Warhols,34
The Longest Johns,55
The Poxy Boggards,10
The Reign of Kindo,24
The Used,129
Thomas Azier,18
Thomas Dolby,22
Tyler Cole,7
William Control,15
binki,8
Addison Grace,6
New Edition,67
Pee Wee Gaskins,16
Bandokay,4
Ama Lou,17
Atlus,5
Atmosphere,36
Bandingo YGNE,6
Bashy,7
Before You Exit,17
Beyond Unbroken,5
Boston Manor,46
Brian Wilson,17
Buck Meek,4
Burgerkill,9
CalenRaps,49
"Christone \"Kingfish\" Ingram",7
Ciaran Lavery,10
Connan Mockasin,19
Conor Maynard,35
"Crazy Ex-Girlfriend Cast,Rachel Bloom",35
Dar Williams,13
Dead And Divine,4
Death Cab for Cutie,128
Don Vedda,6
Durand Bernarr,13
Ehrling,5
Emilie Autumn,36
Ginuwine,36
"Glogang Sosa,Chief Keef",5
Icon For Hire,52
Jerome Price,10
Jimmy Eat World,108
Kalan.FrFr,24
Kandace Springs,9
Kim Gordon,9
"Linda Morrison,Sean Dagher,Nelson Carter,Patrick Graham,David Gossage,Assassin's Creed",4
Love and Theft,6
Matthew Perryman Jones,15
Miley Cyrus,230
Movements,34
Noah Guthrie,4
Noah Mac,7
Otep,42
POP ETC,10
Pat Barrett,15
R.A. The Rugged Man,36
"Rv,Headie One",5
S. Carey,23
Savannah Cristina,7
Sean Rowe,20
Shadow of Intent,35
"Sia,Diplo,Labrinth,LSD",8
Sports,22
Sugababes,28
Sybreed,16
The Aquabats!,21
The Canton Spirituals,9
The Gits,13
The High Kings,45
The Radiators,5
The Staple Singers,16
The Waitresses,8
"Three 6 Mafia,\"Mista Dj Paul,Juicy \"Low Down\" J,Gangsta Boo",5
Touchline,12
Trevor Jackson,43
Vinnie Paz,48
WATERS,9
Waldeck,8
Webbie,18
Zack Tabudlo,4
gizmo,48
Asake,4
Jutes,32
AUGUST 08,8
Against All Logic,9
Alela Diane,17
Autumn Kings,5
BERNA,9
Baby Keem,35
Baker Ya Maker,34
Basia Bulat,14
Bayonne,5
Blackout Problems,4
Blues Pills,11
British India,6
"Buddy Holly,The Crickets",7
Chris Lanzon,5
Deal Casino,8
Erigga,4
Everyone You Know,9
Fatherson,12
Future Of Forestry,9
Gallant,38
JasonMartin,9
Jillian Jacqueline,10
Jules LeBlanc,12
K. Michelle,63
Kid Frost,4
Marmalade,4
Meghan Trainor,85
MØ,21
Napalm Death,49
Niko,4
Ollie Joseph,12
Parkway Drive,75
Pomme,4
Porter Wagoner,8
Puppet,11
Rainbow Kitten Surprise,39
Ran the Man,8
Reekado Banks,15
Right Said Fred,7
Roosevelt,32
Seeed,11
Taj Mahal,20
The Carters,15
The Family Crest,15
The Hives,27
The Supremes,21
Timeflies,51
Tom Morello: the Nightwatchman,8
Transit,17
Tyler Rich,10
US5,5
Vera Lynn,23
X CLAN feat. Brother J,5
You Am I,46
Young Smokes,7
"Zero 7,Mozez",5
Abe Parker,8
3 Doors Down,57
A Lot Like Birds,31
Anthony Hamilton,47
Ashton Irwin,13
Asking Alexandria,89
"Axwell /\\ Ingrosso,Axwell,Sebastian Ingrosso",4
Baader-Meinhof,4
"Brain,Lil Dicky",4
Buckethead,7
Burning Spear,33
City Girls,39
Creed,45
Crystal Lewis,19
D. Savage,30
Dio,62
Dirty Loops,14
Drax Project,405
FLETCHER,41
Father,42
Florist,33
Francesca Battistelli,25
Gunship,20
H-Blockx,4
Heltah Skeltah,33
Hurray For The Riff Raff,29
I Hate Myself,13
I Hate Myself Because,6
Jamie Grace,23
Joshua Radin,25
KLANG,4
Kat Cunning,9
Killstation,62
Krizz Kaliko,47
Laleh,10
Leftfield,8
Lena,12
Lord Apex,8
Metric,72
No Resolve,12
Norma Tanega,8
Nova Charisma,5
One Direction,151
Outline In Color,28
Poets of the Fall,66
Quicksand,19
Rascal Flatts,139
Rilo Kiley,49
Rita Wilson,4
Royal Republic,37
Russ Taff,6
Ryan McMullan,10
SOPHIE,23
Sam Wise,9
Scarlett Johansson,8
Smg4,4
Stephen Day,13
Sweet Little Band,6
TOTO,145
Testament,54
The Amity Affliction,97
The Angels,8
The Babys,5
The Blinders,8
The Collection,20
The Contours,4
The Miracles,7
Tigers in the Sky,7
Wilco,130
Yung Bleu,81
Yung Pinch,93
Zeph,4
ghostofblu,7
77 Bombay Street,4
Aidan Bissett,4
Alex Cameron,31
10k.Caash,4
"Adventure Time,Jeremy Shada",5
Carissa's Wierd,27
Celly Cel,4
Dave Thomas Junior,7
Doe B,25
ELIO,7
Elliphant,17
Fountains Of Wayne,24
Foxes,44
Great Grandpa,12
Haddaway,6
Hawk Nelson,17
Holly Starr,5
Hue and Cry,8
IAN SWEET,9
InVisions,12
J-Dawg,5
Joesef,11
Julia Stone,10
Katelyn Tarver,21
Know Good,9
Lara Whitehead,4
Leikeli47,36
Leyya,7
Lido,24
Marianas Trench,66
Martha Reeves & The Vandellas,9
Michael Johnson,6
Midnite,5
Nappy Roots,10
Nicole Millar,6
Prince,461
Prince El,7
Royal Coda,14
Sammy Hagar,9
Shatta Wale,27
Sons Of Texas,10
Susheela Raman,4
Swirlies,13
Tha Dogg Pound,21
The Black Sorrows,4
The White Buffalo,47
Tony Yayo,11
Troy Ave,52
Zola Blood,9
Berlin,5
Tamera,4
9th Wonder,10
Adrianne Lenker,11
Anggun,8
Any Other,8
Asher Roth,28
Backyard Babies,9
Bikini Kill,49
Christoph El Truento,37
Chynna,12
Clara Benin,13
Corrosion Of Conformity,17
DESTIN CONRAD,4
Denyque,4
Derez De’Shon,37
Empress Of,34
Escape the Fate,82
Field Mob,10
Flatfoot 56,4
Freedom Fry,9
Freestyle,23
GG Allin,37
Glenn Jones,7
Hale,8
Happyness,6
Herb Alpert & The Tijuana Brass,7
I Monster,18
Iamsu!,41
Istasha,15
Janis Joplin,69
Joe Dassin,4
Josh Gad,5
Karate,4
Killumantii,10
Kllo,27
Knox Hamilton,11
M.I. Abaga,11
MAGIC!,26
"Max Oazo,Camishe",4
Mimi Webb,12
Miraa May,16
Molly Kate Kestner,10
Mose Allison,5
"New Road, Black Country",13
Pallbearer,18
Rendezvous At Two,8
Rhapsody Of Fire,18
Roden,4
Shotgun Rider,13
Skinny Living,12
Skooly,39
Slim Dusty,15
Spector,25
Star Fucking Hipsters,12
Take That,55
The High Curbs,5
The Oh Hellos,43
UFO,95
Vangelis,15
Wild Ones,9
Winger,4
Wyvern Lingo,5
Yumi Zouma,37
"A-Reece,Wordz",4
Alice Smith,11
The Corrs,34
Astrud Gilberto,13
Autolux,10
COIN,58
Cody Simpson,46
Cooliecut,11
Cunninlynguists,68
Cyndi Lauper,174
Das EFX,36
Dave,44
Declan McKenna,31
Electric Six,25
Ella Henderson,23
Etta Bond,14
Ferdinand fka Left Boy,33
Haley Reinhart,21
Horrendous,4
JJ Hairston,5
Jack Vallier,6
Jimi Hendrix,210
Jonathan Young,10
Kehlani,56
Kris Kross,19
Lords Of Acid,12
Lyre Le Temps,4
Maino,16
Miso,9
Morabeza Tobacco,4
Nirvana,171
Ouse,10
P.M. Dawn,6
Palehound,21
"Paul Heaton,Jacqui Abbott",30
Poe,14
Public Library Commute,5
R. Kelly,215
Silent Screams,4
Skillibeng,15
Sleep Token,38
Smash Into Pieces,30
Social Club Misfits,32
Super American,7
Tai Verdes,10
The Infamous Stringdusters,11
The Raincoats,17
Vance Joy,36
White Denim,12
Wildways,20
Wizkid,36
Yameii Online,20
生 Conform 死,14
Aaron May,17
Ameritz Audio Karaoke,5
Bastian Baker,5
Blowfly,5
Lauren Alaina,16
Perfume Genius,62
99 Percent,4
Aesthetic Perfection,14
Alkaloid,9
Allday,45
Aloe Blacc,43
BROODS,39
BabyJake,6
Cat Clyde,5
Celeste,25
Chris McClarney,10
CoachDaGhost,6
Country Dons,8
DeVotchKa,26
Dinosaur Pile-Up,16
Eli Young Band,19
GameTunes,9
Gretchen Wilson,8
Gustavo Pozo F,8
Hundred Waters,21
James Wilson,11
Jerry Jeff Walker,34
"Jimmy \"Bo\" Horne",6
Joe Walsh,21
John Givez,13
Jordan Fisher,12
Lisa Cimorelli,5
Londrelle,29
Matilda Mann,12
Melanie,20
Muzz,12
Now And On Earth,8
OR3O,11
Our Last Night,97
Paul Thorn,10
Puppy,5
Robin Bengtsson,10
ShaqIsDope,14
Simon & Garfunkel,6
"Sr., Bishop Paul S. Morton",17
Sunrise Skater Kids,8
The Hit Co.,4
The Saxophones,8
The Symposium,23
U-Roy,5
Warlord Colossus,6
Wild Beasts,35
Wiz Khalifa,185
"Young Scooter,Future",7
Zack Knight,8
Bea Miller,7
Mount Eerie,62
Rexx Life Raj,51
The Big Hash,17
Alex G,77
Bluejuice,5
Bratmobile,27
Burton Cummings,7
Cardi B,28
Change,8
Chris Cornell,71
Chronic Law,28
Chuuwee,14
DD Smash,6
David Grace,13
Death,83
Demarco,22
Diesel,5
"Dirty South,ANIMA!",4
Domo Genesis,16
Fernando Ortega,25
Gus Dapperton,35
Halestorm,70
Hap Palmer,9
Haywyre,11
How It Should Have Ended,5
I The Mighty,40
Iced Earth,44
Jets To Brazil,21
John Cale,31
Key Glock,127
Kierra Sheard,13
Kojey Radical,14
Lais,14
Laurie Anderson,50
Lexy Panterra,4
Loving Caliber,19
Ludacris,61
Lydell Lucky,6
MDC,16
Mathis,6
Max B,33
Morgan Wade,10
Mr Eazi,10
Ms. Lauryn Hill,70
Mykki Blanco,17
Nailbomb,6
Noah Floersch,5
Pompeya,4
SadGirl,11
Solange,57
Steffany Gretzinger,25
Steps,31
Stoney LaRue,12
Sébastien Tellier,6
Ted Nugent,22
Tesla Boy,5
The Avett Brothers,120
The Communards,5
The Early November,17
Them Crooked Vultures,15
Tim Hawkins,11
Whxami,15
Zane Williams,6
empire! empire! (i was a lonely estate),20
100 gecs,6
Alice Russell,4
Antoine Bradford,12
Beatenberg,8
22Gz,32
88GLAM,47
"Alkaline,Anju Blaxx",4
Anderson East,20
Area 11,20
Ashbury Heights,12
BRIDGE,10
Blue Hawaii,6
Blueprint,6
Brad Sucks,12
Broadside,26
Caleb Arredondo,9
Casual Healing,9
Chiddy Bang,18
Cosmo Pyke,11
Craig Finn,22
Dan Talevski,5
Derivakat,25
Desire,9
Dexta Daps,23
Dishwalla,12
Don't Hug Me I'm Scared,4
Ester Dean,7
Fat Boys,9
Fenech-Soler,5
Fivefold,5
GJan,6
Hard-Fi,11
Hey Violet,28
Iggy Pop,180
Inspiral Carpets,7
Jake Hope,15
Johnny Marr,13
Kaysha,4
Kelvyn Colt,20
Laura Marling,85
Living Legends,19
Lyfe Jennings,34
MO3,30
Mabel,37
Meshuggah,75
Mike Perry,5
Miles Carter,9
Nafe Smallz,25
Nerf Herder,4
"North Point Worship,Heath Balltzglier",4
Old Crow Medicine Show,33
Pegboard Nerds,17
Portland,4
President T,8
Pretty Ricky,39
Razegod,6
Riley Pearce,6
Rooga,5
SAKIMA,17
Skrapz,18
"Steven Universe,Zach Callison",9
Terry Callier,14
The Aces,33
The Quireboys,6
Tinashe,130
Tom Odell,54
Tracy Lawrence,13
Trevor Something,31
Type O Negative,76
"Worship Central,Ben Cantelon",5
XYLØ,22
Zac Brown Band,76
khai dreams,29
A. Savage,9
Amazing Rhythm Aces,4
Arion,4
Azizi Gibson,110
"BRONSON,ODESZA,Golden Features",4
Billy Dean,6
Bizzle,24
Blue Öyster Cult,23
Bounty Killer,20
Bugzy Malone,55
Byron Cage,9
Dope,23
Dropkick Murphys,75
Eearz,6
"Episode One,NBA Stupid A$s",4
Frank Iero,21
Gazelle Twin,8
Gyptian,22
Horse The Band,15
Ivy Sole,20
J-Live,11
"Jay Dee,J Dilla",9
Kenny Wayne Shepherd,7
LeVeon Bell,4
Leela James,15
Lil Mariko,4
Lucille Bogan,9
MAKAVELIGODD,5
Mic Righteous,28
Mike G,14
Mudcrutch,16
Neek Bucks,6
No Doubt,59
Oceans Divide,5
Peppa Pig,19
Peso Da Mafia,4
Punch Brothers,30
Russian Village Boys,11
Sincere Engineer,10
Sosamann,9
Storm The Sky,8
Sydney Yungins,7
Toxic Holocaust,7
VERIDIA,5
Warhol.SS,31
Watsky,63
YG Marley,15
Baby Mane,8
Niko Walters,4
"2Pac,Outlawz",11
"67,Dimzy,LD,Monkey,Liquez,ASAP",5
Algernon Cadwallader,18
Amaarae,11
Audioslave,42
Baby Soulja,6
Black Sabbath,295
Blitz,8
Brandon Lay,4
C & C Music Factory,4
CKY,24
Cartel,10
Chat Pile,9
Chevy Woods,18
Cosmo's Midnight,7
Ella Vos,13
FELIVAND,6
Frawley,6
Freddie Aguilar,14
Ghost,51
HOLYCHILD,18
Half Man Half Biscuit,16
James Hersey,9
Joey Albert,6
Joseph Vincent,6
Josiah and the Bonnevilles,8
Kingdom Of Giants,19
Kizz Daniel,21
Klaus Badelt,10
Leaf Dog,11
Lil Double 0,9
Lil Wayne,298
MBNel,36
Mack Wilds,16
Magic City Hippies,12
Mark Whalen,4
Modern Life Is War,13
Phantastic Ferniture,5
Ralph,15
Raz Simone,14
Sal Houdini,42
Small Forward,6
Syd Barrett,30
TOPS,36
The Impressions,17
Tommy Newport,12
Ultramagnetic MC's,34
Volbeat,100
Waiian,13
Wanda Jackson,138
Wilbur Soot,33
YEAR OF THE OX,9
Zola Jesus,26
conscience,5
rei brown,24
"4*TOWN (From Disney and Pixar’s Turning Red),Jordan Fisher,Finneas O'Connell,Topher Ngo,Grayson Villanueva,Josh Levi",4
Allman Brown,12
BIBI,5
The Blood Brothers,18
Widespread Panic,111
'Come From Away' Company,4
ARCHIS,6
Anberlin,48
Austin Awake,4
B2K,14
Baby Rose,13
Bazanji,42
Blue October,101
Bon Jovi,237
Bonnie Prince Billy,24
Boysetsfire,7
Carpark North,6
Charlene Nash,4
Daniel Romano,6
Deborah Cox,16
Digital Daggers,16
"Empire Cast,Serayah,Yazz",4
Eric Bibb,5
Fantasia,29
Grapetooth,5
H.E.A.T,8
Heartless Bastards,14
Hello Saferide,10
Indecent Obsession,4
Journey,162
KirbLaGoop,5
LFO,4
Lacey Sturm,16
Man Man,31
Michael Franks,43
Nekrogoblikon,27
Neoni,19
Private Island,12
Quadron,9
Ray Wylie Hubbard,19
Sister Hazel,4
Spandau Ballet,51
State of Mine,4
Tayla Parx,18
Teen Suicide,73
The Armed,21
The Four Lads,5
The Long Winters,7
Tink,118
War,20
Westside Connection,28
halfnoise,16
Assuming We Survive,10
Stan Walker,255
2Baba,11
3TEETH,25
After 7,17
Alec Benjamin,87
Andy Shauf,42
Bloods,7
Ca$h Out,11
Cazwell,4
Chris Echols,4
Circle Takes the Square,9
City Lights,7
CocoRosie,35
Copeland,43
Engelbert Humperdinck,143
Esoterik,6
Ezra Furman,80
Five Finger Death Punch,121
Fun Factory,4
GOT7,32
George Taylor,5
Gojira,77
Haley Blais,15
Hayley Kiyoko,34
Hillary Scott & The Scott Family,13
Hop Along,29
Isak Danielson,41
Jae Lynx,4
"Jesus Culture,Melissa How",5
Junior Kimbrough,8
Kelly Price,16
Kid Buu,7
Knucks,21
Labyrinth Ear,5
Lifelover,5
Lil Gnar,15
MadeinTYO,50
Me Like Bees,4
Mighty Sparrow,7
Miya Folick,21
NateWantsToBattle,99
Ok Goodnight,8
RAT BOY,26
RBL Posse,10
Ray J,7
Real Friends,56
Ric Segreto,5
Stephen Sharer,7
Stereolab,41
Stompin' Tom Connors,9
Trapx10,4
VICTORS,5
Ylvis,19
cupcakKe,102
why mona,7
Lola Coca,4
Michael Barr,9
$ilkMoney,21
"2Baba,VIP",7
Aborted,8
Alison Krauss & Union Station,73
Anonymuz,38
Arcadia,5
Ashanti,48
Ashnikko,29
Azad,5
B.J. Thomas,10
Bella Shmurda,8
Benny The Butcher,31
Black Sea Dahu,4
Brandi Carlile,67
Cain's Offering,15
Cyan Kicks,6
Datarock,5
Dax,50
Divide Music,40
Drake Bell,26
Echos,20
Edward Sharpe & The Magnetic Zeros,38
Emika,9
Ethel Waters,5
Eugene McDaniels,5
Faber Drive,5
Faithless,16
Fewjar,7
Frank Zappa,185
Frankenstein World Premiere Cast,6
HYUKOH,19
Hiatus Kaiyote,24
Iron Bell Music,13
Jack Garratt,29
Jason Mraz,159
Jekalyn Carr,17
K$upreme,10
Lil Weirdo,9
Lucie Silvas,6
"Marianne Faithfull,PJ Harvey",4
Mk.gee,17
Petal,13
Problem,5
SHAHMEN,41
Saint Vitus,4
Sam Tompkins,9
Skid Row,23
Sodom,30
SpaceGhostPurrp,56
Spongebob Squarepants,20
Squeeks,4
The Dead South,33
The Divine Comedy,55
The Oak Ridge Boys,54
Tones On Tail,4
Typhoon,8
William Murphy,24
XanMan,61
Xana,4
diveliner,15
grandson,36
Lifetime,4
The Frights,41
Walter Mitty and His Makeshift Orchestra,13
$kinny,16
Andy Allo,4
Ayreon,79
Ben Caplan,12
Blxst,18
Bohnes,17
Bush,47
Charlotte Sands,8
Ching,10
Crazy Ex-Girlfriend Cast,10
Deetranada,11
Desperation Band,13
Donna Summer,195
Duane Stephenson,10
"Fetty Wap,Monty",15
Flipper,11
For the Likes of You,4
Gangsta Boo,11
Heatwave,11
JNR WILLIAMS,4
Jacob Sartorius,26
Jeremy Zucker,42
Kara Marni,10
Karen Elson,10
Keke Palmer,17
Khalid,54
Lambchop,21
Lil Dicky,27
Lil Xan,53
Mansionair,11
Massari,7
Mastersystem,8
Mipso,13
Missy Elliott,53
Mr. Shadow,6
Panic! At The Disco,118
Paul Davis,5
Peter Gabriel,123
"Prince,3RDEYEGIRL",7
Roberta Flack,33
Rosie Carney,7
Sampa the Great,15
Seether,101
Shad,22
Siiickbrain,5
Sons Of The East,12
The Be Good Tanyas,10
The Black Dahlia Murder,71
The Felice Brothers,31
The Last Shadow Puppets,18
The Protomen,25
The Wild Feathers,9
The Wind and The Wave,16
Toni Gonzaga,12
Travis Scott,87
Ugly Heroes,20
Unknown Mortal Orchestra,50
Unto Others,16
Valley,30
Xzibit,74
Yuna,40
benches,9
keshi,15
Blood For Blood,12
Average Rap Band,10
Bad Brains,45
Beatrich,7
Big D and the Kids Table,10
Black Foxxes,8
Blossom Caldarone,6
Camellia,10
Charlotte OC,16
Chaze Sharp,5
Cody Carnes,12
Common Kings,30
Dawn Richard,30
Dead Boys,12
Dionne Warwick,31
Elenowen,4
Elvis Costello & The Attractions,107
Ghost Atlas,24
Grey Daze,16
Group Home,11
"Hillsong Worship,Integrity's Hosanna! Music,Darlene Zschech",17
In Her Own Words,20
J Nanks,8
J. Holiday,10
"Jaylib,Madlib,J Dilla",12
Joe Hawley,4
John Michael Talbot,7
Joshua Bassett,15
Killarmy,19
Kraftwerk,14
Masta Ace,19
Megan Thee Stallion,75
Melanie Fiona,15
Mo Lowda & the Humble,4
Orchestral Manoeuvres In The Dark,98
POORSTACY,33
Public Image Ltd.,45
Randy Houser,7
Redneck Souljers,5
Riley Clemmons,19
River Valley Worship,27
Sara Watkins,13
Say Sue Me,5
Secret Weapons,4
SeeYouSpaceCowboy...,19
Sisters of Mercy,49
Sivu,4
Ski Mask The Slump God,124
Slauson Malone 1,15
The Click Five,8
The Karaoke Studio,5
The Strypes,4
Tiara Thomas,20
Transviolet,18
Wallice,4
Watain,23
choicevaughan,10
Bill Evans Trio,4
Orden Ogan,22
10cc,29
Alex Ebert,8
Amazing Karaoke,7
Andrew McMahon in the Wilderness,30
Ariel Pink,80
Attic Abasement,10
Austin Weber,6
Bad Omens,40
Betty Wright,12
Buffy Sainte-Marie,23
Casting Crowns,59
Chris Montez,4
Christopher,25
Cobra Starship,24
Colbie Caillat,44
Courtney Love,12
Dan Reeder,12
David Phelps,8
Dead Posey,5
Death In June,67
Dina Carroll,5
Flight Facilities,5
Freddie Scott,5
Houndmouth,25
Isaac Waddington,4
Jam Baxter,29
James Brown & The Famous Flames,22
James Smith,8
John Grant,44
John Mayer,136
Jordan Rakei,42
Justin Starling,5
K Suave,11
Kataklysm,10
Kelly Finnigan,6
Lankum,5
Lav,6
Lee DeWyze,8
Lil Raven,5
"Lil Wayne,2 Chainz",5
"Lizard Boy Original Cast,Justin Huertas,Kirsten Delohr Helland,William A. Williams",10
Marshmello,19
MaxThaDemon,10
Mitski,64
Nick Lowe,20
Peggy Gou,4
Pitbull,32
"Royce Da 5'9\",Kid Vishis",5
"Sango,Xavier Omär",4
Sarah Vaughan,44
Siouxsie and the Banshees,89
Snow Tha Product,56
Stan Bush,4
"Tech N9ne,Krizz Kaliko",28
Texako,6
The Acid,7
The Dear Hunter,119
The Middle East,11
The Rare Occasions,11
The Rubettes,5
The Waifs,6
The Wytches,13
Thieves Like Us,10
Tony Orlando & Dawn,11
UPSAHL,28
VASSY,4
Vintage Trouble,13
We The Kingdom,13
Witchfinder General,8
dave rodgers,6
iwrestledabearonce,10
the bird and the bee,25
(G)I-DLE,22
11:11,17
3 Dope Brothas,6
Aaron Lee Tasjan,8
Barbie,33
Beat Happening,20
Black Grape,8
Blacktop Mojo,8
Bnny Rbbt,4
Bright Eyes,137
Captain Beefheart,6
Delbert McClinton,5
Djo,12
EMA,9
Ekolu,9
Eleanor Friedberger,5
Flipsyde,6
Gavin James,27
"Gaza Slim,Vybz Kartel",4
"Glee Cast,Darren Criss",9
Graham Coxon,26
Hyper Crush,4
"Ivory, Dream",6
James Blake,75
Jessica Pratt,25
Joey Trap,28
Kathy Mattea,12
Kelly Clarkson,213
Kreator,37
LEISURE,25
Larry Williams,4
Last Dinosaurs,36
Little Walter,20
Luca Turilli (Band),5
Marc Goone,15
Mariah Carey,262
Mr. Probz,13
My Dying Bride,33
Odyssey,7
Patty Griffin,16
Polar Bear Club,6
Project Pat,50
R.A.P. Ferreira,18
Ramsey,9
Ray Stevens,22
Red Shahan,9
Robert Johnson,32
Roscoe Dash,4
Ryan Bingham,20
Röyksopp,24
Sergey Lazarev,6
Sharon Needles,17
StaySolidRocky,8
Super Whatevr,14
Syd,15
Tedashii,22
"The Highwaymen,Willie Nelson,Johnny Cash,Waylon Jennings,Kris Kristofferson",26
The Smashing Pumpkins,222
Tom Paxton,13
Tony! Toni! Toné!,19
UnoTheActivist,91
Vitamin String Quartet,15
Wu-Tang Clan,50
rum.gold,15
2FeetBino,4
Aversions Crown,20
Bellowhead,6
Thomston,29
Adamn Killa,5
Amanda Fagan,8
3rd Bass,12
8 Graves,16
Alina Baraz,30
April + VISTA,4
Ariana Grande,115
Atari Teenage Riot,8
Ben Folds,42
Benjamin Gibbard,11
Billie Eilish,91
Billy Lockett,15
C-Bo,6
CASTLEBEAT,17
Cam,20
Ceres,14
Charlie Cunningham,17
Clem Snide,8
Colicchie,5
Conquer Divide,12
Dads,13
"Damian Marley,Stephen Marley",4
Dermot Kennedy,34
Dope D.O.D.,38
"ELIOZIE,Getter",5
EST Gee,45
Empara Mi,7
Flunk,6
Gram Parsons,13
HAERTS,11
HARDY,19
Hinds,31
HoodRich Pablo Juan,117
"ILL BILL,Vinnie Paz",14
Ima Robot,4
Immortal,20
Immortal Technique,46
Jake Xerxes Fussell,4
Jurassic 5,37
Koe Wetzel,41
Kranium,19
LaShun Pace,6
Lil Reese,36
Mark Lanegan,48
Masego,51
Massive Attack,43
"Mount Eerie,Julie Doiron",7
Nekane Silver,4
Nicotine,6
Opeth,128
Patti LaBelle,30
RIMON,8
"Racket County,Hard Target,The Lacs",5
Raizer,10
Re:um,15
Shordie Shordie,47
"Sisyphus,Serengeti,Son Lux,Sufjan Stevens",11
Sports Team,16
Take 6,18
Tamar Braxton,41
The 88,6
The Frightnrs,10
The Left Rights,7
The Persuasions,4
The Preatures,9
Woah Vicky,6
Yxung Lord,4
BFM Hits,10
Ken Carson,34
"10,000 Maniacs",26
9lokknine,44
ASBC,9
Alex Lahey,23
Avantdale Bowling Club,108
Beth Orton,4
Black Sheep,17
Blood Red Shoes,11
Brandyn Burnette,14
Brian Nhira,9
Buckingham Nicks,5
C.C. Catch,9
Cherry Pools,6
Daddy Issues,16
Deb Never,12
DempseyRollBoy,17
E-Dubble,38
Erisu,4
Erykah Badu,81
Face To Face,89
Hala,8
Hoagy Carmichael,10
Hotel Apache,8
Jamie Lawson,18
Jean Grae,16
Jellyfish,14
Kiltro,5
Ludic,5
Lupe Fiasco,112
Mary Wells,5
Morgan Wallen,60
Paul Shapera,4
Real Estate,36
Roc Marciano,79
Saphir,5
Sky Sailing,10
Sleep On It,20
St. Lucia,25
TYSM,4
Tanukichan,9
The Amazons,24
The Janoskians,6
The National,123
The Offspring,186
The Real McKenzies,25
The Shivers,6
Tim Halperin,7
Titus Andronicus,46
TrinityRoots,9
Vinyl Theatre,22
Windhand,17
YNG Martyr,12
Yxng Bane,21
beabadoobee,74
✦ pink cig ✦,12
Augustana,8
Blacklite District,13
Adam Green,14
Adult Jazz,11
All Them Witches,41
Ashlee Simpson,14
Bahamas,44
Bedroom,10
Bhozy,5
Billy Paul,12
Blue's Clues & You,4
Bou,8
Boys Night Out,14
Brandon Deshon,4
Broken Back,6
Bug Hunter,10
Chester See,8
Covey,13
Current 93,45
Dirty Dike,22
Ecco2k,18
"Empire Cast,Jussie Smollett,Yazz",11
FXXXXY,4
Fergie,24
Filter,21
Gift Of Gab,9
Great Gable,7
In This Moment,69
Jacob Whitesides,20
Jamie Foxx,30
Jeremy Shada,7
Josh Ritter,53
Josh Tatofi,12
Kate Bush,196
Keb' Mo',33
King Von,68
LOUDNESS,11
La Luz,14
Lil 2z,27
Louden Swain,8
Luke,5
Mads Langer,17
Mel Parsons,8
Michael Learns To Rock,32
Miquela,7
Nitzer Ebb,11
ORKID,12
Palace Music,11
Pale Honey,5
Party Pupils,4
Patsy Cline,64
Payroll Giovanni,19
Potluck,6
"Quin Nfn,Lil 2z",4
REDZED,45
Russ Millions,16
SALES,11
Samaria,7
Sofia Mills,4
"Stonebank,EMEL",7
Swollen Members,10
Ten Fé,8
The Cab,27
The Kingston Trio,33
The Number Twelve Looks Like You,12
The Qemists,7
Us The Duo,34
Vanessa Hudgens,13
Vershon,8
White Ring,5
ZHU,40
Bad Books,11
Oliver Tree,48
Artificial Language,4
BENEE,39
"Bad Cop, Bad Cop",11
Bailey Baum,4
Billie Holiday,177
Billy Porter,6
Blake McGrath,7
Cam'ron,70
Cassadee Pope,17
Citizen Queen,4
Colin Buchanan,27
Corinne Bailey Rae,41
Danny Seth,7
Dave B.,19
Demun Jones,6
Diabolic,22
Dotan,17
Envy On The Coast,23
Funkadelic,67
Great Caesar,4
Harry Chapin,17
"Hillsong UNITED,TAYA",13
ITSOKTOCRY,18
Jah Cure,31
KMFDM,69
Keane,84
Kevin Ross,7
Klergy,8
Leroy Sanchez,19
Lightshow,18
Lil Dude,7
Love,22
Mack 10,13
Maybeshewill,4
Mclusky,16
Naked Giants,7
Nerve,5
Pedro The Lion,49
Rhapsody,32
Rhys Lewis,25
Robyn Ottolini,7
"Ron Kenoly,Integrity's Hosanna! Music",43
Shai,12
Shaka Ponk,14
Sharptooth,12
Sick Of It All,11
Sky McCreery,8
Tabby,12
Tahuna Breaks,25
The Haunted,10
The Raconteurs,36
Tim Atlas,7
Toots & The Maytals,34
Trapboy Freddy,10
Victor Internet,11
Weeping Willows,7
Wil Wagner,6
dDub,5
R.LUM.R,15
Shilpa Ray,8
The Trews,4
All Get Out,20
Andrew Lloyd Webber,34
Anthony Russo,19
Apoptygma Berzerk,8
B. P. Valenzuela,5
Brand Nubian,36
COUNTERFEIT.,9
Chaz French,7
Christopher Williams,7
Crywank,83
"DJ Whoo Kid, 50 Cent",15
David Crowder Band,23
Deji,6
Ghostemane,137
Ian Dury,12
Ian Shaw,5
Intervals,8
Ivan Malik,9
Jackie Lee,4
Jameson Rodgers,7
Joey Purp,13
Josh A,126
Jule Vera,7
KING SOL,4
Keller Williams,4
Kurt Travis,19
LOS LEO,7
Like Moths To Flames,57
Little Simz,60
Macy Gray,29
Mannequin Pussy,27
Mike + The Mechanics,9
Mild High Club,16
Montell Jordan,11
Mr. Muthafuckin' eXquire,5
Mree,21
"Neil Young,Promise of the Real",11
Orla Gartland,25
Robert Wyatt,22
Ruelle,42
Sick Animation,8
T. Rex,63
The Thermals,10
The Tubes,6
The World Is A Beautiful Place & I Am No Longer Afraid To Die,37
Whitney,26
mansionz,5
Aaron Freeman,4
Ansel Elgort,6
The Black Seeds,96
Abbath,5
Ages and Ages,5
Alisa Turner,7
Athletics,4
Atoms For Peace,11
Bmike,21
Bob Rivers,48
Bobby Goldsboro,7
Brad Knauber,5
CHANYEOL,5
CRUISR,8
Cary Brothers,4
Cokie the Clown,10
Elvis Costello,112
Eric Clapton,201
Harmless,10
Israel Kamakawiwo'ole,22
JAWNY,14
JGreen,15
JT Roach,4
Jenevieve,7
Jennifer Lopez,104
Lionel Richie,121
Mondo Cozmo,8
Mother Goose Club,64
New Direction,7
"Non Phixion,ILL BILL,Lord Goat,Necro",6
Pete Townshend,18
Premo Rice,8
Ramengvrl,6
Rebelution,56
Redman,86
Reverend And The Makers,13
Ryan Ellis,9
Saint Motel,48
Sean Paul,47
Shane Harper,8
Shawn Mendes,116
Shaylen,7
Spinabenz,5
Sullii,11
The Afghan Whigs,28
The Radio Dept.,54
Thom Yorke,43
Toni Childs,7
Uboa,7
mimi bay,8
Ameritz Karaoke Entertainment,9
Any Trouble,4
Black Crown Initiate,11
'68,20
Able Heart,6
Against The Current,34
Alvin Lee,7
Arrested Youth,15
Astrus*,5
Autumn!,64
BERWYN,13
BarlowGirl,4
Benny Hinn,6
"Bethel Music,Jenn Johnson",23
Billy Marchiafava,27
Blanco,8
CHVSE,29
Capone-N-Noreaga,13
Carla Bruni,6
Cheryl,13
"Chief Keef,Zaytoven",12
Columbus,7
D12,77
Darke Complex,16
David Correy,13
Dimmu Borgir,30
Dinah Washington,20
Dreamshade,8
Fenix Flexin,8
Free Cake For Every Creature,5
Gareth Liddiard,5
GodFamilyHustle,4
Great Lake Swimmers,5
Hockey Dad,32
Inayah,16
Iniquity Rhymes,7
James Ingram,16
Jax Anderson,7
Ka,26
Kari Faux,16
Kem,12
Kevin Walpole,4
Lou Rawls,10
M83,34
Marlon Roudette,4
Meat Loaf,111
Monica,53
"Nashville Cast,Lennon Stella",4
Nashville Pussy,6
Natas,8
Newfound Interest in Connecticut,5
P Money,25
Paul McCartney,211
Popcaan,122
Poundz,14
Qaayel,12
Qveen Herby,74
Rocstaryoshi,4
Ron Gallo,5
Ruel,16
Scott H. Biram,6
Shel Silverstein,10
Still Corners,34
The Amazing,5
The Creepshow,6
The Sundays,24
Tom Lehrer,54
Ward Thomas,16
All We Are,5
Ioanna Gika,4
Pumarosa,5
Son House,8
Voivod,4
Bag Raiders,8
2 Chainz,85
2Scratch,13
A$AP Ferg,30
AURORA,67
Aisa,7
Anna von Hausswolff,19
Atta Boy,7
Big Flock,12
Black Lips,23
Bladee,106
Blind Faith,8
Bombadil,14
Chill Bump,35
Cleo Sol,35
Dory Previn,12
Fabvl,42
Fink,41
Frente!,4
Freya Ridings,15
Gem Club,5
Greg Churchill,23
Halsey,81
Hank Green,9
Harlem Spartans,8
Hypocrisy,16
I Set My Friends On Fire,21
JAHKOY,16
Jason Eady,5
Jenna Davis,9
Jessie James Decker,24
Joyce Manor,64
Keith Urban,135
KillBunk,12
LBS Kee'vin,4
Lee Dorsey,5
Matt Maher,34
Moderat,13
Mr. Big,16
Noah Cyrus,25
Nova Rockafeller,6
Quiet Riot,62
Rachelle Ferrell,9
Ratt,15
Redgum,8
Rival Sons,24
Ronnie Dunn,7
Ruth B.,30
SEVENTEEN,49
Sea Wolf,11
Smif-N-Wessun,22
TXS,6
Terror,35
The Dave Clark Five,6
The Kite String Tangle,14
Tiny Little Houses,20
Wiktoria,7
William Bonney,8
Wombat,10
Yungen,12
Ashtin Larold,5
Bill Wurtz,4
LAVE,4
Puddle Of Mudd,17
Taku Iwasaki,5
Acoustic Heartstrings,5
Aimee Mann,75
Alcazar,5
Angie Rose,4
Aphex Twin,10
Aries,27
Attalus,11
Australian Crawl,18
AzChike,7
Bilmuri,29
Black Rebel Motorcycle Club,45
Black Stone Cherry,17
Black Thought,9
Blacky,4
Blue Stahli,25
Bonray,4
Calum Scott,23
Capleton,16
Chase Goehring,5
Damien Rice,45
Elmore James,11
Fiji Blue,15
Francesco Yates,5
Gavin Magnus,5
Giveon,10
Harry Callaghan,6
Hellhammer,5
I See Stars,39
JayDaYoungan,132
"Johnny Cash,June Carter Cash",8
Juris,13
Keith Sweat,39
Kurt Carr & The Kurt Carr Singers,5
Laurel Aitken,4
Lolawolf,5
Lordi,17
Mischief Brew,14
Natalie Cole,154
"Ngahere Wafer,Thom Haha",5
Noah Gundersen,65
Petey Pablo,20
Phil Collins,166
Plain White T's,22
Ramz,8
Ryn Weaver,10
SavageRealm,5
Say Anything,110
Sonic Youth,148
Suzanne Vega,24
Taylor Girlz,12
The Movement,15
Titanic Sinclair,13
To The Grave,15
Twista,48
Weki Meki,5
William Bolton,14
Woods Of Ypres,35
Alex Chilton,5
B.Keyz,8
Toby Keith,50
24kGoldn,22
Ambush Buzzworl,12
Ashton Travis,4
Benjamin Clementine,24
"Berner,Cozmo",4
Bone Thugs-N-Harmony,130
Brian Hyland,5
Caskets,12
Charlotte Cardin,24
Combichrist,42
Culture,57
DJ Khaled,32
Dead Moon,12
Dess Dior,6
Eddie Kendricks,13
Flight of the Conchords,50
Frontierer,6
Future,215
Headstones,6
Jack White,53
Jim & Ingrid Croce,9
"Joe Strummer,The Mescaleros",7
John Cooper Clarke,11
KAMRAD,4
Langhorne Slim,20
Laura Branigan,12
Le'Andria Johnson,9
Mirel Wagner,7
Mt. Wolf,6
Oliver Malcolm,7
PROSE,6
Peter Cetera,67
Queen Latifah,46
RYYZN,14
Rae Morris,17
Ricky Dillon,6
Russell Dickerson,13
Saya,5
Serious Klein,4
Stonewall Jackson,5
Styles P,76
Tamaryn,9
The Heavy,35
The Kooks,87
The Murder City Devils,11
Tony Ann,4
Tracy Byrd,9
Wax Fang,11
Zuse,7
Alexander Biggs,5
Arcade Player,18
The Julie Ruin,11
Charlie Robison,7
Elysia,4
Holly Arrowsmith,8
JERREAU,15
Jordan Davis,21
Junior M.A.F.I.A.,10
Lene Marlin,6
"Middle Brother,John McCauley,Matthew Vasquez,Taylor Goldsmith",7
Prayers,6
"Star Cast,Jude Demorest,Ryan Destiny,Brittany O’Grady",6
Sylosis,17
Wc And The Maad Circle,6
machinegum,8
ohtrapstar,13
Alex Newell,6
Bright City,8
Chuck Ragan,7
Claudia Barretto,4
Destructo Disk,9
Dog Park Dissidents,4
"Gucci Mane,Young Scooter",5
Jerry Vale,5
Kim Dracula,4
"Lil Baby,Gunna",6
Lxst,7
Mac Davis,8
Original Broadway Cast of Hamilton,5
Rimzee,5
"The Next Step,Andrew Austin",5
Total Giovanni,4
stellar*,15
Agent Sasco (Assassin),8
"Beth Gibbons,Rustin Man",5
DonMonique,4
Julie Andrews,14
Lo Key,8
Mariya Takeuchi,5
Sigrid Bernson,4
William Elliott Whitmore,10
World Order,4
reptilelegit,18
Alycia Marie,5
Banoffee,7
COUCOU CHLOE,4
"Chris Thile,Michael Daves",4
David Duchovny,22
Deem Spencer,13
Disciples,8
G. Dep,5
Homeboy Sandman,31
Indian,4
Kathryn Joseph,4
Kiesza,16
Kylie Cantrall,4
Leon Thomas,6
Rich Brian,31
"Time, The Valuator",8
"Andre Nickatina,Mac Dre",5
Christie,5
Etana,11
Frenzal Rhomb,27
Glitterer,6
"Gudda Gudda,Lil Wayne",5
Icy Narco,8
In Fear And Faith,8
Sienna Skies,6
Tab Benoit,4
The Modern Lovers,17
Trash Panda,6
Yak Gotti,6
China Anne McClain,11
Courting,4
Kelly Hall,4
Kyle Craft,7
Lauren Duski,5
Mike Scott,4
Noodah05,7
Rose Villain,4
Vaults,15
"Chevy Woods,Wiz Khalifa",13
Dead Rabbitts,7
Fieh,4
Irma Thomas,8
Kari Kimmel,8
Monolink,4
The Real Tuesday Weld,5
Yung Joc,7
Cameron Sanderson,4
Chimaira,6
Krill,5
CRMNL,4
Capture,8
Con Funk Shun,11
Cookin Soul,6
DNCE,22
"Dave East,Floyd Miles",4
Hadouken!,5
Julia Fordham,5
Laura Welsh,7
MIKExANGEL,8
O-Zone,6
Pop Music Workshop,12
Rooney,7
The XCERTS,9
Trashcan Sinatras,5
VIXX,4
underscores,14
ABIR,6
Cat Pierce,7
Elysian Lotus,7
High Sunn,5
"Irving Berlin,Ethel Merman",5
London Yellow,5
MAJOR.,4
Nevermore,27
Philthy Rich,15
RealestK,7
Young Sam,4
poems,11
Tommy Dorsey,4
"Burna Bandz,Houdini",6
Denmark + Winter,4
Dorinda Clark-Cole,11
Hablot Brown,7
Har Mar Superstar,6
Harlan Gibson,14
Kwengface,13
"Lil Reese,Chief Keef",7
MellowHype,22
Roney,13
SOHN,25
"Teflon Sega,OZZIE",4
The Legendary Pink Dots,4
Caetano Veloso,8
"Canibus,Stoupe",6
Chris Bell,4
Code Orange Kids,5
Frank Waln,4
Josh Woodward,10
Kwabs,17
Lulu Helensworth,8
Miles Davis,11
"Passion,Christy Nockels",6
Polyenso,5
Poodieville,10
Saint Etienne,15
Squidnice,7
Stacey Kent,9
SubRosa,7
U.K.,9
Alice Deejay,5
Brittany Johns,4
"Chino XL,Sean Freehill",7
"Common,Bilal",5
Boy Epic,8
Bronze Radio Return,17
Cappa,5
Dylan Frost,8
Elise Trouw,7
Ernest Tubb,9
Invisible Inc.,5
Kina Grannis,24
Ralph Castelli,8
Rappin' 4-Tay,6
Rob $tone,12
"Roseaux,Aloe Blacc",4
Skyhooks,8
The Delgados,5
The Dells,9
The Tea Party,7
"Young Thug,Gunna",5
"Trouble,Mike WiLL Made-It",9
Drake Milligan,9
Drangsal,8
Foley,4
"High School Musical Cast,Disney",8
"Hillsong Worship,Jad Gillies",11
Jada,8
James Johnston,6
James Maslow,13
"Jesus Culture,Chris McClarney",4
K Lion,5
Kyle Lionhart,4
Leana Beatz,5
"Linda Ronstadt,Ann Savoy",5
Matt Stell,4
Mew,35
Orange & Lemons,4
Peruzzi,7
Sir Babygirl,6
Stacy Lattisaw,10
Acid King,5
Carsie Blanton,4
Gerald Levert,13
J Moss,7
Jacob Miller,6
Jake Webber,4
Jesus Piece,11
"Jim Morrison,Music By The Doors",6
Job For A Cowboy,9
Michael Stanley Band,4
SEV,10
Sophie Francis,5
Anna Burch,10
Clare Dunn,5
Bootleg Rascal,6
Buckcherry,10
Chorus - Sleeping Beauty,5
"Forrest.,Biskwiq",9
Jon Brion,8
Jordan Max,8
RONNY J,8
Saetia,13
"Scott Walker,sunn O)))",5
The Yogscast,4
Those Poor Bastards,4
Young Hysan,6
Alice Gas,4
Ames,5
"Antonio Banderas,Madonna",4
Cindy Ruakere,9
Dirt Poor Robins,17
Faust,5
G4 Boyz,4
Hans Zimmer,12
LaBelle,4
Marr Grey,4
Pixie Lott,15
Sir Douglas Quintet,6
"Talking Heads,Jerry Harrison",8
The Cowsills,5
Wess Morgan,4
Caving,4
Stuck Out,4
Burn The Ballroom,7
Charles Wesley Godwin,14
Go West,4
Hiatus,4
My Indigo,9
Nomy,18
Sunset Sons,8
Tatiana Hazel,4
Travis Greene,12
Diamond Construct,5
Elder Island,14
Get Busy Committee,5
Melissa Etheridge,16
Nails,5
Nasty,9
Norman Perry,9
Sol3 Mio,6
Wall Of Voodoo,4
Witch,5
Boris Gardiner,4
Dae Zhen,4
Dottie Peoples & The Peoples Choice Chorale,5
"Ella Fitzgerald,Chick Webb",8
Flavour,10
For All Seasons,6
"Fugees,Ms. Lauryn Hill,Wyclef Jean,Pras",10
ILLFIGHTYOU,7
Jelani Aryeh,17
John C. Reilly,12
Jonah Marais,5
LANKS,9
Marcy Playground,15
Midnight Fusic,6
"Nas & Damian \"Jr. Gong\" Marley",6
"Oscar Brown, Jr.",5
Priest,13
SICK PUPPIES,12
Sauti Sol,9
"Snoop Dogg,Nate Dogg",4
The Royal Concept,12
Triggar Happy,4
Anna Shoemaker,4
Buddy Holly & The Crickets,4
For The Win,4
"Frank Sinatra,Quincy Jones",5
Frog,4
Hit The Lights,9
Jack Jones,5
Jane XØ,5
Kota Banks,4
Mantaraybryn,6
Nargaroth,6
"Papoose,Remy Ma",4
RADWIMPS,12
"Raphael Lake,Thomas Collins",4
The Feeling,8
Wizzard,4
Arlo Guthrie / Pete Seeger,4
Benjamin Amaru,8
Burga,4
David Ramirez,16
"Delta Spirit,Elijah Thomson,Bo Koster",4
Enuff Z'Nuff,4
"First of October,Rob Scallon,Andrew Huang",18
I Belong to the Zoo,9
If I Die First,6
Jhariah,12
Karaoke - Ameritz,17
LeToya Luckett,8
Lisa Ajax,4
Malcolm McLaren,4
Menahan Street Band,4
Miner,4
Naked Eyes,4
Neno Calvin,4
Nightcore,4
Sean Stemaly,7
Surface,8
The Phoenix Foundation,5
Travis Bretzer,5
"Tricky,Martina Topley-Bird",18
William Matthews,4
A Pale Horse Named Death,8
Breton,6
Emei,5
Mc Holocaust,4
Molotov,4
NYCL KAI,4
Project Youngin,7
Richard Walters,11
Safire,4
The Hooters,7
Thirteen Senses,4
Typical Cats,9
Your Arms Are My Cocoon,7
nobigdyl.,11
Billie Piper,4
Bronski Beat,6
"Citipointe Worship,Aaron Lucas",7
Disco Ensemble,12
Fog Lake,4
John Williams,11
KAI,4
"Raphael Lake,Aaron Levy",4
SuperM,10
carolesdaughter,5
Carola,4
EDEN,16
Kevo Muney,15
Little Baby Bum Nursery Rhyme Friends,5
Lutricia McNeal,7
Meaku,7
Saturnus,17
The Brother Brothers,6
The Simpsons,16
Cat Burns,6
DVBBS,6
Dave Hollister,9
Doug Stone,4
Flotation Toy Warning,4
Juan Son,4
Lutan Fyah,5
Planningtorock,5
Running Wild,5
Sleepy World,5
Slowm,4
The Browns,4
Chicosci,4
Eyedea & Abilities,4
"JAY-Z,Beanie Sigel",4
Jessica Mauboy,21
Lunar Vacation,14
Mia X,7
Mission Of Burma,16
Offica,5
Winds of Plague,11
404vincent,7
Awake At Last,4
CL,7
Delilah,6
Emerald,5
Haschak Sisters,17
Hendersin,11
Lou Gramm,5
MASN,8
Marie Osmond,5
Sigma,10
Teeway,9
The Luka State,4
Trout Fishing in America,4
Yung Spinach Cumshot,6
Born Without Bones,13
Celph Titled,4
Coletta,13
Cymande,5
Discovery,7
Febueder,4
"Fila Fresh Crew,D.O.C.",4
La Bouche,7
Lemar,8
MORGENSHTERN,5
Oshea,4
Pist Idiots,4
Sheena Easton,12
Axel Rudi Pell,5
Charles Bukowski,4
Danny Knutelsky,4
Dillon Cooper,9
Donna Fargo,4
Good Riddance,9
Kalapana,7
Kweku Collins,16
Matthew Young,4
Michael McDonald,28
Mith two,4
Reinaeiry,12
Robert Ellis,8
Roseburg,4
"Shofu,PE$O PETE",5
"The Cast of RuPaul's Drag Race, Season 12",4
The Crookes,5
The Sylvers,8
ericdoa,8
Black Mountain,11
Cameron Dallas,4
Jericho Jackson,11
Liza Anne,19
Malukah,11
Mauve Dream,4
Paigey Cakey,7
Scary Kids Scaring Kids,13
Skee-Lo,8
Sleeping Lion,4
Sonyae,5
The National Parks,15
Jungle Brothers,18
La'Porsha Renae,7
Louie Zong,6
Superheaven,16
The Venus Project,5
Bobby Vee,6
"Caskey,Tony Choc",5
Jann Arden,4
Jiwoo,6
"John Prine,Iris DeMent",4
Jordy,4
KDtheSinger,7
Keywest,10
"Lil Xan,$teven Cannon",4
Lyn Lapid,6
Nathaniel Bassey,7
Pierce Fulton,9
"Queen Ansleis,Frances Quinlan, Hop Along",11
Sitti,5
Tela,4
The Icarus Account,5
Blaue Blume,5
CRIM,4
Candlebox,11
Colette Carr,4
Infant Annihilator,15
JAY1,14
Mcap Steve,6
Morcheeba,20
OFF!,5
Prismo,14
RICEWINE,7
Ringo Starr,24
Rollins Band,23
Stars Go Dim,6
The Cog is Dead,7
Urban Rescue,9
1551,4
BandKidjay,4
Captain Sensible,4
Drag Me Out,10
Gabe Dixon,6
Kimya Dawson & Antsy Pants,4
King Nun,5
Larry and His Flask,6
Manila Luzon,5
Martina Topley-Bird,5
Mississippi Children's Choir,5
RDGLDGRN,9
Rudimental,6
Shaybo,7
Summer Paradsis,4
TORRES,28
The Hellacopters,9
Wishing,11
Bizarre,14
"Busta Rhymes,Flipmode Squad",4
Cheats,6
Downset,5
"East Forest,Ram Dass",4
Hydelic,5
King Gordy,6
Original Cast of Hadestown,6
Stereo Wall,5
The Association,6
Isaacjacuzzi,4
Johnny Drille,5
Sunny Sweeney,6
The Archies,5
Wide Open Mouth Karaoke,9
Jordan Bratton,6
"Kris Kristofferson,The Borderlords",12
Rv,6
Show Of Hands,8
THE ORAL CIGARETTES,4
Willie J Healey,7
Summerella,11
Gemstones,4
Johnossi,12
Luca Fogale,7
2NE1,4
FTISLAND,5
Fun Lovin' Criminals,9
Jaden Michaels,5
Nathan Grisdale,4
Tems,16
Work Drugs,4
"DJ Paul,Lord Infamous",4
HWASA,7
Sam Rui,6
The Morning Benders,6
Jerry Garcia,9
John Mayall,7
Joshua Ray Walker,5
The Suffers,7
Jacob Tillberg,4
Lost Horizon,4
Rarin,10
SPACE914,4
Siv Jakobsen,4
The Pale Fountains,5
Discrepancies,6
Example,27
Kat Frankie,4
breathe.,5
Ancient Bards,6
Hugh Masekela,5
Matt Mason,5
Rejjie Snow,8
Vic Sage,4
David Foster,6
Ghoultown,6
Jayesslee,5
MIA GLADSTONE,7
Noa Kirel,5
Rayana Jay,15
Tyler Thomas,6
pre kai ro,7
David Myles,5
David Benjamin,5
Jurassic Shark,5
Maxum,4
This Heat,12
Tomorrows Bad Seeds,4
Hank Thompson,6
Himesh Patel,4
John Paul Young,5
Julian Cross,5
ODESZA,5
Pastor T.L. Barrett and the Youth for Christ Choir,4
Ryan O'Shaughnessy,4
E-Town Concrete,5
Jesse Woods,4
Johnny Balik,7
"Lil Baby,Young Thug",4
Mantronix,4
Nbhd Nick,6
None Like Joshua,4
Parting Gift,6
"Porter Wagoner,Dolly Parton",11
Rocko Ballin,4
Derrick Branch,4
Mischa Frey,4
Nikau Grace,10
Patron Saint of Bridge Burners,5
Richard Hell,4
Sam Fischer,11
Sara Groves,4
Tanya Tucker,17
Dillon Carmichael,4
Self Defense Family,11
The Apples In Stereo,7
Tony Shhnow,6
"Victory Worship,Lee Simon Brown",6
Zerimar,7
Angry Samoans,5
Elysian Fields,5
"Marvin Hamlisch,A Chorus Line Ensemble,Don Pippin",6
Mighty Oaks,11
Papooz,10
Tanuki,5
Billie Jo Spears,4
Darin,8
Kwan,4
Polkadot Cadaver,4
Reality Club,22
Sanguisugabogg,4
The Hound + The Fox,4
Uncle Reece,4
benny mayne,4
Cameron Carter,4
"Elvis Presley,The Jordanaires",4
IceJJFish,9
Mass of Man,4
Miss Fortune,6
"Mission House,Jess Ray,Taylor Leonhardt",5
The Rifles,4
River Tiber,14
Sojourn,5
Willis Earl Beal,4
Lucy Schwartz,6
RONEN,7
Sara Jackson-Holman,5
"Bishop Nehru,Que Hampton",4
Day by Dave,6
King Theta,4
Nick Fradiani,4
Red Sovine,11
The Brothers Bright,4
Damageplan,5
North Mississippi Allstars,4
Rusty Clanton,11
SG Tip,5
The Band Of Heathens,7
"Young Chop,Lil Durk",4
Declan Welsh and The Decadent West,7
Dryjacket,6
Gabby's World,7
T'Zar - Teuira Williams,5
The Irrepressibles,10
Woodie Smalls,9
Cabbage,6
"Ella Fitzgerald,Count Basie",5
"Jonathan Young,SixteenInMono",7
Left to Suffer,7
Mi Casa,7
O'Brother,8
Pluto,6
Wise Intelligent,4
Johnny Drama,4
Mojave 3,16
Diggy Dupé,4
Tors,6
101 Strings Orchestra,4
Barbarossa,7
Bunkface,4
Dismember,4
Frankie J,4
John-Robert,5
Margaret,6
Nation of Language,5
"Passion,Melodie Malone",8
Stellar Revival,5
The Joy Formidable,5
Turbowolf,6
Yuki Hayashi,4
Dream Wife,11
Emily Fairlight,5
John Edmond,4
Litany,13
Maurice Marsipano,4
Palm,7
Alexz Johnson,4
Dead!,5
Lungfish,5
Pay money To my Pain,6
"R2Bees,Wizkid",4
Villainy,7
Cypress Spring,4
Gayngs,4
Liquid Assassin,4
Deströyer 666,6
Gabriel Garzón-Montano,11
Gabzy,4
"Jerry Garcia Band,Jerry Garcia",10
Laura Hackett Park,5
Racing,6
Taysav,12
George Maple,4
Huddy,8
Jubël,4
LIAMOO,4
Tommy Richman,4
Youth in Revolt,10
Roger McGuinn,5
Zae France,6
Calpurnia,7
"Getter,Ghostemane",4
Sean Ono Lennon,8
Mariachi El Bronx,4
Mister Heavenly,5
Piper Rockelle,4
Miss Benny,5
Tuari Brothers,4
JOY.,8
Maliibu Miitch,7
"Snoop Dogg,Kokane",9
Ghostface600,4
Marissa,4
Project Pitchfork,4
Kyle Hume,4
Miynt,5
Rachael Lampa,4
Conditions,4
Lil Rekk,4
"NateWantsToBattle,AmaLee",4
"Nujabes,Substantial",4
Trey Day,6
Susan Boyle,5
MB14,4
Moss Icon,6
Findlay,4
Joey Stamper,5
Adam Friedman,4
ILIRA,6
Gorky Park,4
Kingswood,4
Nektar,5
Santa Cruz,5
"Gone Gone Beyond,The Human Experience",4
Liz Callaway,5
The Last Bison,4
The Darker the Shadow the Brighter the Light,4
Goapele,4
Graham Parker & The Rumour,5
Wooden Shjips,4
Flamin' Groovies,7
K's Choice,6
"Glee Cast,Adam Lambert",5
Skullcrusher,5
The Republic of Wolves,4
Fallujah,4
Start Aliens,4
Wassup Rocker,4
George Prophet,15
Horace Andy,5
"The Brooklyn Tabernacle Choir,Susan Quintyne",5
Ian Tyson,5
Fucking Werewolf Asso,4
Kayak Jones,4
"MF DOOM,MF Grimm",5
Tim O'Brien,5
"Insane Clown Posse,Twiztid",5
Nick Cannon,4
Jennifer Knapp,4
Karaoke Backtrax Library,7
MISOGI,11
Pierce Brothers,6
Kurt Hugo Schneider,4
Fresco Trey,5
HOYO-MiX,4
PENTAGON,5
SACHI,4
"Vybz Kartel,Gaza Slim",5
Fugees,11
Hum,19
Warren Hue,7
6o,4
Studio G,4
The Dickies,4
The Ruts,6
"Future,Young Thug",4
Day1,4
"Gino Vannelli,The Metropole Orchestra",4
Heavy Heavy Low Low,5
ILLENIUM,6
Lisa Miskovsky,4
Rossa,4
Down A.K.A Kilo,4
Peedi Crakk,4
Sea of Thieves,6
Jufu,5
Kevin Drew,4
Onslaught,5
Lisa Ekdahl,4
bloodsimple,4
Last Night In Paris,5
Liz Huett,4
PRSM,5
"Canon,Derek Minor",4
"DHeusta,Dawko",4
Human Kitten,5
Jimmy Prime,9
The Karaoke Universe,9
Kanine,4
Jorn,4
Vincent Lundborg,5
The Careful Ones,4
Louyah,4
Reconcile,4
Tre Capital,5
No Frills Twins,4
SHANE WALKER,6
Mighty Clouds Of Joy,4
The Rival Mob,4
The Pastels,4
"Mr Yipadee,Deano Yipadee",4
Neil Halstead,4
Electric Light Orchestra Part II,4
Guapo la Flam,4
Captain Hollywood Project,4
A House,4
Airiel,10
Albert Hammond Jr,34
AleXa,5
Aurelio Voltaire,58
Beach Fossils,42
Blaze Ya Dead Homie,6
Blood Command,7
Chilled Pig,4
Compton's Most Wanted,25
Crime In Stereo,6
DBMK,21
Do Or Die,17
FLOHIO,6
Favored Nations,4
Glee Cast,573
Godemis,8
Gorilla Biscuits,18
Hael,4
High School Musical Cast,5
Jack's Mannequin,22
JoJo,81
"Jools Holland,Tom Jones",8
Joshua Golden,5
Katie Noel,19
Ka’au Crater Boys,4
Kevin Bloody Wilson,28
Kmac2021,4
Kool G Rap,29
Lagwagon,55
Lauv,49
Leon Bridges,38
Magazine,13
Marillion,169
"Marillion,Andy Bradfield,Avril Mackintosh",7
Melvins,49
Message To Bears,11
Miel,6
Mötley Crüe,41
Nick Grant,10
Obscura,10
Papithbk,24
Peter Hammill,15
Prof,54
Protest The Hero,59
Rae Sremmurd,32
Rend Collective,48
Saliva,18
Sami Yusuf,11
Shihad,129
Sixx:A.M.,22
"Slim Thug,Z-Ro",5
"Steven Universe,Tom Scharpling",6
Steven Wilson,53
Subhumans,6
The Key of Awesome,11
TheHxliday,17
Tommy Lefroy,6
Trivium,120
Virginia To Vegas,8
Weston Estate,11
Whitechapel,76
"Whitney Houston,Jermaine Jackson",4
iLOVEFRiDAY,13
落日飛車 Sunset Rollercoaster,28
ANTEMASQUE,8
Vybz Kartel,356
Annie Lennox,32
Anson Seabra,40
BANNERS,23
Big Boi,10
Biometrix,4
Bleed From Within,14
Bobby Rydell,6
Casey Veggies,42
D-Why,16
DHeusta,9
David Cook,8
Dax Riggs,22
Dom McLennon,8
Don Francisco,13
Dr. Feelgood,6
Edot Babyy,6
Epica,85
Erin Rae,4
Fear Before The March Of Flames,10
G Flip,23
GRM Daily,4
Henry Danger The Musical Cast,15
Horse Head,20
Imogen Heap,40
Jackson Wang,15
James Ivy,7
Jayden Bartels,7
John Hartford,17
Kris Allen,9
Labi Siffre,11
Lo-Fang,11
Marcellus Juvann,4
Masked Wolf,10
Matt Maeson,30
Mereba,19
Midnight Star,19
Mighty Diamonds,5
Miki Fiki,9
Modest Mouse,163
Murs,53
Nasty C,40
Nichole Nordeman,14
Paradise Fears,11
RIZ LA VIE,16
Remember Sports,26
Sammy Rae & The Friends,12
Scribe,182
"Shoreline Mafia,Rob Vicious",7
"Shredders,Sims,P.O.S",6
Sia,145
Sleepy Sun,7
Sprite Lee,5
Stingray Music (Karaoke),5
SyKo,5
Tara Carosielli,5
The Go! Team,13
The Vaselines,9
Tobe Nwigwe,22
Tom MacDonald,100
Tyler Ward,10
UNKLE,21
Vengaboys,23
Wesley Joseph,5
Westside Gunn,71
Woods,11
World War Me,5
Yo La Tengo,121
Zak Abel,20
iyla,11
ohsobrkn,4
Akinyele,10
Alewya,6
Buzzcocks,30
"Chris Webby,Skrizzly Adams",6
Chronixx,44
Corey Voss,6
De-Phazz,4
Death Grips,72
Dribble2much,6
Goth Babe,31
Intergalactic Lovers,7
J. Stalin,6
John Waller,8
Jon Connor,15
Julian Lamadrid,9
"Kirk Franklin,The Family",9
Lacuna Coil,55
Linea Aspera,4
Lizzy McAlpine,26
Lobo,7
Looking Glass,20
Lou Val,13
Mad Caddies,17
Millencolin,20
Murder By Death,36
My Ticket Home,19
Paul Williams,28
Perfect Pussy,8
Propagandhi,83
Reiki Ruawai,4
Rob Dougan,4
Sadistik,68
Strapping Young Lad,32
The Wonder Years,81
Unearth,39
V,6
Victoria Wood,4
Vigilante Tha' Prophit,308
WSTRN,21
Wakey!Wakey!,5
"Waylon Jennings,The Kimberlys",5
at Wendys,5
"Hidden Citizens,Rånya",4
Owl John,8
Rogue,8
Wishbone Ash,109
4rif,12
American Authors,37
Bankroll Fresh,37
Beautiful Eulogy,17
Blackstreet,21
Cave In,8
Cellar Darling,23
Chaos Chaos,11
Cryptic Wisdom,23
Defeater,64
DigDat,12
"Dolly Parton,Linda Ronstadt,Emmylou Harris",17
Dom Dolla,5
Dylan Sinclair,12
Etherwood,4
Five Iron Frenzy,33
George Formby,23
Gerard Joling,6
Gnarkill,7
Gorillaz,94
Hi-Tone,4
Housefires,35
James Brown,54
Jerry Cantrell,30
Joe Cocker,39
Julee Cruise,12
Kelsey Lu,17
Kembe X,21
Lloyd Cole,54
Nbdy,11
OBN Jay,22
Page CXVI,7
Passafire,9
Phinehas,27
Prince of Falls,9
Railroad Earth,10
"Roxette,Per Gessle",4
Sandra McCracken,10
Savage Garden,36
"SawanoHiroyuki[nZk],Aimer",9
Shellac,34
Slaine,11
Slothrust,32
Smosh,13
Soil,8
"Star Cast,Luke James",10
Tears For Fears,115
Tep No,14
The Fixx,8
The Last Emperor,11
The Verve,64
Thornhill,18
Three Days Grace,81
Tina (Hoodcelebrityy),6
Tiny Tim,15
Toni Romiti,30
Tshego,9
Vallis Alps,11
X-Raided,16
Younger Brother,9
Yuck,24
Average White Band,14
"A-Reece,Flame",4
Aubrie Sellers,4
Beth Hart,22
Big Scary,10
Biskwiq,5
Bleeding Through,8
Brooke Candy,15
Canned Heat,13
Cannibal Ox,12
Coil,36
Crucial Conflict,10
DDG,47
"Doris Day,Paul Weston And His Orchestra",11
Everything But The Girl,44
Fenne Lily,21
Freddy Cannon,4
Gmac Cash,4
Gnarls Barkley,38
Have A Nice Life,28
Jimmy Durante,9
Johnny Horton,18
Kira Kosarin,13
Lady XO,4
Lil Xtra,29
Me First and the Gimme Gimmes,4
Mesus,7
Micah Tyler,14
Milky Chance,55
Mogwai,15
Paul Kelly,15
Plies,100
Psychostick,32
ROAM,20
Running Touch,5
SWAVAY,13
Sage The Gemini,18
"Sam Cooke,The Soul Stirrers",8
Savannah Ré,8
Snak The Ripper,48
State of Mind,6
Sticky Fingers,84
The Cat Empire,45
The Districts,37
The Katinas,7
Turnover,52
Verse Simmonds,18
We Are The In Crowd,11
Whitney Houston,121
Bad Bunny,6
Birds Of Tokyo,10
"Richard Sinclair,David Sinclair,Pye Hastings,Richard Coughlan,Caravan",5
Sleeping At Last,116
Alesana,57
Amon Amarth,75
Annisokay,40
"Bethel Music,Jonathan David Helser,Melissa Helser",5
Blake Rose,9
Chappell Roan,15
Christy Moore,82
Co Cash,10
Devlin,21
Dru Hill,21
Emily Alice,14
Entombed,13
FAVE,5
GABRIELLE,16
"Gunna,Lil Baby",4
Hunter Hunted,5
Indian Summer,5
J $tash,11
Jade Bird,24
Jamie Rivera,11
Jazmine Sullivan,58
JoJo Siwa,24
King Los,30
Lil Bibby,21
Lindsay Ell,12
MARINA,97
Malou Prytz,4
Mayday Parade,106
Meshell Ndegeocello,25
Michael Seyer,18
Mori Calliope,15
Natalie Imbruglia,65
Orbit Culture,20
Outasight,6
Party Tyme Karaoke,24
Raven-Symoné,7
Richard Houghten,4
Roachford,5
Rob Curly,14
SayWeCanFly,20
Seahaven,39
She Wants Revenge,34
Sheem Kluaf,6
Sir Michael Rocks,42
Skindred,9
Steven Page,4
"Swet Shop Boys,Riz Ahmed,Heems",16
Tanerélle,7
The Devil Wears Prada,98
The Dø,19
The LOX,32
The Menzingers,78
The Modern Post,16
Thurisaz,5
YUNGBLUD,37
syd B,4
Arms Akimbo,5
Bart Millard,6
Vivian Girls,4
"Al Bowlly,Ray Noble & His Orchestra",4
A Wilhelm Scream,15
Arin Ray,18
BAMBARA,9
Basement Jaxx,14
Billy Strings,35
Bloc Party,78
CHVRCHES,69
Cold Kingdom,4
Culture Abuse,20
"Cypress Hill,Barron Ricks",4
Darius Rucker,39
David Bazan,30
Dead Poetic,7
Deathspell Omega,27
Dehd,11
Devil Doll,11
Dire Straits,143
Grinderman,18
HIRIE,17
"Hailaker,Lowswimmer,Jemima Coulter",9
Jakey,8
Jedi Mind Tricks,69
Joell Ortiz,27
Jon Bon Jovi,31
Just Jack,6
Lil Sace,9
MF DOOM,54
Metallica,228
Mom Jeans.,29
NB Ridaz,4
Naked Cameo,4
Oddisee,46
Rogue Valley,4
Rory Gallagher,16
Russ,208
Sarah Connor,8
Shaboozey,14
Shannon Shaw,6
Sonny James,4
The Cavemen.,4
"The Dubliners,Ronnie Drew",5
The Falcon,13
The Ghost of Paul Revere,5
"The New Life Community Choir,John P. Kee",9
The Young Veins,15
VIC MENSA,39
VUKOVI,16
Visionaries,4
WESTSIDE BOOGIE,32
Wifisfuneral,67
Will Jay,20
YN Jay,25
Zach Hill,10
Billie Black,4
Arabesque,5
Audio Push,14
Beatsteaks,12
Ben Woodward,4
Bilal,9
Bob Schneider,18
Bryan Martin,4
Charley Crockett,20
Chelsea Jade,10
Civil War,10
Cmd q,6
Corrella,15
Cream,38
Curren$y,122
Deftones,128
Drowning Pool,28
"French Montana,Chinx",15
George Ogilvie,8
Iwan Fals,16
JOHNNY HOBO AND THE FREIGHT TRAINS,15
Jasmine Sokko,11
Josh Turner,18
Joyner Lucas,67
Killah Priest,33
King Crimson,82
Kreayshawn,14
Lil Baby,64
"Linda Ronstadt,Aaron Neville",6
LouGotCash,11
Lower Dens,14
Madilyn Bailey,27
Marmozets,16
Marty Stuart And His Fabulous Superlatives,4
Out Of Eden,33
Peter Broderick,4
Porsche Love,11
Quelle Chris,8
Rhiannon Giddens,21
Runrig,18
Sandra Forster,13
Spiritual Front,14
Stick To Your Guns,52
"THE ANXIETY,WILLOW,Tyler Cole",10
The Barden Bellas,7
The Dip,11
The Faith Crew,4
The Manor,17
The Rakes,6
The Temper Trap,28
The Underground Youth,10
While She Sleeps,49
Yoko Ono,55
You Won't,4
Yungeen Ace,73
iamnotshane,8
unknxwn.,17
Beastmilk,5
"Biig Piig,Mac Wetha",4
Billy Corgan,10
Vonda Shepard,45
Aaron Rose,4
Andrew Bird,100
Apathy,58
Armand Hammer,19
Billy Raffoul,23
Blake Shelton,80
Blu Cantrell,29
Brett Dennen,26
Bris,7
Carl Perkins,7
Cochise,42
Cuban Doll,45
Dennis Brown,20
Earl Sweatshirt,66
Elita,15
Eluveitie,28
Foster The People,61
"Frank Zappa,The Mothers",30
Frankie Cosmos,65
Fukkit,28
GFOTY,26
Gene Autry,19
Guerilla Toss,8
Guillemots,5
Ivy Levan,13
JADY'S BIRTHDAY,4
Jennifer Hudson,27
Jim Stafford,7
Jordindian,4
Kodaline,64
Led Zeppelin,86
Los Campesinos!,83
Mastodon,105
Negative XP,45
Rabbit Junk,14
Rhyme Asylum,15
Roger Whittaker,21
Sarah Reeves,12
Scraping Foetus off the Wheel,8
Spillage Village,4
Squeeze,142
Tayyib Ali,7
The Bangles,13
The Code,4
The Gray Havens,18
"The Palmer Squares,ProbCause",6
The Paper Kites,53
The Tide,7
The Ting Tings,17
Amanda Jenssen,12
B. Lou,7
600 Breezy,14
Alpha Wolf,28
Avant,21
BAEKHYUN,11
Bartees Strange,11
Big Daddy Weave,18
Blind Guardian,84
Bloodbath,23
Bobby Raps,15
Bubba Sparxxx,7
Coyote Theory,5
DJ Luke Nasty,5
Depeche Mode,242
Devon Gilfillian,4
Dr. Bombay,6
DreamDoll,13
EDX,5
Ellen Krauss,6
Emily Weisband,7
Fireboy DML,25
Grant Hart,4
Hatchie,17
Hieroglyphics,31
Jamie Cullum,33
Jason Nelson,10
Jet,23
Karnivool,28
LORD$OFDOGTOWN,8
Left at London,16
Lucinda Williams,37
MC5,14
Matchbox Twenty,53
Nessly,28
Nick Murphy,17
Oberhofer,13
Pat Boone,12
Pet Symmetry,12
Pogo,16
Queen Key,30
Rockit Music,16
Scorey,16
Sincerely Collins,4
Sister Rosetta Tharpe,7
Squid,14
Stetsasonic,5
Switchfoot,107
The Auteurs,4
The Bennies,6
The Dresden Dolls,31
The Presets,12
The Seekers,15
The Wedding Present,24
Tim Dog,4
Yung Fazo,4
Zayde Wølf,34
dutchavelli,20
AFN Peso,4
AM Kidd,5
Joan Jett & the Blackhearts,33
SYML,32
Sam Ryder,6
A Night In Texas,11
Accept,45
Avenged Sevenfold,99
BABYMONSTER,10
Blind Melon,38
Blossoms,48
Camila Cabello,43
Carpenters,148
Children Of Bodom,61
Conway Twitty,150
Daughters,35
Flamingo Pier,6
G Herbo,97
Groundation,7
Guy Sebastian,33
Hana Vu,8
Hank Williams,146
Harry Nilsson,56
Hayley Williams,30
Hippie Sabotage,44
Hit The Button Karaoke,18
IRONTOM,9
Imago,14
Jerry Reed,12
Jesse McCartney,40
"Jonathan Richman,The Modern Lovers",4
Kasbo,6
Kenny Loggins,151
Kolohe Kai,26
Lil Lonnie,21
Lola Marsh,16
London O'Connor,5
Martha,13
Mike Williams,5
Molly Nilsson,38
My Chemical Romance,99
Nathan Colberg,4
Newton Faulkner,9
Nino Carl,5
"Now, Now",17
OJ Da Juiceman,9
Olivia Holt,14
Omri,4
PRETTYMUCH,26
Patrice,12
Pendulum,33
Robert Palmer,13
Sampha,17
Staind,75
Starpoint,5
Sylar,25
Team Dresch,13
Thank You Scientist,29
The Alarm,7
The Fray,51
The Kills,52
The Mayan Factor,8
The Vandals,32
Tiwa Savage,14
Trippie Redd,163
When Chai Met Toast,4
William McDowell,21
Yavid,17
Yng Hstlr,7
salem ilese,15
Prince Daddy & the Hyena,35
Skott,19
Tate McRae,24
ABG Neal,10
ATEEZ,58
Abbey Glover,12
Allan Sherman,14
Antwon,11
August Alsina,98
B-Lovee,4
Big Black,36
Big Kidd Kris,5
Bo Napoleon,4
Bury Tomorrow,43
Chris Cagle,5
Clan of Xymox,18
Cody Lovaas,6
Collective Soul,33
D.R.I.,15
Daniella Mason,6
Dave East,109
Dua Lipa,76
Dynazty,10
Eddie Money,11
Elevation Worship,91
"Eric Clapton,J.J. Cale",10
FEMM,6
Flowz Dilione,8
Foundation,5
Guordan Banks,9
Guy,14
"Hillsong Worship,Brooke Ligertwood",18
Infectious Grooves,8
Ingested,24
JLS,12
John Mulaney,11
Joy Williams,30
Kano,29
Keith Whitley,14
Lana Del Rey,230
Laufey,14
Lee Hazlewood,18
MNQN,12
Mario Judah,13
Maroon 5,146
Micah P. Hinson,7
Minor Threat,25
Nadia Rose,9
Nahko And Medicine For The People,40
"P-Money,Scribe",4
"Paul McCartney,Wings",8
Poor Righteous Teachers,12
Ray Peterson,4
Spencer Crandall,10
"Stone Temple Pilots,Chester Bennington",4
Suicide,11
Tenelle,6
The Cramps,60
The Lumineers,55
WayV,9
Yaeji,5
Zeigeist,4
Ziggy Alberts,25
Vetiver,8
A Bird That Whistles,4
1ST VOWS,5
Ambleside,5
Angel Du$t,17
Apache,8
BVDLVD,25
Blegh,5
Bruce Springsteen,437
DYAN,4
DeathbyRomy,18
Deca,24
Dizzy Fae,9
Donovan,57
"Eric Whitacre,Eric Whitacre Singers",6
"FFS,Franz Ferdinand,Sparks",10
Fleetwood Mac,288
Grandview,6
"Hermit and the Recluse,Ka",8
Ingrid Andress,10
John Frusciante,118
Killing Me Inside,10
Korn,233
Lil Revive,17
Lil Yachty,164
Maestro Fresh Wes,5
MashBeatz,16
Melanie Martinez,157
Modjo,4
NNAMDÏ,7
Nico,37
Nina Macc,5
NoMBe,17
Omnium Gatherum,12
PEABOD,11
Pac Div,14
"Popcaan,Notnice",10
RATKING,12
Rev. Gary Davis,16
Saint Raymond,14
Sam Sparro,5
"Sleeper, Oh",40
Snakadaktal,7
Souls Of Mischief,18
T Bone Burnett,6
The Countdown Kids,12
The Mechanisms,92
The Pretty Things,17
"The Rolling Stones,Bob Clearmountain",6
The Scene Aesthetic,5
The Vines,12
Thomas Dybdahl,9
Three Dog Night,17
Townes Van Zandt,142
Unaverage Gang,22
Vaya Con Dios,8
Virgin Voyage,10
WhoHurtYou,5
YUZI,6
Yoav,5
honeyhoney,7
"¥$,Kanye West,Ty Dolla $ign",5
Alex Mali,7
Aswad,5
"Keith Lancaster,The Acappella Company",4
Andy Griggs,4
Billy Joel,211
Breaking Benjamin,81
Brenton Wood,16
Camel,27
Charlie Wilson,22
Chicago,171
Christina Milian,12
Cody Chesnutt,10
Dag Nasty,5
Damien Dempsey,10
Danny L Harle,7
Diggy,11
Girls Aloud,39
Goanna,4
Headie One,47
Hole,59
Home Brew,606
Imagination,6
Jesse Powell,7
Jetty Bones,9
KAZAKY,8
KYSLINGO,5
Kevin LaSean,15
Less Than Jake,37
Lil Gotit,50
Linton Kwesi Johnson,15
Lionheart,17
Liv.e,8
Mohombi,11
Nathaniel Rateliff,29
Niko Khale,5
Numenorean,8
OMC,15
Pardison Fontaine,22
Patrick Wolf,8
Pulp,74
"Right Away, Great Captain!",35
Sandi Patty,29
Saxon,12
Scritti Politti,12
Slice The Cake,11
Slug † Christ,18
Smith Westerns,6
Sody,11
Sy Ari Da Kid,45
"The AAA Girls,Alaska Thunderfuck,Courtney Act,Willam",6
The Cardigans,47
The Everly Brothers,26
The Last Ten Seconds of Life,14
The Wildhearts,20
Tim Finn,7
Tyler Shaw,9
William Shatner,5
Ylona Garcia,5
Youth Lagoon,22
Zendaya,19
Ziggy Marley & The Melody Makers,37
hahapoison,6
All Tvvins,5
April Wine,7
Big Bad Bosses,6
Singer's Edge Karaoke,24
Ted Park,8
$teven Cannon,8
ANIMA!,8
Agnes,15
Akcent,13
Alex Aiono,18
All Saints,14
Anya Marina,5
Big Tobz,9
Blood Orange,60
Christina Perri,40
Clare Maguire,7
Clay Walker,10
Darrell Scott,8
Dolly Style,7
"Drake,21 Savage",6
Emily Vu,10
English Languagecast,10
Fred again..,21
Genesis,216
Griff,21
HOFFMAESTRO,5
Hawthorne Heights,31
In Hearts Wake,20
Jack Johnson,129
Jimmy Ruffin,5
Johnny Rain,41
Judy Garland,103
KIRBY,16
Kaash Paige,17
Keith Martin,4
Light The Torch,11
Lootpack,7
"Madvillain,Madlib,MF DOOM",30
Maggie Rogers,30
"Magnolia Electric Co.,Jason Molina",10
Marianne Faithfull,144
Mase,9
Metro Station,10
Millie Turner,6
Miniature Tigers,34
Nothing But Thieves,60
Obie Trice,31
"Osees,Thee Oh Sees",9
Peter Bjorn and John,20
Petra,19
Rites of Spring,13
Ron Pope,21
Shawn Colvin,7
Snow White's Poison Bite,4
SoLonely,5
Sparklehorse,41
St. Paul & The Broken Bones,31
Styl-Plus,4
Summer Walker,47
TIAGO IORC,4
The Band,41
"The Highwomen,Brandi Carlile,Natalie Hemby,Maren Morris,Amanda Shires",11
The Saw Doctors,18
Tiana Major9,8
Truckfighters,8
Wilderun,5
Yola,21
anders,23
Alexander 'Skip' Spence,7
702,14
Ameritz - Karaoke,23
And One,13
Bad Company,20
Beyond The Black,20
Big Black Delta,10
Big Tymers,16
"Bladee,Yung Lean",5
Boyce Avenue,44
Brooke Waggoner,7
Carly Pearce,22
Catherine Wheel,9
Crystal Fighters,22
Danny Vera,7
Dillon,12
Edai,11
"Empire Cast,Serayah",12
Eshon Burgundy,17
First and Forever,5
GZA,25
Garden City Movement,6
Gmcfosho,18
Helena Deland,13
Honey Claws,4
Honeyblood,15
Hooverphonic,72
JT Money,4
Japanese Breakfast,37
Kitty,19
LOLO,10
Lady,4
Latasha Lee,6
Like,4
Lil Bean,5
MOTHICA,21
Madrugada,38
Martin Smith,14
Mickey Blue,8
Monster Magnet,9
Muroki,11
Ollie,59
Orville Peck,28
Paul Russell,12
Pia Mia,21
Priests,14
Rayy Dubb,8
Scott Walker,70
Shai Hulud,4
Shakewell,18
Sheer Mag,9
Soul Asylum,11
Stalley,37
Teina Mamaori,5
Theophilus London,15
Tiny Ruins,10
"Tycho,Saint Sinner",4
Tyson Motsenbocker,11
Us3,5
Velvet Acid Christ,5
Vern Gosdin,13
Volumes,37
Wrekonize,30
Young Dro,17
jxdn,25
Bernz,4
Beyries,6
Bill Ryder-Jones,10
Al Bowlly,6
Amanda Palmer,43
Amyl and The Sniffers,31
Arab Strap,27
Art Of Dying,6
Axwell /\ Ingrosso,7
Badflower,32
Billy Fury,4
Blue Sky Black Death,12
Braid,7
CHASETHEMONEY,7
Captain Beyond,5
Charli Adams,11
Chase & Status,6
Chloe Ament,7
Cimorelli,66
Coma Cinema,26
Courteeners,56
Crystal Lake,24
Darren Styles,5
Dasha,6
Denai Moore,7
Douglas Dare,7
Dying Fetus,29
Fatboy Slim,61
"Fredo Santana,Chief Keef",6
G Fredo,8
Girls,14
Graveyard,30
Greg Johnson,25
Ijahman Levi,7
Inferi,4
Insomnium,46
Jamey Johnson,11
KAMAARA,23
Knife Party,18
Korpiklaani,10
Kutless,14
L.A.B.,1428
Lil Happy Lil Sad,28
"Lupe Fiasco,Matthew Santos",4
MDMA,6
MISSIO,31
Maxo Kream,55
Misery Signals,20
Mr Traumatik,66
Olivia Lane,5
Paul Weller,25
Peter Murphy,10
"Phonte,Eric Roberson",9
R.L. Burnside,18
Raja Kumari,10
Saviii 3rd,9
Smidley,7
State Champs,51
The Whispers,31
Void Of Vision,15
"Whatever, Dad",5
Whigfield,5
YONAKA,31
Ameritz Karaoke Planet,7
Bad Lip Reading,10
John Williamson,13
49 Winchester,5
Advance Base,4
Alexisonfire,48
Alkaline,122
Allah-Las,30
Ataxia,7
Augustines,7
BVA,6
Bali Baby,34
Beats Viable,5
Ben Folds Five,49
Ben Nichols,7
Bitty McLean,6
Black Lace,6
Bodysnatcher,14
Caleb and Kelsey,26
Cashmere Cat,6
Cassandra Jenkins,6
Chris Orrick,5
Cliff Richard,172
DED,10
Da Real Gee Money,16
Deniece Williams,13
Descendents,96
Devvon Terrell,56
Doomtree,39
Eliane Elias,4
Elijah Blake,40
Esham,28
GRiZ,10
Hillzy,5
Intro,7
Jarren Benton,48
Jeangu Macrooy,4
Johnny Paycheck,13
Jonathan Brooke,4
Kabaka Pyramid,13
Kevin Gates,206
Lil Tjay,49
Lush,30
MONA,4
Martha Munizzi,22
Mat Kearney,54
Matt Nathanson,22
Mr Twin Sister,19
Nines,44
Novae,4
Only Fire,10
Papa's Pack,6
Passion Pit,49
Perry Como,132
Pink Guy,27
Porter Robinson,20
Portugal. The Man,72
Queen,269
Radiation City,4
Rob Zombie,66
Saucy Santana,25
Spinal Tap,12
Suede,74
Talk Talk,36
The Almost,7
The Damned,45
The Fugs,14
The Jacka,10
The Karaoke Channel,37
The Mowgli's,27
The Stooges,36
The Winery Dogs,5
Thee Sacred Souls,5
Thugga Massina,4
Vince Staples,93
"Yung Lean,Bladee",7
atlas,12
ANATII,4
BC Camplight,5
BEEZ,4
Marty,7
AQVOL,5
Andrew Belle,40
Anthrax,71
Arca,38
As Everything Unfolds,6
Astronautalis,29
Avenue Beat,7
BLÜ EYES,4
BRONCHO,27
Bumpin Uglies,12
Confetti,16
Dave Van Ronk,16
David Bowie,424
Devin The Dude,53
Elemeno P,109
Expire,30
Folded Like Fabric,8
Gabbie Hanna,32
Gin Wigmore,29
Glasvegas,11
Hayes Carll,28
Hope Sandoval & The Warm Inventions,4
James Reyne,8
KenTheMan,16
Kyle Falconer,7
LVNDVN,5
LYRA,6
Limp Bizkit,109
Lxandra,7
Mallrat,18
Matchbook Romance,6
"Nashville Cast,Clare Bowen,Sam Palladio",5
Patent Pending,9
Patti Austin,11
Phlake,20
RÜFÜS DU SOL,21
Slime Dollaz,6
Smile Empty Soul,19
Stephen Trask,13
"Stone Poneys,Linda Ronstadt",11
Straight No Chaser,10
Survivor,14
Swans,165
Tay Iwar,9
Telekinesis,5
The Away Days,7
The KLF,10
The String Cheese Incident,14
Trevi Moran,14
Twiztid,90
Ultimate Tribute Stars,14
Unwound,40
"Westside Gunn,Keisha Plum",12
Willam,14
YACHT,8
badXchannels,4
letlive.,35
the feelers,146
1way Frank,4
Albert Deonar,5
Timaya,11
歌っちゃ王,11
A.A. Bondy,20
"Alex Devon,Young L3x",15
All,8
Angela Bofill,10
Big K.R.I.T.,123
Bomfunk MC's,6
"Bone Thugs-N-Harmony,Big B",4
Breakup Shoes,14
Broken Bells,34
Brownside,15
Class Actress,9
Coi Leray,34
Crass,62
David Shawty,12
Dubee,4
Fair To Midland,18
Firefall,7
Gangsta Pat,5
"Gorillaz,Space Monkeyz",6
Hellogoodbye,25
Hermes House Band,4
James McMurtry,20
JessB,21
Jessie Ware,65
Jordan Suaste,4
Julian Marley,4
Justin Stone,43
KEY!,12
Kingston Wall,8
Kisiaria,7
Kyle Bent,9
Kylie Morgan,6
Leslie Odom Jr.,28
Levellers,14
Lil Yung Pharaoh,12
Marvin Sapp,29
NOVELISTS,32
OmenXIII,88
Orchid,32
Parachute Band,10
Parov Stelar,17
Peysoh,4
"Rio Da Yung Og,Rmc Mike",5
Ruben Studdard,6
Rucka Rucka Ali,61
Run The Jewels,9
TOTEM,10
Teflon Sega,20
The Birthday Massacre,41
The Chi-Lites,11
The Citizens of Halloween,6
The Dangerous Summer,40
The Meters,14
The Veronicas,38
The Weather Station,15
Them Are Us Too,7
Tony Sly,12
V9,10
WU LYF,10
Will Varley,9
Xentrix,9
Youngr,9
Zed,9
RUSSELL!,7
36 Crazyfists,14
Alazka,14
"Antony and the Johnsons,ANOHNI",34
Aystar,7
BLAISE MOORE,9
Beres Hammond,40
Black Kids,11
Bran Van 3000,5
Car Seat Headrest,130
Cemetery Drive,24
Chase Rice,30
Chris Rea,197
Circle Jerks,21
Deafheaven,36
Derek Luh,4
Die Toten Hosen,5
Drippin So Pretty,62
Dsteez,4
Eddie Vedder,45
Evelyn Evelyn,10
Exile,7
Fight The Fury,5
Foals,65
G.L.O.S.S.,5
Gabe Bondoc,18
Gary Clark Jr.,48
Gramps Morgan,6
ICYTWAT,19
Imany,11
Inquisition,5
Jac Ross,6
Jill Andrews,6
Jinjer,44
John Coltrane,5
"King Lil Jay,FBG Duck",4
Lust For Youth,5
MYCHILDREN MYBRIDE,4
Marc Gunn,5
Martin Gore,4
Miss Li,8
Moloko,10
Mother's Finest,6
Mr Tee,4
Murs & 9th Wonder,10
New Model Army,13
Nick Wilson,16
Ocean Alley,42
Ofra Haza,13
Original Broadway Cast of On Your Feet,13
Paris Texas,11
Pentagram,15
Pepper Coyote,14
Professor Longhair,5
Rah Digga,4
Saint Mesa,6
Silent Theory,8
Steve Winwood,11
Strawberry Milk Cult,6
TONY THUNDER,4
The Brazen Youth,5
The Get Up Kids,28
The Mamas & The Papas,38
Thompson Twins,10
Told Slant,16
Vince Gill,170
Violet Days,6
Womack & Womack,11
Yolanda Adams,51
clipping.,47
22-20s,4
Atomic Rooster,4
Big Baby Scumbag,9
50 Cent,167
A Rocket To The Moon,24
Alan Walker,29
Alaska Thunderfuck,24
Allen Toussaint,9
Andrew Peterson,32
Ane Brun,28
"Bas,J. Cole",4
Blake,18
Bryan Adams,103
Caligula's Horse,33
Crazy Frog,18
Dana Winner,7
Disciple,11
Elder,12
Eternxlkz,5
Foreign Beggars,12
Frankie Laine,37
Goodnight Electric,6
Ho99o9,16
Iris DeMent,21
JEON SOMI,10
Jack Be,4
Jasper,5
KB,33
Katchafire,394
King Diamond,118
Lea Salonga,38
Leah Kate,11
Little Big,31
Lunachicks,8
Lute,12
MC Lars,5
Mick Middleton,19
Nile,30
One Step Closer,8
Paul Stanley,5
Quay Dash,6
RHODES,15
Radio Company,19
Red Vox,66
SG Lewis,9
SWMRS,23
Samsara Blues Experiment,6
Santana,97
Scotty McCreery,19
Seth MacFarlane,15
Shygirl,15
Skylar Spence,6
Soundtrack/Cast Album,13
Stunna Girl,12
The Fall of Troy,49
The Ghost Inside,42
Tom Russell,5
Tow'rs,27
Tracy Chapman,111
Twain,7
YNW Melly,41
Young Jesus,4
Yung Mal,23
ZOE Music,4
Airbag,10
"America,George Martin",6
Blair St. Clair,6
Robinson,8
Alana Springsteen,4
AmaLee,121
Avey Tare,25
"BONES,Eddy Baker",4
Bette Midler,163
"Blake Rules,Netherfriends",7
Bry,8
Clavish,11
Coleman Hell,16
Converge,80
Duke Dumont,8
Freddie Jackson,13
Freeway,6
Gemini Syndrome,9
Grateful Dead,263
HYDE,14
ItaloBrothers,16
Janelle Monáe,51
Jomie,5
Jonathan Butler,13
Jonathan Wilson,14
Junior Kelly,7
Karen Souza,5
Keith Green,83
La Dispute,70
Lala Lala,16
Lamb of God,95
Landon McNamara,4
Local H,17
Marvin Winans,6
Mary Mary,15
Morgan Saint,14
Novembers Doom,5
Palace Brothers,5
Phoebe Green,9
Playboi Carti,153
Pretty Maids,5
Reamonn,7
Richard & Linda Thompson,10
Robert Cray,8
SAULT,45
Shalamar,12
Songs: Ohia,15
Steve Horner,5
Strange Talk,6
Suzi Wu,7
Tantric,6
The Megas,30
Tiny Meat Gang,12
Tom Chaplin,19
Trousdale,5
Troye Sivan,42
Wiki,38
"Wu-Tang Clan,RZA",5
blink-182,185
girl in red,10
midwxst,9
"Adamn Killa,Drain Gang Archive",4
Ali Storm,4
Almighty Suspect,5
Two:22,6
Ben Kweller,5
Billy Currington,21
Black Label Society,43
Cassidi,4
Cradle Of Filth,77
Dayshell,12
Denny White,4
Eastghost,4
Edguy,9
Faith Hill,108
Fredo Bang,85
Goodie Mob,24
Goonew,15
Govana,16
Holly Herndon,9
Isaiah Lewis,14
Jan Metternich,11
Jillian Rossi,5
"Juicy J,Project Pat",6
Karmin,27
"Keith Urban,The Ranch",13
Kings Kaleidoscope,50
Kirk Franklin & The Family,10
L7,19
"London After Midnight,Sean Brennan",6
Mary Jane Girls,5
Middle Kids,26
Mike's Dead,7
Modern Baseball,50
Monsters Of Folk,10
Muni Long,10
Nursery Rhymes ABC,23
One Day As A Lion,5
Quelly Woo,11
Rafferty,12
Richard Dawson,32
Rochelle Jordan,6
Ronan Keating,25
Roy Ayers Ubiquity,6
SALEM,16
Sanction,6
Sasha,5
Set to Stun,6
Sevin,21
Shawn James,46
Slash's Snakepit,17
Sons Of Maria,6
Sunni Colón,6
Teddy Adhitya,14
"Terrell Morris,Free n Losh",4
The Appleseed Cast,12
The O'Jays,32
The Tech Thieves,11
Tiffany Young,9
Torsofuck,8
Transatlantic,4
"United Pursuit,Will Reagan",15
Valiant Hearts,8
Versatile,16
Wade Bowen,13
yung van,11
Baby Goth,7
Fugazi,84
Beatrice Eli,14
"50 Cent,Tony Yayo",4
A. Nayaka,10
ABRA,17
AJJ,139
Akala,35
Alex the Astronaut,11
Anne Murray,29
Audio Adrenaline,11
BIGBANG,22
Black Marble,26
Blindspott,154
Brother Dege,11
Ca$hrina,4
Can't Swim,25
"Casey Veggies,Dom Kennedy",4
Channel Live,4
Colony House,37
Craig Xen,28
D-Block Europe,85
Daya,24
De La Soul,76
Derek Webb,7
Devin Townsend,41
Dierks Bentley,40
Elder Brother,12
Fields Of The Nephilim,17
"Frank Iero,The Future Violents",17
GARNiDELiA,4
GFRIEND,5
Hollow Prophet,4
Immolation,6
JOSEPH,23
James Bay,38
Jeremy Loops,20
Jon Lajoie,29
Kip Moore,51
Kuraiinu,5
La Capone,19
Lianne La Havas,40
Mae Muller,16
Maria Mena,42
Mavi Phoenix,15
NVDES,7
"Ohio, Defiance",20
Petite League,5
Planet Funk,6
Priscilla Block,6
Renaissance,13
"Riff Raff,Ghetty",6
SWV,30
Sham 69,9
Skizzy Mars,24
"Snowy White,The White Flames",7
Stefflon Don,19
Tank,57
The Brilliance,20
The Head And The Heart,49
The Main Ingredient,10
The Originals,5
The Script,93
The Silent Comedy,5
Trinere,4
Wafia,12
Yeng Constantino,10
Arlissa,14
"Better Oblivion Community Center,Conor Oberst,Phoebe Bridgers",10
Lost Society,7
A Tribe Called Quest,77
Aesop Rock,147
Amir Obe,29
Anti-Nowhere League,9
Art School Girlfriend,8
Barcelona,13
"Bing Crosby,Buddy Cole Trio",4
Brandon Whelan,8
Brick + Mortar,24
Bright,4
Civil Twilight,6
Clairo,38
DRAM,31
Danger Incorporated,30
David Lynch,17
Elliot Root,10
Emily Wells,8
FAKY,4
Famous Dex,133
Good Morning,40
Helly Luv,5
Hit Crew Masters,7
"Ian Dury,The Blockheads",15
Iniko,4
Innerpartysystem,6
Jay Samson,4
Jeff Buckley,64
Jeremy Camp,53
John Floreani,13
Kiing Shooter,11
Koethe,7
Lil Loaded,36
Liss,7
Louis Mattrs,8
Milk Teeth,5
N.W.A.,55
Naomi Scott,13
"OFB,Bandokay,Double Lz",8
PUBLIC,14
Pressa,37
Savoir Adore,5
Shola Ama,5
SikTh,17
Slatt Zy,12
Smash Mouth,29
Steely Dan,124
The Dodos,11
The Rembrandts,4
The Whitlams,9
The Williams Brothers,11
Troy Sneed,4
V.I.C.,6
BlackMayo,6
27CLUB,8
"3MFrench,Archee",4
"Adventure Time,Olivia Olson",8
Avicii,42
Big Audio Dynamite,9
Bongwater,5
Booka600,18
CASS,15
Celtic Thunder,9
Dennis Lloyd,30
Dougie MacLean,15
Em Beihold,6
FEVER 333,25
Flatland Cavalry,26
Greydon Square,24
Hak Baker,12
He Is We,15
Heaven 17,5
Henny x Zinny,10
Hidden Citizens,8
How To Dress Well,24
Imelda May,20
JC Stewart,12
JVCK JAMES,9
Jamie Lenman,5
John Waite,84
Karen Dalton,18
Kwesi Arthur,13
Larry Norman,15
Lecrae,70
Liza Minnelli,10
Lupin,7
Lykke Li,43
Mako Road,13
Matt Duncan,4
MemoTheMafioso,9
Nora Gray,14
Pagan Altar,4
Quincy Punx,8
Ricky Montgomery,14
Serj Tankian,39
Sizzla,48
Sorority Noise,34
Story Untold,10
Sylvan LaCue,39
TWENTYTHREE,9
TYuS,27
The Birthday Party,30
The Doors,166
The Slackers,14
The Sound,25
Tina Dickow,21
Tory Lanez,250
USHER,174
Ugly Kid Joe,39
Van Halen,145
Victor Crone,4
Warbringer,10
Weezer,270
Winston Surfshirt,9
Ye Vagabonds,6
dandelion hands,38
will.i.am,25
Blue Highway,10
Agalloch,30
Alice Chater,10
Anaal Nathrakh,46
Aqualung,5
"Atmosphere,Slug,Ant",168
"Blackalicious,Lateef The Truthspeaker,Cut Chemist",4
Blank Banshee,9
Buju Banton,56
Chris Miles,14
Corporate Avenger,7
Crowded House,110
Cursive,37
Darci,22
Dave Dobbyn,12
Delacey,10
Dr. Alban,10
Epic Rap Battles of History,69
Erasure,139
Failure,26
Faith Marie,7
Fast Crew,152
Faster Pussycat,4
Floater,4
Frank Foster,14
Genevieve Stokes,7
HammerFall,21
Havoc,6
Holding Absence,30
K. Forest,43
Kyle Dion,30
Lewis Capaldi,42
Lil Ugly Mane,59
London Grammar,42
MC Lyte,22
Northeast Party House,7
Novo Amor,25
Official TS,9
Oklou,5
Orphaned Land,31
"Our Home, Our Hollow",19
Pamungkas,37
Passenger,138
Periphery,56
Quadeca,33
Ray Charles,170
Run River North,16
Scorpions,214
Sharon Van Etten,63
Spark Master Tape,38
Stabbing Westward,5
Sweet Trip,35
The Flatliners,28
The Undercover Dream Lovers,9
Thee Oh Sees,77
Throwing Muses,7
Tone Jacobs,7
Twin Peaks,59
Ubiquitous,5
VanJess,16
Yeat,50
fun.,25
phem,8
Alien Weaponry,17
Andrea Bocelli,14
Aventura,5
Bacao Rhythm & Steel Band,8
Bent Knee,21
Bridge to Grace,6
Burt Bacharach,12
Cannons,25
Carrie Newcomer,9
Cemeteries,11
Charly Bliss,26
Choking Victim,20
Comethazine,95
Corbin Tellier,10
Curtis Grimes,8
Dirty Pretty Things,7
ELEVATION RHYTHM,9
ELHAE,23
"Ella Fitzgerald,The Paul Smith Quartet",4
"Emily Browning,Stuart Murdoch,Belle and Sebastian",6
Fetty Wap,138
Glen Campbell,166
Goat,5
India.Arie,66
Jadakiss,24
Joss Stone,40
King Lil G,50
Kyle Exum,17
Lalah Hathaway,17
League of Legends,8
Lee Brice,30
Lenka,20
M.O.P.,18
Melotonics,4
Milo,18
Mitch Rossell,4
"Monty,Fetty Wap",7
PARTYNEXTDOOR,169
Queen Pen,4
Rage Against The Machine,96
Richard Hawley,13
Sickick,35
Tammy Wynette,9
Tancred,7
The Exponents,11
The Interrupters,29
The Jokerr,25
The Kevin Bennett,4
The Wurzels,5
Todd Dulaney,14
Tune Robbers,9
Turnpike Troubadours,46
Violent Soho,41
White Lies,59
Young Dubliners,9
"YoungBoy Never Broke Again,Birdman",8
"and Loathing in Las Vegas, Fear",24
Albee Al,8
Aviana,6
Molly Tuttle,9
Spendtime Palace,12
St. South,8
The Beautiful South,135
4Him,6
Agent Fresco,16
All Shall Perish,22
Annella,4
BANKS,49
BigKayBeezy,15
Bohemia,4
Brodha V,8
Calboy,25
Christian Leave,28
Chubby Checker,5
Clairity,5
Clap Your Hands Say Yeah,17
Dillinger Four,13
Dream on Dreamer,17
Dumbfoundead,43
Eloy,14
Emmalyn,6
Emmi,5
Floyd Nova,5
Foy Vance,30
Hot Chip,49
I'm Glad It's You,10
Ina Wroldsen,12
Ja Rule,42
Jens Lekman,44
Jesse Jagz,6
Jonathan Richman & The Modern Lovers,9
Lost Frequencies,9
Matt Monro,45
Mineral,20
Municipal Waste,22
Niko B,4
Oscar and the Wolf,35
Perturbator,8
Peter Cat Recording Co.,12
Rise Against,151
Ryan Adams,124
Sam Tinnesz,16
Sovereign Grace Music,23
Storm Weather Shanty Choir,7
Svalbard,14
Tevin Campbell,23
The Academy Is...,19
Tom Waits,307
Travis Garland,10
Travis Thompson,28
Unloved,13
Walker Hayes,29
William Onyeabor,6
Yung Nugget,25
"Zero 7,Sia",9
Alec Wigdahl,5
Alextbh,6
Tommy James & The Shondells,14
26ar,9
6LACK,33
ABREU,4
Aaron Fraser-Nash,8
Ameritz Karaoke Standards,4
Angel FX,4
Ashley Kutcher,11
Balsam Range,10
Barrie,12
Basshunter,12
Black Math,4
Bow Anderson,5
Brainiac,9
CeCe Winans,37
Charles Hamilton,13
Conor Matthews,8
David Brent,13
"Deltron 3030,Del The Funky Homosapien,Dan The Automator,Kid Koala",20
Disperse,4
ERRA,61
Fever the Ghost,6
Fliptrix,11
G.R.L.,4
Grizzly Bear,56
HONNE,28
Herbs,210
Hospital Bracelet,9
INTRN,4
JID,33
Jaguar Sun,5
Jay Sean,34
Kinnship,17
"Kool Keith,KutMasta Kurt",6
Korede Bello,12
Lake Of Tears,7
Lando Chill,5
Lhasa De Sela,12
MGMT,55
Phantoms,4
Pissed Jeans,15
Rare Americans,39
Rhett and Link,23
Rick James,33
Royel Otis,34
SABELLA OFFICIAL,5
Saara Aalto,7
Sam James,10
Sarah Sparks,12
Seventh Wonder,21
Smallpools,23
Sonic Atmos,4
Tay B,7
Television Personalities,9
Tenth Avenue North,30
The Baseballs,6
The Flying Burrito Brothers,13
The Millennial Club,4
The Orion Experience,14
Tim Maia,6
Transplants,13
Travis Porter,28
Tricky,25
Tritonal,7
Underoath,101
Vickie Winans,5
Vlad Holiday,13
Wallners,4
Yoke Lore,21
Kxllswxtch,8
Aburden,7
Alan Mckee,6
Andrew W.K.,25
Angie Stone,18
Annihilator,20
Baby Tate,32
Blame My Youth,4
Calvin Richardson,7
Carole King,47
Chanté Moore,10
Chris Travis,143
Christopher Martin,22
Country Joe & The Fish,13
Daft Punk,44
Dagames,62
Dead Or Alive,20
Destroy Rebuild Until God Shows,12
"Epic Rap Battles of History,Nice Peter,EpicLLOYD",5
"Faithless,Rollo Armstrong,Sister Bliss",4
Four Tops,33
Geoff Bullock,7
HMLTD,16
Jason Michael Carroll,5
Jesse Jo Stark,17
K CAMP,124
Karaoke Bar Orchestra,4
Karliene,10
Kat Dahlia,24
Keeya Keys,4
Luke Evans,8
Macka B,6
Mark Williams,35
Michael W. Smith,208
"Nancy Sinatra,Lee Hazlewood",12
Nap Eyes,5
Newsies Ensemble,4
Next,17
Otto Knows,6
PJ Harvey,116
Ricky Reed,4
Seafret,32
Selah,50
Sik World,42
Spice Girls,38
"The Alchemist,Action Bronson",5
The Cars,36
The Macc Lads,13
The Mills Brothers,16
The Mystery of Edwin Drood - The 2013 New Broadway Cast,8
The Sound Of Animals Fighting,12
The Wailin' Jennys,25
Tinariwen,4
Triple One,39
Urbandub,39
Vanessa Carlton,24
Vienna Teng,23
Whodini,14
f. fin,6
Black Box,6
Blind Willie McTell,8
A. G. Cook,22
Abandoning Sunday,6
Al Jolson,22
Armin van Buuren,10
Astronomyy,9
Bad Boy's Da Band,4
Bazzi,36
Blanco Brown,7
Born Of Osiris,31
Chicago Mass Choir,11
China Crisis,9
Damh The Bard,4
Deicide,43
Dilated Peoples,24
Doll Skin,22
Enjoy,24
Fickle Friends,30
From Ashes to New,47
Hilary Duff,65
Inner Wave,42
Jack Stauber,50
Joey Valence & Brae,6
Justin Bieber,151
Justin Moore,25
Kuzu Mellow,13
Lauren Spencer Smith,5
Lera Lynn,8
"Lil Wayne,Drake",8
Loma,10
Los Retros,17
Luna Li,5
Lynyrd Skynyrd,169
Mahalia,38
Marlon Williams,37
Matt and Kim,25
Mike Sherm,27
Musical Creations Karaoke,8
Niia,15
Origami Angel,34
"Passion,Matt Redman",10
Pig Destroyer,53
Pile,43
Raekwon,64
Rakim,43
Shane Filan,5
Shoe,4
Stella Donnelly,18
Stepson,9
Steven Weyrich,5
T-Bone Walker,8
The Classic Crime,24
The Midnight,34
The Rasmus,33
The Shirelles,10
Tomb Mold,4
Trick Daddy,25
VideoGameRapBattles,29
Whitecross,5
gnash,8
A Firm Handshake,6
Adelaine Morin,5
The Okee Dokee Brothers,5
Brendan Kelly and the Wandering Birds,4
Carbon Leaf,6
Dead Ghosts,5
Dirty Honey,7
Headhunterz,6
House of Pharaohs,5
James Droll,4
Johnny Tillotson,10
Maty Noyes,11
Merle Travis,6
Ookay,10
Rett Madison,5
Ricki-Lee,4
Robin S,6
Shyheim,6
Steven Malcolm,11
The Church,15
XANAKIN SKYWOK,5
Yvng Swag,5
cleopatrick,13
Coffey Anderson,7
DC Young Fly,5
Dana Williams,7
Dougie F,5
Fivio Foreign,16
Gorilla Zoe,13
Guitar Tribute Players,6
Hannah Jane Lewis,4
Hinder,22
Maggie Rose,5
Natasha Mosley,10
Noah Schnacky,4
Peter Allen,6
CRC Music,7
Ca$his,8
Colleen Green,6
Dead Obies,7
Dennis Jernigan,8
Grim Salvo,5
HDBeenDope,8
James Barker Band,6
Lin-Manuel Miranda,8
London After Midnight,6
MARK JAMES,5
Mellow Mood,7
Roadtrip,19
Sean Curran,6
"Soul Survivor,Tom Smith",4
The Disposable Heroes Of Hiphoprisy,5
glaive,9
4 Skins,5
Colour Haze,4
Eliot Sumner,10
Esmé Patterson,6
Fra Lippo Lippi,7
From Autumn To Ashes,15
Kelsy Karter & The Heroines,12
Paul Rey,7
Poco,6
Richard Thompson,11
SAAY,5
Sarahbeth Taite,4
Shabba Ranks,11
"Snoop Dogg,Charlie Wilson",7
St. Leroy II,4
The Company Band,8
The Karaoke Crew,12
Trashcan recordz,5
XOV,8
Black Pool,4
Bosson,15
Brandon Garth,12
CJ SO COOL,5
Cat Company,4
Driveways,18
Eric Roberson,8
Isbells,8
Itty Bitty Beats,9
James Newton Howard,5
Maddie Poppe,8
Matty Wood$,4
PEARS,8
Super Furry Animals,12
YT Triz,4
1910 Fruitgum Company,4
Brenton Brown,7
De/Vision,4
Gareth Emery,4
Holly Henry,6
Junie Oakes,4
Menomena,6
Miki Howard,6
Mutual Benefit,13
Poopy Man,6
Rupert Holmes,5
SLAVES,7
"SMASH Cast,Katharine McPhee,Jeremy Jordan",4
Sanctus Real,15
TRAVV TIGO,4
The Rapture,7
Wild Pink,7
Chris Squire,4
Social House,6
"Calvin Harris,Ellie Goulding",4
Louis Berry,5
Prides,9
Shady Moon,9
Alvin Slaughter,5
"Andrew Bayer,Alison May",5
Crisaunt,5
Eddie Murphy,6
"Grant,Juneau",5
Half Waif,10
Johnny Rodriguez,4
Landscapes,4
Little Chief,4
Mercury Rev,10
New Life Worship,6
Original Broadway Cast Of Jagged Little Pill,4
Sarah Cothran,6
The Brinks,6
"The Flaming Lips,Peter Mokran",6
The Fleetwoods,8
The S.O.S Band,11
Brad stank,7
Brazzaville,5
Darren Spice,4
Eric Carmen,11
FU-Schnickens,8
Hi-5,4
Imran Khan,4
Kris Wu,10
Machinae Supremacy,9
Petite Noir,4
Ramblin' Jack Elliott,7
"Raphael Lake,Ben Fisher",5
Reckless Love,5
SVRCINA,12
"Soul Khan,Akie Bermiss",5
Tera Melos,6
"Yung Mavu,Chuki Beats",5
Ayo Jay,6
Captain We're Sinking,7
Drex Carter,6
Janie Fricke,4
Jessie Paege,8
Kaiyko,6
Lil Scrappy,7
Lloyd P-White,4
Mr. Lif,7
PG RA,10
Sean C. Johnson,5
"Tony Bennett,Bill Evans",5
Baby Ariel,5
Black Wing,11
Rothstein,4
"Brian \"Head\" Welch",10
Cyhra,8
Daniel Boone,4
Danny Jacob,6
Jelani Blackman,5
NetNobody,8
Persefone,9
"Rich Homie Quan,Birdman,Young Thug",6
Stephen Sanchez,6
Teedra Moses,10
The Big Bopper,4
The Muffs,8
Warm Brew,5
Zeina,8
Big Brovaz,5
Black Belt Eagle Scout,8
Carolina Chocolate Drops,9
Cate,4
Cryptopsy,13
Dry Kill Logic,6
Equilibrium,6
IShowSpeed,5
Ice Billion Berg,5
JOHNNASCUS,14
Leeland,20
Night Terrors of 1927,4
"Patsy Cline,The Jordanaires",23
Screaming Trees,18
Starcrawler,7
"Sub Focus,Wilkinson",4
The Night Flight Orchestra,11
Ólafur Arnalds,4
Bahjat,5
Cheque,10
Gaidaa,4
Hillsong London,9
King Creosote,10
Lola Young,16
Loose Ends,11
Mental Cruelty,4
Pixx,5
Richie Campbell,17
That Kid,13
The Rah Band,4
VERSE,9
YUGYEOM,4
Big Narstie,5
Cailin Russo,6
Charlotte Gainsbourg,14
Clika 1,4
Cyberbully Mom Club,11
Gatecreeper,5
Griffinilla,5
Hazlett,4
MILKK,10
"Only The Family,Lil Durk",7
Roadrunner United,7
Teejay,16
Timmy Albert,4
Alex Porat,4
Anys,6
Woods of Desolation,4
Brennan Heart,6
"Chief Keef,DJ KENN AON",10
Eric Burdon & the Animals,7
Jai Waetford,17
Jay Gwuapo,13
Justus Bennetts,5
Kim Walker-Smith,23
NOLANBEROLLIN,7
Nikki Lane,15
Rob Baird,6
Saving Abel,5
The Smithereens,5
Thekidszn,6
Vic Chesnutt,10
White Sea,5
Winnetka Bowling League,15
Ying Yang Twins,30
Chiiild,9
Circle of Dust,11
Goldspot,7
Jake Paul,5
Joe Weller,8
Netsky,13
Ricky Martin,13
Rita Coolidge,10
Robert Blake / Erik Petersen,5
Sha EK,7
Social Repose,12
The Main Squeeze,4
"Willie Nelson,Wynton Marsalis",4
Your Smith,8
Zedd,5
ayokay,7
Aja,4
Basic Element,4
Bernard Jabs,4
Bobby Bare,7
Celluloidhead Collective,6
Coven,10
Deva Premal,14
Dum Dum Girls,11
"Gucci Mane,Rick Ross",4
Jem,7
Ronnie Milsap,14
SUNMI,6
Sho Baraka,15
Sleep Party People,24
Vanessa White,4
Babygirl,8
Bloodboy,4
Bombino,5
Donna Cruz,4
Katzenjammer,29
Koko Taylor,7
Lou Fellingham,6
Mamas Gun,6
Porridge Radio,13
South Connor,4
"The Isley Brothers,Ronald Isley",7
YBN Nahmir,16
Cecil Otter,7
The Technicolors,21
Christian Bautista,8
Curtis Harding,17
"Dabeull,HolyBrune",4
Dizzy Mizz Lizzy,16
"Funkin' Sound Team,Kawai Sprite",13
Have Heart,25
Katastro,9
Mainland,8
MiC LOWRY,14
Nick 13,7
One Day,5
Shirley Temple,10
Simon Webbe,6
Sol,12
Tim Armstrong,5
Tsar B,8
Tuka,11
B Purpp,12
"City Morgue,SosMula",6
Flying Colors,9
KZ Da Bandit,6
Redbone,9
Ricky Gazetta,4
Scratch Acid,8
siouxxie sixxsta,5
Ameritz Countdown Karaoke,7
Backxwash,5
COTERIE,4
Boy George,6
Carla Thomas,5
Fear,4
Johnny Yukon,20
Kunt and the Gang,8
Natural Child,4
Nusrat Fateh Ali Khan,5
Ondara,12
Svmmerdose,12
Torche,4
Tula,4
3LW,12
Active Child,14
Better Off,10
Boldy James,8
City Mouth,4
"Bethel Music,William Matthews",5
Boot Camp Clik,11
Dora The Explorer,10
Dorrough Music,7
Gvllow,5
Norman Blake,5
Southside Johnny And The Asbury Jukes,8
Surfer Blood,14
The Music,4
The Real Group,7
Thelma Houston,4
Yung Weej,7
Chapterhouse,6
JMIN,7
Mike Campbell & The Dirty Knobs,4
Miss Montreal,5
Myles Parrish,14
Savlonic,7
"Sleepy Hallow,Sheff G",8
SonaOne,5
Stacey Q,5
Story Of The Year,21
Takida,5
Three Beat Slide,4
Union J,7
cLOUDDEAD,9
hamilton,8
Beth Nielsen Chapman,7
Common Souls,4
Danny Schmidt,4
"E-40,Stresmatic",4
Evann McIntosh,14
Fairport Convention,17
Lil Boii Kantu,7
Prince Buster,5
Roky Erickson,14
Ron Suno,6
Sean Kingston,20
Shane Dawson,4
Tony K,8
Tyler Posey,5
VCTMS,7
YonKaGor,7
Badfinger,12
Christian Lalama,4
Valentino Khan,4
DJ SoulChild AC,6
Elipsa,6
Elizabeth Mitchell,13
En Vogue,17
HENRY,4
Hella,4
Lil Blurry,5
Marley G,5
Nicklas Sahl,10
Pretend,4
Shawty Lo,11
The Rankin Family,12
Venom Prison,6
Xavlegbmaofffassssitimiwoamndutroabcwapwaeiippohfffx,8
Eighty Ninety,7
Electric Guest,24
Elli Ingram,14
Emily's Army,5
Empathy Test,6
Galimatias,10
Gangthelabel,4
Gia Margaret,8
GusGus,16
High Highs,5
Jasmine Murray,5
Lower Definition,5
Moonrise Nation,4
Ofelia K,5
Phyllis Hyman,10
Quintino,6
"Ralo,YFN Lucci",4
Rome Hero Foxes,16
S. J. Tucker,13
"Side A,Jun Reyes",5
Third World,10
"Tom Misch,Carmody",4
Venetian Snares,4
ATB,6
"Conway Twitty,Loretta Lynn",11
Diary Of Dreams,12
Divine Council,5
Geri Halliwell,8
Imaginary Future,14
Nouns,11
OSI,6
Shanice,8
Tyrone Wells,11
Brothertiger,4
Carl Carlton,5
Dan Le Sac vs Scroobius Pip,19
DrownMili,6
Glue Trip,5
"JUVENILE,Big Tymers",5
Kate Stewart,8
Knxwledge,10
Lil House Phone,4
Moondog,7
Nightcore Reality,5
Retirement Party,7
The Knack,4
Whitey,19
Willie Taylor,5
BrvndonP,5
Feed Her to the Sharks,8
Fismoll,5
Kash Doll,22
Kaylee Bell,4
Luca Brasi,6
"Lynda Carter,John Jarvis,Kerry Marx",4
Maan,5
Raised By Swans,4
Rufus Thomas,5
TGT,12
Zilo,5
birthday,5
Charttraxx Karaoke,5
Chase Icon,8
Atlas Sound,6
Boyish,5
Burna Bandz,12
Chloe Adams,4
Daniel Skye,9
Ella Grace,5
Hudson Thames,5
Iceboy Ben,10
Missan,4
Ottawan,5
Provoker,4
"Wind & Fire, Earth",4
Yabujin,6
Cognito,4
Boonk Gang,8
Farrah Abraham,11
Fu Manchu,5
Gary Barlow,10
Husbands,4
John Wolf,4
"Laura Marling,LUMP,Mike Lindsay",5
Mali-Koa,12
Maudy Ayunda,4
Mommy Long Legs,13
Nate Traveller,5
Pipe-eye,5
"Rich The Kid,YoungBoy Never Broke Again",4
Talia Mar,10
The Three Degrees,9
Violet Chachki,4
"fish narc,Brennan Savage",5
Anna Bergendahl,5
Big Heath,4
Johnny Cinco,21
Cancerslug,9
"Drake,Rick Ross",4
English Frank,4
"Hybrid Minds,Grimm",4
Jessie Buckley,9
"Juelz Santana,Cam'ron",4
Kollision,5
Nik Ammar,7
"RBD,Anahí,Dulce María,Maite Perroni,Christian Chávez,Christopher von Uckermann,Alfonso Herrera",6
Roy Brown,4
Sisyfuss,6
Sonny Tennet,5
Stepdad,6
Sterl Gotti,5
Suicide Commando,5
Tarik,4
demxntia,11
Five Star,5
Giles Corey,11
Hocico,9
Jackie Hill Perry,16
Jank,12
John Rowles,9
Justice Crew,8
Knox Fortune,6
RAJAN,7
Save Face,6
Zo,10
Alexander Stewart,11
Analepsy,4
Andi,9
Cape Lions,4
Dojo Cuts,4
Keak Da Sneak,6
Melt-Banana,9
Tourist,5
"DANGERDOOM,MF DOOM,Danger Mouse",10
Dream Mclean,4
"Ella Fitzgerald,Oscar Peterson",5
Forever Came Calling,5
Georgi Kay,6
Jo Dee Messina,9
Madds Buckley,7
Neal McCoy,5
Tim Curry,4
Blacc Zacc,5
Gob,6
J. Maya,4
New Beat Fund,4
Roblox Da Gamer,7
Thirsty Merc,8
lemin.,4
Ecco the Beast,6
K-OS,11
Sexyy Red,5
TK from Ling tosite sigure,4
Yvonne Fair,4
"Crazy Ex-Girlfriend Cast,Pete Gardner",6
David Alexander,4
Elaine,7
Diamond Rio,8
Jonathan Traylor,6
love-sadKID,4
snny,4
Julian Lennon,4
Kamrin Houser,5
Kane Strang,10
Sam Feldt,4
Camp Lo,12
Caspr,4
Killval,10
MC YOGI,4
múm,8
Barny Fletcher,4
Cory Gunz,6
Nena,4
Shake Shake Go,5
The Panturas,6
bo en,7
Ahmad Lewis,4
"Eric Clapton,B.B. King",8
Pharoah Sanders,4
Rixton,12
Roch Voisine,4
Sauce Twinz,4
"Zoey Dollaz,Future",4
Earth & Fire,5
Fort Atlantic,5
IVE,5
Obongjayar,4
Rick Price,5
"Snoop Dogg,October London",4
The Arrogant Sons Of Bitches,8
Aaron Tippin,4
Alesha Dixon,4
Dave Allen,4
Sweet Honey In The Rock,4
The Crimson Armada,4
Will Bloom,8
Winter Aid,8
"Wordsplayed,Weathrman",7
Glass Tiger,4
Moaning,5
Eric Hutchinson,7
Mo Thugs,5
Nicole Atkins,7
Nuclear Assault,7
Sodikken,6
Thompson Square,7
"Webbie,Boosie Badazz",5
Will Paquin,4
Dallas Tamaira,5
"Future,Gucci Mane",4
Marieme,5
Racing Glaciers,6
Slim Harpo,4
Deante' Hitchcock,20
Elujay,6
Frenzo Harami,4
Dwayne Johnson,5
EASHA,4
Evalyn,7
Hook,6
Jon Anderson,5
Paloma Ford,7
Robby Hunter Band,4
Studio Killers,13
Teairra Marí,4
Dan Hill,4
Earnest Pugh,9
"Ella Fitzgerald,Duke Ellington",7
"Deen Squad,Karter Zaher",5
John Michael Montgomery,9
Morris Day,6
SK8,6
Ty Segall Band,7
carobae,4
Freedom Call,5
Kojaque,8
"Dexys Midnight Runners,Kevin Rowland",4
"Nick Blaemire,Lauren Marcus,Andy Mientus,Krysta Rodriguez,George Salazar",4
Omar Esa,6
Freak Kitchen,5
Hayden Everett,4
"Rich Homie Quan,Young Thug",10
Blaze,4
Iyaz,5
Jon Egan,4
Overcoats,5
Anneke Van Giersbergen,4
GARZI,6
Jonathan Jeremiah,4
Lil Kloroxxx,4
Luke Bell,5
Ryley Walker,6
"The Brooklyn Tabernacle Choir,Onaje Jefferson",5
The Slow Show,6
"Gucci Mane,2 Chainz",6
Kevin Kazi,5
Sam Evian,5
The Field Mice,6
Topaz Jones,7
Claire Richards,4
Deane Waretini,4
Early James,4
Gundelach,4
Lila Iké,7
Marlene,4
Tramaine Hawkins,4
"Daddyphatsnaps,Fabvl",4
"Eddie Cochran,The Four Dots",4
Jacqulyn Felks,5
LunarYouth.,4
Larnelle Harris,7
TWENTY88,7
Terrorizer,4
"Thouxanbanfauni,UnoTheActivist",6
Sunset Special,4
Sassy 009,4
The Sidekicks,6
"Young Thug,Duke",4
Zion Houston,7
Eden xo,5
Sleeping Wolf,7
Die Mondez,7
Jamie xx,4
John Baumann,6
Two Tongues,6
Utah Phillips,4
Zee Avi,9
Disembodied,4
Edwin Elijah Diaz,5
Haley Steegens,5
The Firm,11
Benji Lewis,6
Humphrey Lattimore,4
Mortiis,4
Syl Johnson,9
Th' Dudes,6
"Andrew Lloyd Webber,Jason Donovan,Linzi Hateley,\"Joseph And The Amazing Technicolor Dreamcoat\" 1991 London Cast",5
Az Yet,4
ZUHAIR,5
Kay-O,5
Opshop,5
Paris Music,8
The Wonder Stuff,6
Vacation Manor,13
Young Lions,6
GRANT KNOCHE,4
Jamie Miller,6
"La Coka Nostra,ILL BILL,Slaine,DJ Lethal",4
Reb Fountain,7
"Rustage,McGwire",4
The EverLove,4
The Sugarcubes,14
Young Wicked,6
David Cassidy,9
Lansdowne,6
Gang Gang Dance,5
Steve Wariner,4
The Wise Man's Fear,12
"JJ Hairston,Youthful Praise",4
Julie Rogers,4
Heavenly,6
Hurt Everybody,4
Sahtyre,4
Sister Nancy,5
Household,4
Fuse ODG,4
Polvo,8
Yugo Kanno,4
Connor Price,4
Emitt Rhodes,5
Marisa Maino,5
Victoria Jared,4
Mercy Chinwo,4
"Khantrast,Musicality",4
Kill Jasper,5
Horrible,4
Boys World,5
Honors,4
Wordsplayed,4
Master Peace,4
"Snoop Dogg,Swizz Beatz",4
Thea,4
Wind In Sails,4
Large Professor,4
Arz,4
Dwellings,11
The Nolans,5
Fortunes.,7
Hard Target,4
"Hot Boys,Big Tymers",5
Eva Simons,5
N.O.R.E.,6
"Timmies,Shiloh Dynasty",5
Will Heard,5
Josh Baldwin,7
Swearin',5
"Hillsong Worship,Matt Crocker",6
"Soft Hair,LA Priest,Connan Mockasin",6
Fallen Pine,4
K7,4
"Mozzy,June",5
Voices From The Fuselage,6
Stanaj,10
Timo,4
Thriftworks,4
Jimmy Dooley,4
Matt Heckler,4
"Sean Dagher,Nils Brown,Michiel Schrey,Assassin's Creed",4
Iron Eyes Cody,4
Only The Poets,7
Slim Jesus,5
Thirdstory,9
"John Farnham,Olivia Newton-John",5
Saleka,4
Ivorian Doll,4
Jay Smith,4
Jye,6
You vs Yesterday,4
Simmy,4
The Weather Girls,4
Juice,4
Lou Christie,6
Biga*Ranx,6
KURUPT FM,5
"G Herbo,Lil Bibby",5
We Banjo 3,5
"Anaïs Mitchell,Jefferson Hamer",4
Gang Green,4
SLIFT,5
Bonny Doon,5
"Katey Sagal,The Forest Rangers",4
"Sincerely, Me",4
Xavier Omär,6
Jackie Evancho,4
Jordan Rager,6
Max Richter,4
Janice,4
Popp Hunna,4
The Mulligan Brothers,4
Young Dizz,4
Netta,4
"SASASAS,Macky Gee,DJ Phantasy,Harry Shotta,MC Shabba D,Skibadee,Stormin",4
Johnny Hollow,7
Red Velvet - IRENE & SEULGI,4
Ultra Q,4
Ennio Morricone,5
Poppy Ajudha,5
Wanna One,4
LocateEmilio,5
Verb T,6
U.S.D.A.,5
MC Virgins,6
Nova,4
Paleface Swiss,5
The System,4
WATERMEDOWN,4
Nick Bonin,4
Upon This Dawning,4
"Fly My Pretties,Barnaby Weir",4
Malu Trevejo,4
Peter Schilling,5
Gert Taberner,4
General Elektriks,4
"UPPERROOM,Joel Figueroa",5
Mrs Mayford,4
Animal Flag,4
Smart Songs,4
03 Greedo,74
Arlo Guthrie,111
"Avantdale Bowling Club,DUSTY & GHOS",5
Aviators,66
Babe Rainbow,24
Bessie Smith,32
Beyond Creation,7
CUXTHROAT,5
Candi Staton,9
Chaka Khan,117
Chris Janson,19
Coast Modern,20
Dean Brody,10
Dirty Heads,70
Doc Watson,18
Dolores Keane,5
Dragon,26
Eisley,19
Elle Varner,16
Erik Hassle,9
"Ethereal,Playboi Carti",4
Gin Blossoms,14
Gloria Tells,6
Gnarwolves,7
Home Free,11
Hoops,13
Isaac Hayes,20
JAMIE WEBSTER,8
LCD Soundsystem,44
Lowkey,25
Lowland Hum,7
Mak Sauce,5
Mapei,4
Melanie De Biasio,11
Meltycanon,7
NGeeYL,5
Negative Approach,7
Neneh Cherry,12
Nik Kershaw,8
Oneohtrix Point Never,24
Onision,6
P-Square,25
Panda Bear,49
"Passion,Charlie Hall",7
Paul Wall,16
SAFIA,15
SEBii,10
Scallops Hotel,13
Side A,7
Stormzy,47
Tammy Rivera,10
The Hold Steady,91
The Hunna,31
The Isaacs,9
Tropical Fuck Storm,26
"Yellowcard,Hammock",6
Yung Ro,5
blackwave.,10
Acid Ghost,27
Ashton Edminster,6
Bloodbath64,5
Jah Vinci,10
Twisted Sister,23
Aaron Taylor,7
Amy Macdonald,40
As I Lay Dying,51
Avi Kaplan,14
Babes In Toyland,21
Black Fortune,7
Blues Saraceno,20
Brojob,8
Bryan White,45
Burl Ives,21
Chess In Concert,38
Corinne Baker,7
DISPATCH,34
Danko Jones,7
Dismemberment Plan,24
Dorothy,26
Drakeo the Ruler,48
Elle King,28
Emilie Kirsstadt,10
Frazey Ford,12
From Indian Lakes,37
Future Teens,16
HEALTH,32
HUNNY,24
Hannah Diamond,14
Helmet,16
Holy Ghost!,15
Hunter Hayes,47
ImDontai,18
In Mourning,6
Intuition & Equalibrum,14
J.J. Fad,4
"JAY-Z,Kanye West",5
Jess Glynne,32
KSI,38
Lakewood Church,4
Laura Shigihara,8
Lonestar Void,4
Lords Of The New Church,6
Loreena McKennitt,36
Lyn,7
Madi Diaz,5
Mcbaise,4
Moonchild,34
Natalie Merchant,21
Orgy,22
Paul Baloche,8
Rivers of Nihil,22
Rx Papi,6
Selena Gomez,99
Show Me the Body,27
Snoh Aalegra,51
SoMo,60
Starsailor,15
Suigeneris,32
The Bravery,10
The Orb,4
The Verlaines,4
Thomas Anders,8
Timi Yuro,5
Token,57
Trill Sammy,12
Warrant,11
Willie D,13
Winona Oak,13
Wintersun,15
Young Diamond,5
Yuno Miles,6
"2Baba,BEENIE MAN,KUNLE,O.J.B.,BLACK FACE,DE NATIVES,FREESTYL,E.T.C.",5
Bahari,13
Adele,82
Aer,34
Amber Run,47
Amel Larrieux,14
B Young,16
B.G.,17
Bravo,6
CHRIS YONGE,7
Chris Sails,13
Chris Thile,8
Claud,17
Cloud Nothings,30
Coolio,25
Daniel O'Donnell,32
Deitrick Haddon,10
Duran Duran,64
Franz Ferdinand,64
Gareth Gates,7
Glocca Morra,11
GlockBoyKari,5
Heatmiser,11
ILL BILL,27
Iggy Azalea,57
Impending Doom,34
Innanet James,5
Intronaut,4
Jaheim,27
Jelly Roll,61
Johnny Polygon,13
Justine Skye,41
KA$HDAMI,28
KRS-One,91
Kamasi Washington,11
Kirsty MacColl,103
Ko-Jo Cue,4
Lankybox,4
Lincoln,6
Logic,153
Lower Than Atlantis,22
Marina Davis,4
Mickey Darling,9
Olivia Rodrigo,34
Pet Shop Boys,198
Prawn,5
Queenadreena,29
Rey Pila,7
Sam Cooke,78
Seal,41
Shapeshifter,641
Sophie Zelmani,10
Sorcha Richardson,9
Taylor Dayne,11
Tesla,25
TesseracT,39
The Lovin' Spoonful,17
The Record Company,14
Todd Rundgren,34
Tom The Mail Man,28
Traveling Wilburys,29
Victory,8
Voxtrot,15
"Westside Gunn,AA Rashid",4
Worriers,9
Yebba,13
moe.,13
Amber Olivier,7
Archy Marshall,8
4ever Falling,5
7 Year Bitch,8
Al Stewart,16
Anthony Evans,14
Antonia,7
Arch Enemy,41
Autoheart,37
BROCKHAMPTON,156
Belinda Carlisle,14
Blondie,70
BlueBucksClan,37
Bobby Darin,32
Booggz,8
Butthole Surfers,72
Caliban,16
Catching Flies,5
Cherrelle,10
David Ryan Harris,6
Destroy Boys,30
Devon Baldwin,14
"Diana Ross & The Supremes,The Temptations",12
Ed Harcourt,7
Elina,13
Firehouse,11
Futurebirds,13
Glass Tides,6
Grace Potter,20
I Wayne,8
IC3PEAK,25
Infected Mushroom,33
J. Stone,6
Jervis Campbell,14
KNEECAP,5
Keith Murray,10
Kimya Dawson,44
Konshens,22
"Lil Duke,Young Thug",5
Lil Soda Boi,6
Lillian Hepler,8
Lithe,15
Madison Ryann Ward,9
Martin Jensen,8
Matthew Koma,4
Maylene And The Sons Of Disaster,10
"Moneybagg Yo,YoungBoy Never Broke Again",4
Narrow Head,9
Neon Trees,37
Nephew,4
New Hope Club,28
Nicki Minaj,130
Promoe,7
Prophets Of Rage,17
Ramriddlz,30
SPELLLING,19
Smooth Jazz All Stars,28
Sonny & Cher,13
Sounds Of Blackness,13
Tenor Saw,4
The Chemical Brothers,52
The Home Team,13
The Postal Service,17
The Soft Moon,16
Thomas Rhett,75
Thutmose,16
"Twisted Insane,Redro Killson",4
VHS Collection,13
Wanting,8
flipturn,17
Alma Cogan,5
Ameer Vann,9
Atom And His Package,5
BELLSAINT,5
Jreg,10
2KBABY,16
Angeline Quinto,5
Avalanche City,24
Billy Idol,39
Brennan Lynch,12
Brother Ali,94
CSS,12
CityAlight,16
DMA'S,39
"David Guetta,Sia",4
Diamond Eyes,9
Dustin Kensrue,21
Dwn2earth,16
Frank Ocean,180
Gucci Mane,449
Gudda Gudda,5
Heart Of A Coward,10
JMSN,65
Jay Park,29
Jonathan Groff,6
Kid Bloom,18
Kid Tini,4
Kidd Keo,16
Kyle Park,14
Laura Story,11
Lauren Sanderson,32
Lefty Frizzell,10
Liimo,6
Lincoln Jesser,4
Lindsey Buckingham,14
Louis Cole,14
Minutemen,63
Mogli,8
Natasha Bedingfield,21
Night Beds,19
Nightmare Of You,4
Oliver Anthony Music,5
Owen Pallett,29
Parliament,48
Paul Wilbur,19
Photronique,5
Ronnie McDowell,5
"Rustage,OzzaWorld",7
STEELHEART,7
Sabaton,128
Sarah and the Sundays,10
Satellite,6
Semisonic,8
Sentenced,23
Shonlock,8
Sofi Tukker,21
"Swollen Members,Madchild",22
Tenacious D,74
The Broadways,11
The Crane Wives,61
The Naked And Famous,45
The Tenors,4
"The Weepies,Deb Talan,Steve Tannen",27
Toby Fox,33
Wings,33
Yeek,28
Young M.A,45
wewantwraiths,9
A Great Big Pile of Leaves,14
At The Gates,14
Ray Boltz,25
AGNEZ MO,14
Aaron Carter,16
Aidan Gallagher,6
Algiers,25
Ambar Lucid,15
Bane,14
Bars and Melody,59
Bob Moses,28
Bobby Womack,25
Boys of Fall,13
Brian Eno,34
Cassia,5
Cock Sparrer,16
Cult Leader,15
David Gray,40
Dos Gringos,16
Electric Wizard,47
Esthero,4
Eyehategod,11
Hundred Suns,7
"JJ DOOM,MF DOOM,Jneiro Jarel",9
John Powell,5
John Prine,205
Johnny Gill,23
Julie Bergan,16
Keren Ann,5
Landon Cube,20
Local Natives,51
Madeon,15
Mads Veslelia,10
Noa,38
Oh Wonder,56
Pretty Willie,7
Priscilla Renea,5
RIELL,7
"Richard Smallwood,Vision",5
SMiLE.dk,8
Sade,60
Sandra,14
Save Ferris,5
"SawanoHiroyuki[nZk],Gemie",4
Sewerperson,14
Shenseea,31
Simply Red,24
Stephanie Poetri,7
The Body,21
The Chicks,57
The Hoosiers,21
The Imperials,36
The Jungle Giants,39
The Manhattans,13
The Selecter,9
Thy Art Is Murder,60
Trent Dabbs,7
Tristam,25
Tusks,4
Two Another,9
Upchurch,175
Wham!,34
Wretch 32,22
anees,9
Blanche,5
Tavares,12
83HADES,13
A Place To Bury Strangers,16
Adrian Daniel,5
Anna Wise,10
Arlo Parks,21
B.o.B,55
Blood Incantation,5
Bob Dylan,574
Candlemass,18
Carach Angren,36
Caroline Polachek,21
Charlotte Jane,6
Crash Test Dummies,9
Darkthrone,42
De Staat,17
Ferlin Husky,5
Fly By Midnight,15
Gaither Vocal Band,92
Galantis,40
Gloria Gaynor,44
Green Day,332
Greg Holden,7
Hector Harrison,4
Hori Shaw,297
Ibeyi,23
Jaylon Ashaun,6
Jessie Murph,6
Jo Stafford,5
Kate Rusby,27
"Lecrae,Tedashii",6
Liam Gallagher,34
Lil Candy Paint,19
Lilla Vargen,7
Louis Prima,4
Marika Hackman,49
Matthew Good Band,5
MercyMe,40
Mikelwj,8
Monifah,10
Morrisson,4
Mystic Braves,9
NEW CITY,4
Plan B,42
Pouya,45
RY X,26
Ricky Nelson,18
Rico Nasty,60
Rizzle Kicks,21
Savannah Outen,5
Sevyn Streeter,26
Slow Pulp,12
Sons of Zion,21
The Business,9
The Chats,29
The Crabb Family,22
Tracey Thorn,6
Utopia,80
Victoria Monét,9
We Are Messengers,11
Witt Lowry,34
mgk,51
Matt Mays,15
Weatherbox,5
Wolf Parade,39
Ameritz Tribute Standards,10
Bagatelle,9
Best Coast,44
Brennen,4
Brooks & Dunn,13
CeeLo Green,35
Chase Petra,7
Chris LeDoux,11
DJ Fresh,9
Dodgy,4
Donavon Frankenreiter,13
Dopelord,4
Dormtainment,10
Dr. Dog,64
Eat Your Heart Out,5
Editors,67
Ember Island,7
Ethan Jewell,8
FELIX SANDMAN,12
Finish Ticket,9
Froggy Fresh,25
"G Herbo,Lil Durk",4
Gregorian,9
Hoobastank,18
Hot Mulligan,43
Hrvrd,10
ICEHOUSE,15
Indigo De Souza,23
Jason Isbell and the 400 Unit,36
Jeff Rosenstock,70
Joey Dosik,6
John Fogerty,23
Jon Langston,11
Joyce Wrice,11
Kim Carnes,6
Krypteria,4
Leaders of the New School,11
Lucidious,15
Luke Sital-Singh,16
MACABRE,9
Manu Crooks,9
Morgan Evans,8
Mura Masa,8
Nakala,8
"Noa,Gil Dor",5
Noel Gallagher's High Flying Birds,56
Olivver the Kid,14
Oscar Peterson,16
Phosphorescent,29
RAY BLK,13
Robyn Adele Anderson,8
Rocko,34
"Sheff G,Sleepy Hallow",9
Shona Laing,11
TAEYEON,24
Tally Hall,31
The Boomtown Rats,12
The Lonely Island,38
The Marshall Tucker Band,12
The Raven Age,13
The Story So Far,54
"Timmies,Mishaal Tamer",4
Toad The Wet Sprocket,21
Ty Brasel,19
Ultravox,68
Up Dharma Down,18
Wet,25
Wormrot,4
Wulf,5
"Wyclef Jean,Refugee All Stars",5
billy woods,37
$atori Zoom,8
Aryia,6
Bay City Rollers,6
The Stanley Brothers,7
"\"Weird Al\" Yankovic",197
Adrian Stresow,16
Antônio Carlos Jobim,9
Avalon,8
Bass Drum of Death,25
Bone Brothers,4
Br3nya,5
Brent Cobb,16
Bryan Ferry,17
"Chaka Khan,Stanley Clarke,Chick Corea,Joe Henderson,Freddie Hubbard,Lenny White",7
Cory Hanson,4
Cypress Hill,103
Dangerkids,17
Dante Sklaw,4
Dion Timmer,4
Florida Georgia Line,60
Foggieraw,11
GR€Y,8
INOJ,5
J Wawa,8
JON VINYL,12
Jawbreaker,44
Jeff Bernat,27
Johnny Nash,10
Jonathan Nelson,7
KB Mike,10
KONGOS,25
KOOL A.D.,11
LANCO,9
Late Night Alumni,8
Let's Eat Grandma,17
Lewis Watson,16
Many Voices Speak,4
Mary J. Blige,133
Mat McHugh,9
Maurice Moore,15
Mickey Guyton,13
Monster High,4
Mystikal,31
Norma Jean,61
Phony Ppl,21
REI AMI,8
Raised Fist,22
SAFE,15
Simon Curtis,20
Summrs,49
TJ & Huri,18
The Licks,6
Tony Bennett,21
Twelve Foot Ninja,26
Younger Hunger,11
ZZ Top,158
easy life,13
Manfred Mann,10
AS IT IS,39
Alex Vargas,18
Beirut,58
Big Boogie,14
Birdy,70
Blood Cultures,11
Brad Paisley,62
Cage The Elephant,66
Corrinne May,11
Cyrax,7
Delirious?,17
Don Henley,76
DubVision,5
Edwin Cougar,7
Emotional Oranges,16
Fat White Family,29
"Future,Lil Wayne",4
Half Pint,6
Hot Freaks,12
Howard Jones,107
"Huncho Jack,Travis Scott,Quavo",10
Icewear Vezzo,22
Joji,30
José James,14
Junior Boys,7
Ken Boothe,9
Kublai Khan TX,35
Leanna Crawford,9
Lee Greenwood,7
Lost Boyz,19
Love to Sing,18
Matt Redman,125
Mudvayne,50
Nancy Sinatra,18
Original Backing Tracks,5
Oz Sparx,5
Project Vela,4
RockstarRican,5
SOFT PLAY,44
Set It Off,99
Stand Atlantic,28
Starlito,77
Strawberry Alarm Clock,6
The Cheetah Girls,23
The Cult,27
"The Game,DJ Infamous Haze",6
"The Kids From \"Fame\"",5
The Strumbellas,40
The Weakerthans,47
The White Noise,8
"The Worship Initiative,Shane & Shane",26
Tiamat,27
Todd Snider,42
Tomberlin,15
Tonight Alive,51
Toro y Moi,78
Tweet,11
Twin Atlantic,13
We Are The Fallen,7
"i have none, Apologies",8
jahmiel,27
Alessi Brothers,5
student 1,4
$NOT,24
1010benja,4
AG Club,14
Air Dubai,4
Alain Clark,4
Bedouin Soundclash,5
Bernhoft,9
Bitter Ruin,7
Bondage Fairies,34
Brett Eldredge,36
Busta Rhymes,100
DMP,5
DeYarmond Edison,8
Donna Missal,23
Eddie James,14
El Hitta,5
Eric Church,91
FRANCO,20
Faces on TV,4
Fox Academy,23
Gabby Barrett,13
Half Moon Run,38
Halloweens,4
Imagine Dragons,251
Interpol,82
Isyana Sarasvati,7
Jeru The Damaja,29
Joshua Kyan Aalampour,4
Lara Fabian,22
Loner Deer,4
Lucy Hale,12
Lud Foe,58
Ludo,27
M.anifest,24
Mary Lambert,23
Mini Mansions,20
PmBata,4
Rachael Yamagata,22
Raleigh Ritchie,36
Rebel Souljahz,17
Ricky Dillard,7
Rubblebucket,18
Sam Fender,46
Shakira,43
Shawn Harris,5
Sheck Wes,27
Skinnyfromthe9,20
St. Vincent,80
Sukihana,9
Sworn In,33
The Narcissist Cookbook,6
The Other Favorites,8
"Tyga,Lil Wayne",6
Vel Nine,9
"ZOMBIES – Cast,Disney",6
"Raffi,Ken Whiteley",6
Scarlet Pleasure,33
The Fratellis,65
A-Wax,5
"ANTH,Conor Maynard",9
Ace of Hearts,12
Amidst the Grave's Demons,5
BUSDRIVER,35
Baby Smoove,62
Black Hippy,13
Blaq Tuxedo,6
Blutengel,7
Bon Qui Qui,4
Bowling For Soup,64
"Brian Doerksen,Integrity's Hosanna! Music",7
Carter The Unstoppable Sex Machine,12
Cher Lloyd,22
Chris Quilala,8
Christina Grimmie,34
Coasts,13
Damar Jackson,7
Delta Rae,26
Dependence,9
Digable Planets,19
Enchantment,5
Eurielle,6
Evanescence,115
Ex:Re,9
Foxes and Peppers,6
Grace VanderWaal,31
Guvna B,10
Issa Gold,12
Jake Bugg,54
Jake One,4
Jenny Lewis,31
Jon Fratelli,5
KXNG Crooked,73
Kailee Morgue,13
Kamiyada+,20
Kodak Black,214
Lil Cobaine,7
Madame Gandhi,9
McFly,54
Microwave,34
Miriam Bryant,9
Motionless In White,66
Nina Nesbitt,40
Pale Saints,9
Palms,6
Paul Anka,24
Peter Frampton,14
Quarterflash,24
Red Sun Rising,15
Regine Velasquez,96
Remble,8
Rhys,25
Rocky Badd,11
Rodney Atkins,12
Rose Cousins,13
Rostam,17
SSG Splurge,46
Schmekel,7
Shane Koyczan and the Short Story Long,7
Sir Chloe,12
Sondre Lerche,11
SosMula,8
Stars and Rabbit,10
"Stills, Nash & Young, Crosby",4
Temples,29
The Altogether,16
The Delfonics,17
The Dramatics,16
The Raveonettes,14
Wolfbrigade,4
XV,11
Young Thug,102
killedmyself,4
maudlin of the Well,9
of Montreal,128
"67,LD,Dimzy,ASAP,Monkey,Liquez",9
Alice on the roof,4
Betsy,7
Ace Frehley,7
Ahadu Studios,4
Alison Wonderland,19
Banky W.,7
Bishop Nehru,33
Boobie Lootaveli,8
Brody Dalle,9
CAKE,106
Conor Oberst,42
D Savage 3900,7
DOWN,27
Daron Malakian and Scars On Broadway,30
Eddie Holman,4
El Huervo,7
"Ella Fitzgerald,Louis Armstrong",26
Ella Mai,38
Elysion,7
Emery,57
Fear Factory,35
Gary Numan,163
Gotye,20
Great Big Sea,107
Greg Laswell,8
Gungor,27
Jasmine Thompson,47
Joey Cape,4
John Holt,16
Jor'dan Armstrong,5
Kaitlin Butts,6
LION BABE,22
LOONA,33
Leo Sayer,90
Loving,14
Luna Luna,5
Meredith Brooks,6
Michael Martin Murphey,18
Mome Boys,8
Montell Fish,24
NAYEON,20
NIKI,24
Octavian,24
OneRepublic,107
Original Hit Makers,7
PRXJEK,45
Paull Wall & Chamillionaire,4
R5,32
Rhonda Vincent,8
Rosanne Cash,7
Said The Whale,14
Sam Hunt,31
Sebastian Mikael,4
Shout Out Louds,8
Sinach,64
Smerz,11
Speedy Ortiz,30
Tadpole,5
The Dreadnoughts,55
The Expendables,14
The Smith Street Band,59
whatever mike,6
yeule,19
ATO,10
Asiah,8
Preoccupations,23
A Covering,4
Amir Sulaiman,4
Awaken I Am,11
Ayoni,6
Bad Bad Hats,11
Bathory,62
Budgie,9
Caro Emerald,25
Cass McCombs,30
Cheap Sober,4
Choker,30
Dead Meadow,4
Donny Hathaway,30
Genesis Owusu,18
Gengahr,14
"George Jones,Tammy Wynette",10
Gleemer,26
Grant Lee Buffalo,9
HELLYEAH,29
Jaxxon D. Silva,7
Jdam,7
Jill Scott,72
Junius,5
K Money,4
KATIE,11
Karaoke Diamonds,24
Kes,7
Late of the Pier,6
Lava La Rue,7
LightSkinKeisha,23
Lola Blanc,6
Lunatic Soul,14
Marlin's Dreaming,12
Mick Jagger,14
Mini Thin,5
Moon Taxi,28
My Epic,27
"Neil Young,Crazy Horse",19
Nick Shoulders,11
OOHYO,7
Powerman 5000,10
Shirley Brown,4
Skitz The Samurida,4
Sneakbo,11
Son Little,24
Stonebank,5
Sugar Candy Mountain,9
Summer Salt,34
Tash Sultana,29
The Hollies,160
The Meltdown,4
The Pigeon Detectives,15
The Rubens,23
Wavy Jone$,7
Wipers,27
X,45
"XV,MIKE SUMMERS",6
ZZ Ward,21
nascar aloe,34
Aaron Carpenter,4
Ahab,7
Sly & The Family Stone,37
Alicks,9
Amarante,7
"Autumn!,Summrs",7
BOYO,6
Bart Baker,37
Counterparts,65
"Don Moen,Integrity's Hosanna! Music",63
Elephant Man,11
Emma Blackery,24
Gazebo,4
Ghostpoet,26
HIM,126
Harrison Storm,14
JELEEL!,7
Jah9,8
Jessica Simpson,26
Johnnyswim,34
Joni Mitchell,171
KIAN,5
Kat Graham,6
Kero Kero Bonito,51
Kilo Kish,28
King Bach,5
Kurt Elling,8
Leprous,64
"Lord's Child,Montell Fish",12
Lucky Dube,121
Maddie Zahm,5
Madlib,12
Mel Tormé,8
Mindless Behavior,25
Molly Brazy,25
Noija,4
OverDoz.,5
Peach Tree Rascals,17
RZA,28
Reignwolf,11
Renee Geyer,16
Swimming Tapes,7
Tedeschi Trucks Band,19
Tessa Thompson,4
The Beaches,16
The Holy Guile,6
Tomorrow People,45
Travis,107
Tyla Yaweh,12
Týr,25
V. Rose,5
VI Seconds,19
Thomas & Friends,30
1K Phew,20
A Thousand Horses,5
Agar Agar,12
Alan Menken,12
Albin Lee Meldau,14
Andy Kong,9
"August Greene,Common,Robert Glasper,Karriem Riggins",5
BEAM,15
Baccara,4
Beach Weather,9
"Benny The Butcher,Conway the Machine",4
Bradley Cooper,5
Canon,20
Corb Lund,31
Cory Asbury,24
Danity Kane,26
Danzig,42
David Dallas,13
Def Leppard,180
Dion,33
Elephant Revival,10
Ezra Bell,18
Freestyle Fellowship,18
James TW,28
Jaymes Young,32
Jet Black Alley Cat,6
John Lindahl,7
June's Diary,9
Kennedy Rd.,5
Khruangbin,12
Larry League,18
Liily,6
Lissie,40
MIKE,43
Matt OX,18
Missy Higgins,24
Montana of 300,56
Mr. President,12
Muddy Waters,48
NOK from the Future,6
Nostalghia,15
Parasite Inc.,4
Parker McCollum,38
Pete Seeger,89
Phil Ochs,43
Princess Nokia,51
Psychic TV,13
ROME,46
Riz Ahmed,11
Screamin' Jay Hawkins,12
Simple Plan,71
SkuX,7
Sophie B. Hawkins,4
Soulfly,15
Stitches,50
The Adicts,19
The Arcadian Wild,17
The Baboon Show,9
The Highwaymen,7
Tokyo Machine,6
Truslow,5
Uada,7
Welshly Arms,21
Young Dolph,122
"Zo,Kenneth Paige",5
Akine,6
Alice Kristiansen,8
B. Smyth,7
"Billie Joe Armstrong,Green Day",7
Nox Arcana,4
Robert Finley,4
2010s Karaoke Band,5
Acetone,4
Alexandra Savior,22
Angelmaker,29
Arctic Monkeys,124
Augustine,8
Bill Withers,65
Bruce Cockburn,7
COSIMA,8
Cousin Stizz,51
D'african,19
Downplay,19
Frank Turner,123
"Fredo Bang,YNW Melly",4
French Kicks,6
George Michael,130
Hannah Cohen,9
"Hillsong Worship,TAYA",10
Isaiah Rashad,39
Kishi Bashi,41
Liz Vice,7
MLBRN,4
Methyl Ethel,19
Michael Jackson,290
Money Man,140
Piano Project,18
Pinegrove,58
Quinn XCII,65
R.E.M.,151
Rod Wave,108
SD,26
Sex Pistols,33
Sneaky Sound System,5
South Border,5
St. Lunatics,6
Taylor Bennett,7
The Boxer Rebellion,20
The Brummies,9
The Rock Heroes,4
The Shacks,7
"The Unauthorized Bash Brothers Experience,The Lonely Island",8
The Walls Group,25
Tray Jack,4
Trocadero,10
Vado,17
Whirimako Black,7
Yellowman,15
caspr archive,7
Abby Jasmine,8
Ameritz Top Tributes,4
Adam Ant,8
Amanda Tenfjord,5
As Cities Burn,37
"Bob Dylan,The Band",21
Bon Iver,42
Burial,24
Cerebral Bore,4
Charlie Rich,10
Colour Revolt,4
Conro,14
Daddyphatsnaps,43
Dean Martin,239
Delara,8
Dinosaur Jr.,73
Drake,216
EKKSTACY,4
Enter Shikari,74
Epik High,18
Eric Benét,7
Forrest.,7
Franc Moody,9
"Gavin Magnus,Jam Jr.",6
Gene Chandler,8
Glassjaw,38
Godflesh,17
"H2O: Just Add Water,Indiana Evans",10
Jade Jackson,4
Jerry Paper,16
Jimmy Wopo,15
KALEO,22
KXLLSWXTCH,15
KYLE,48
Kareem Kalokoh,5
L.A. Guns,5
Lard,9
Little Joy,11
Misfits,119
Mississippi John Hurt,30
Morbid Angel,45
Muscadine Bloodline,25
NIKI DEMAR,8
Natalie Grant,66
Nonso Amadi,6
Oso Oso,11
Overpade,4
PANTHEPACK,8
Pom Pom Squad,14
ProSound Karaoke Band,24
Quietdrive,37
Ralph Stanley,18
Randolph,6
Rolo Tomassi,8
Rozz Dyliams,20
"SEGA SOUND TEAM,Richard Jacques",6
Sen Morimoto,7
Suicidal Tendencies,44
TWRP,27
The Black Crowes,27
The Garden,37
The Gourds,6
The Unthanks,9
The Walkmen,28
The-Dream,74
Thunderstorm Artis,7
Thursday,42
Trapped Under Ice,26
Trees of Eternity,8
Trevor Moore,18
Twitching Tongues,6
Vistas,12
"WWE,Jim Johnston",21
Woodie,9
Yellowcard,106
spookyghostboy,6
wens,10
Agoraphobic Nosebleed,4
$tupid Young,15
Adam Melchor,24
Baxter Dury,24
Beach Slang,23
Beacon,9
Benny Benassi,7
Boyz II Men,79
Breakdown of Sanity,29
Cast of Galavant,25
Church & AP,23
Convictions,15
Dave Matthews Band,222
Dead Can Dance,35
E-40,73
Egypt Central,9
Employed To Serve,5
Fantastic Negrito,21
Gaza,4
Geek Music,33
Great American Ghost,5
Hanni El Khatib,15
Hi-Rez,41
ICE-T,52
Iration,36
Izaya Tiji,11
Jerome The Prince,9
Jethro Tull,83
Kidz Bop Kids,201
King Dude,25
King Tuff,11
Kyle Allen Music,16
Lloyiso,4
Lords Of The Underground,15
Lyrica Anderson,23
Marsh Nelson,7
Matthew Parker,12
Mattybraps,21
Maxwell,46
Method Man,40
Mountain Man,20
My Morning Jacket,71
"NLE Choppa,Nocap",4
Nathan Wagner,12
Omar Kadir,5
Paris Shadows,13
Rence,8
Rich The Kid,79
Roomie,6
Step Brothers,9
The Beautiful Girls,7
The Drums,69
The Happy Fits,27
The J. Geils Band,11
The Lathums,12
The Scary Jokes,33
The Yandall Sisters,93
Third Eye Blind,100
"Three 6 Mafia,Project Pat",6
Thundamentals,25
We Are The Ocean,5
Yerin Baek,32
idontknowjeffery,34
:Wumpscut:,5
YOB,15
360,27
Adam Lambert,69
Anilyst,39
Bandhunta Izzy,8
"Bobby \"Blue\" Bland",10
Celldweller,51
Dayseeker,40
"Dead Players,Jam Baxter,Dabbla,Ghost Town",5
Delon Ellis,30
Donald Lawrence & The Tri-City Singers,11
Fairground Saints,4
Flo Rida,39
Fort Minor,7
Fox Stevenson,39
Freddy Fender,7
Glades,17
"Hillsong UNITED,Brooke Ligertwood",5
Ice Cube,190
Kofi,7
L'Impératrice,6
Language Arts Crew,4
Lawson,10
Le Butcherettes,5
Matthew Good,6
"Meek Mill,Rick Ross",8
Michael Kiwanuka,43
Mutoid Man,5
Norah Jones,142
NorthSideBenji,20
Okilly Dokilly,12
Owl City,117
Phangs,6
Public Enemy,83
Red Hot Chili Peppers,315
Reo Cragun,18
Rx Bandits,17
S.O.,5
Sarah Juers,7
Sevdaliza,52
ShittyBoyz,7
Showbread,4
Starbomb,34
Steam Powered Giraffe,26
"Stephen Schwartz,Kristin Chenoweth,Idina Menzel,Stephen Oremus,Alex Lacamoire",4
The Avalanches,34
The Martins,13
The Score,53
The Soul Children,4
Turisas,19
Veno Da Don,5
Veorra,11
Vertical Horizon,62
Victory Worship,20
Wristmeetrazor,5
Matt Pless,6
Vampire Weekend,55
21 Savage,129
Agust D,4
Antarctigo Vespucci,12
BoyWithUke,36
Broly500!,10
Casper TNG,22
Charles Kelley,5
Cutting Crew,4
D Smoke,21
Deloris & The Sisters,4
Dewa 19,10
Donny Osmond,8
Fit For An Autopsy,53
Flyleaf,45
Groove Theory,6
HAEVN,15
I Declare War,11
JGivens,11
K-Trap,31
Kenny Beats,18
Klyne,11
Koryn Hawthorne,13
LP,54
Latto,60
Louis Jordan,23
Mark Knopfler,67
Mickey Avalon,17
Mitchell Tenpenny,21
Mr. Eric,18
Necrophagist,12
Nellie McKay,6
Pharmakon,6
Racoon,16
Ryan Mack,8
Sam Amidon,12
"Seraphine,Jasmine Clarke",4
Seven Band,4
Shift K3Y,4
Static-X,52
Swervedriver,5
T-Pain,46
TQ,9
"Texas, Goodnight",8
The Comfort,6
The Correspondents,21
The Living Tombstone,35
The Rentals,5
The Servant,4
Tune-Yards,38
Tuxedo,19
Tynisha Keli,8
Ulrik Munther,8
We Came As Romans,52
You+Me,6
Young Pappy,25
Zolita,24
7AM,4
Ayce Comet,7
Benjah,4
The Lemonheads,29
A$AP Twelvyy,16
AKTHESAVIOR,22
"Above & Beyond,OceanLab",6
Action Bronson,74
Aldous Harding,40
Alexi Blue,5
Ali Tomineek,4
Bell Biv DeVoe,12
Blur,198
Bobby Vinton,21
Capital Cities,23
Chike,11
Collie Buddz,32
DAY26,10
Danger Twins,6
Del Water Gap,23
Diana Gordon,13
Dominic Fike,27
Donora,4
Fall Out Boy,190
Fever Ray,21
Foxing,37
Ghost Mice,6
Hacktivist,11
Hailee Steinfeld,15
Hank Locklin,4
Horseshoe G.A.N.G.,49
Hot Chocolate,15
JD McPherson,16
Julian Plenti,6
Justin Timberlake,96
LIM KIM,5
Left Behind,11
MOMOLAND,7
Maeta,6
Make Them Suffer,42
Nick Cave & The Bad Seeds,296
OG 3Three Never Broke Again,6
"Offa Rex,Olivia Chaney",6
"Peter Silberman,The Antlers",4
Ritchie Valens,14
Rod Stewart,206
SamRecks,7
Sananda Maitreya,11
Seddy Hendrinx,10
Stratovarius,14
Summer Thieves,31
Suzy Bogguss,5
Swoope,15
The Gathering,25
The Jackson 5,73
The Rangers,6
The Relaxing Christian Music Quartet,4
Tiffany,41
Travis Mills,18
Until I Wake,4
Vio-Lence,8
Wilson Pickett,33
Working Men's Club,4
Adeaze,8
Biohazard,10
U-God,7
Angel,10
Bad Sounds,10
Bee Gees,236
Bill $Aber,26
Broken Iris,5
Chance the Rapper,30
Chord Overstreet,9
Commodores,26
Common Market,13
Corey Smith,8
Dalton Rapattoni,5
Daniel Rossen,4
Deez Nuts,27
Demo Taped,4
Duff McKagan,6
Dustin Tebbutt,16
Eagles Of Death Metal,23
"Elevation Youth,Southland,Ben & Tyra Byrne",5
Eric Nam,22
George Harrison,202
Grady,8
Grandmaster Flash & The Furious Five,20
Hannah Kerr,10
Harry Hudson,28
Hollerado,10
JL,17
Jess Benko,15
Jon Batiste,9
Jukebox The Ghost,56
Lizzy Mercier Descloux,4
Luniz,8
Lydia,42
MIYAVI,10
Mason Jennings,4
Mick Gordon,7
Now United,43
O.C.,14
O.G.C.,12
Original Cast of Amélie,9
Parquet Courts,78
Peach PRC,7
Peach Pit,37
Penguin Prison,6
Peter Doherty,24
Pi’erre Bourne,59
SOB X RBE,42
Saudi,13
Seckond Chaynce,7
Soweto Gospel Choir,6
Star Cast,39
The Beat,10
The Browning,17
The Hidden Cameras,5
The Maccabees,33
The Magic Gang,24
The Stone Roses,50
The Unguided,8
Timber Timbre,30
Total Devastation,4
Ultimate Party Jams,4
"Apollo Brown,The Left,DJ Soko,Journalist 103",4
Ashley Alisha,6
Autopsy,5
Bill Anderson,10
Omar Sterling,18
The Persuaders,4
"$uicideboy$,Pouya",4
+44,11
Aaron Shust,9
Astrid S,34
B.Thomas,4
Blonde Redhead,55
Butterfly Boucher,4
CADE,4
Cheap Trick,184
DREAMCAR,12
Dead Cross,10
Dead by April,41
Dirty Projectors,40
Eddie Lovette,47
Faces,43
Fucked Up,28
Gene Pitney,10
George Salazar,4
George Thorogood & The Destroyers,16
Global Dan,11
Hillsong UNITED,119
IDER,17
Ignea,4
Jack River,12
Jim James,15
Juicy J,106
"Julie and the Phantoms Cast,Madison Reyes,Charlie Gillespie,Owen Patrick Joyner,Jeremy Shada",4
K-Rino,102
Kadhja Bonet,18
Kashmir,19
Katatonia,99
Lapalux,4
Lauren Weintraub,4
Leoniden,25
Logan Mize,13
Luci4,8
ManaLion,4
Merkules,53
Midifine Systems,6
Patrick Stump,22
Pavlov's Dog,5
"Prayers,Travis Barker",4
Pure Bathing Culture,7
Quantrelle,4
Rammstein,85
Rivals,4
Rotting Christ,28
Samm Henshaw,17
Scott Bradlee's Postmodern Jukebox,11
Sierra Nelson,5
Soul Khan,8
Steve Miller Band,128
Sugar Ray,14
TJ Porter,14
Tha HellMask,29
The Dillinger Escape Plan,63
The Grogans,5
The Irish Rovers,63
The Mighty Mighty Bosstones,26
The Moldy Peaches,17
The Notorious B.I.G.,130
Tkay Maidza,28
Unwritten Law,44
Van Der Graaf Generator,27
"Victor J Sefo,Sefos.Beats",4
Zapp,15
a-ha,38
Akintoye,6
Audra Mae,5
Blis,4
38 Special,13
916frosty,4
Abtmelody,10
Benighted,4
"Birdman,Lil Wayne",18
Black Milk,12
Blind Blake,8
Blue Kid,4
Boztown,4
Buddy Holly,15
Carl Thomas,15
Corey Taylor,17
DIR EN GREY,8
DPR LIVE,20
Damien Jurado,27
"Devin Townsend,Ché Aimee Dorval",4
Dog Fashion Disco,12
Duke Deuce,13
El DeBarge,5
Eso.XO.Supreme,5
Handsome Ghost,20
Harry Styles,37
"Heal Faster, Fail Better",12
Helado Negro,11
JORDY,12
Jain,23
Jess Penner,4
Joe Bataan,5
John Lee Hooker,38
KEiiNO,8
KMD,15
Lucas Lex,5
Orange Juice,8
Outlaw,6
Pill Friends,12
Quadeca Archive,19
"R.A.P. Ferreira,Scallops Hotel",8
Sepultura,61
"Slaughter Beach, Dog",44
Smino,36
Terror Universal,4
The Antlers,45
The Gun Club,27
The Ink Spots,31
The Neighbourhood Watch,4
The Rumjacks,20
Theo Katzman,27
Tye Tribbett,21
Walter Becker,4
Yeasayer,29
Zara Larsson,53
s0cliché,6
ssjishmael,6
Apes of the State,6
Apocalyptica,7
Joe P,5
People Under The Stairs,28
Wintersleep,15
38 Spesh,4
Arthur Russell,54
Avantasia,29
Babeheaven,5
Ball Park Music,45
Bella Thorne,16
Belmont,27
Black Eyed Peas,109
Black Moth Super Rainbow,25
Blade Brown,7
Boards of Canada,22
Buzzy Lee,7
Bvlly,4
CHILDCARE,4
Connie Francis,28
Death From Above 1979,42
Dessa,47
Dove Cameron,24
Drenge,18
"Eric Clapton,Steve Winwood",5
"Evelyn \"Champagne\" King",13
Fantan Mojah,6
Flume,29
GRAE,6
Get Set Go,6
Ghetts,31
"Gorgeous, Drop Dead",4
Hedley,24
JR JR,14
Jealous of the Birds,9
K.Flay,61
KUR,13
Kendrick Lamar,160
Kevin Morby,54
Lizzo,46
Maher Zain,34
Mallory Knox,14
Mando Diao,21
Michael Hurley,10
Minor Victories,7
Monster Florence,4
NEEDTOBREATHE,76
Ne Obliviscaris,13
Ol' Dirty Bastard,39
Paul Dempsey,7
QUIN,9
REO Speedwagon,134
Rachel Bloom,10
Saint Asonia,23
Sarah Kinsley,6
Scarface,85
Shabazz Palaces,28
Sizzy Rocket,25
Sleigh Bells,58
Storm Corrosion,4
Sybyr,94
Tennyson,7
The Afterimage,7
The Dayton Family,12
The Franklin Electric,12
The Searchers,11
Trace Adkins,24
Uranium Club,5
Z.Z. Hill,7
"Bachelor,Jay Som,Palehound",5
Olivia Newton-John,143
Spring King,8
Adult Mom,23
Allan Rayman,52
Amen Dunes,23
"Apathy,Chris Webby,Kappa Gamma,Anoyd,Hayze",6
Bent,9
Bliss,13
Boondox,19
Born Ruffians,29
Bring Me The Horizon,71
Chris Stapleton,57
DREAMERS,27
Dave Barnes,7
Diana Original Broadway Cast,11
Elizaveta,6
Ella Fitzgerald and Her Savoy Eight,4
Four Year Strong,45
Gang Of Four,22
Gavin Haley,9
Hopsin,104
Inara George,4
Jackie Wilson,11
Jan Blomqvist,12
Jon Bryant,16
Just Friends,9
LOOK MUM NO COMPUTER,4
Lexie Liu,13
"Lil Gotit,Lil Keed",4
Lil Macks,7
Lost Kings,4
Maranatha! Music,11
Mareux,5
Mark Chesnutt,8
Mary Black,103
Montaigne,21
Mustard Service,18
Neil Diamond,210
New Riders of the Purple Sage,6
Ojerime,11
Original London Cast,6
Primordial,16
Protoje,31
Quantic,4
Radical Face,59
Rag'n'Bone Man,53
Rea Garvey,10
Red Foley,5
Reptilian Club Boyz,8
Rich Kidz,14
Rodgers & Hammerstein,5
Satyricon,23
Stand High Patrol,15
The Adverts,5
The Big Push,5
The Cinematic Orchestra,5
The Coronas,21
The Gap Band,20
The Jesus Lizard,27
"The Replacements,Jay Healy",4
The Ronettes,17
"Tiny Meat Gang,Spock",4
Tom Robinson Band,7
Vulvodynia,12
Walls of Jericho,8
Young Money,9
Youth Of Today,27
"the Bad & the Queen, The Good",20
Ashford & Simpson,7
Berried Alive,20
SASAMI,11
1nonly,11
A-reece,7
Al Jarreau,20
Ardhito Pramono,10
Barclay James Harvest,7
Basement,47
Birdtalker,18
CVBZ,9
Capital STEEZ Archive,29
Cody Johnson,62
Cordae,24
CrazyEightyEight,13
Danny Kaye,11
David Pomeranz,19
"Dolly Parton,Kenny Rogers",6
Erny Belle,5
Eryn Allen Kane,12
Fleshgod Apocalypse,27
Futuristic,69
Heems,30
Hot Water Music,35
Hotboii,37
Jimmie Rodgers,43
Joe Budden,128
Johnnie Guilbert,6
Jon Wolfe,11
"Kamiyada+,Dutchman",7
Layton Greene,11
Lindemann,10
Little River Band,18
Lloyd,30
Lomez Brown,37
Lost Tribe Aotearoa,11
MC Ren,26
Maisie Peters,44
Maleek Berry,21
Mayer Hawthorne,40
Nitty Scott,15
OVERSTREET,4
Paul Cherry,6
Prefab Sprout,33
Rapsody,61
Riff Raff,53
Ruby Haunt,18
Simi,17
Simple Minds,34
Smokey Robinson & The Miracles,25
SoFaygo,59
Sullivan King,15
Sylvie Kreusch,4
The Bonzo Dog Band,11
The Presidents Of The United States Of America,28
The Shires,13
These New Puritans,14
Thundercat,46
Trevor Daniel,37
UMI,22
Varials,24
WRENN,9
Worthikids,5
Yo Gotti,106
Yung Lean,108
fats'e,5
hard life,13
4 Non Blondes,9
THEY.,19
92914,9
Arthur Brown,4
Baro Sura,4
Bauhaus,52
Blaze Foley,29
Blue,16
Broder Daniel,8
Cheat Codes,10
Cryoshell,7
David Gilmour,32
Drowners,9
Elohim,23
Emma Heesters,4
Fabolous,107
Freddie McGregor,12
"Fredo Santana,Lil Reese",4
George Ezra,38
Headhaunter,5
Herman's Hermits,13
Jax,8
Jillian Shea,4
Joan Armatrading,22
Kap G,21
La Chat,9
Lastlings,8
Leanna Firestone,16
LocoCity,8
Madison Cunningham,14
Men At Work,41
Mindless Self Indulgence,120
Mustafa,7
"North Point Worship,Seth Condrey",9
Queens of the Stone Age,137
RKCB,14
Raury,31
Remi Wolf,23
Rick Astley,66
Royal Deluxe,15
Ruth Brown,5
Selena Gomez & The Scene,28
Silas,8
The B-52's,33
The Beths,29
The Bombpops,6
"The Roots,Dice Raw",7
The Wallflowers,17
Tove Lo,44
Turin Brakes,7
VRSTY,10
WESLEE,7
XXI,6
Y'akoto,13
iann dior,42
Scooter,26
Young Drummer Boy,8
5 Seconds of Summer,154
ADÉ,4
Alice Merton,22
Arizona Zervas,41
Armani Caesar,7
Becky G,15
Bktherula,25
Blackberry Smoke,22
Bree Runway,13
Brendon Small,18
Da Lench Mob,10
Dagny,19
Dan Deacon,21
Daniela Andrade,43
Darren Korb,8
Daryle Singletary,4
Daughtry,68
Elderbrook,28
Emmylou Harris,158
FRND,15
Former Vandal,5
Freddie Dredd,71
Frozen Crown,4
Gentleman,18
Gold Celeste,5
Graham Nash,14
Hail The Sun,60
ITCHY,8
J. Roddy Walston & The Business,11
JayXander,4
Jessica Lea Mayfield,17
KAWALA,10
Kings (MHM),4
Kommode,4
LL COOL J,137
Larry Graham,5
MAN WITH A MISSION,42
Mark Diamond,8
Marty Robbins,48
Miguel,62
Mitch Ryder and The Detroit Wheels,4
Nickelus F,8
Off Bloom,9
Omarion,42
RJD2,9
Rachel Platten,34
Ransom,19
Rex Atirai,4
Team Sleep,12
Teejay3k,15
The Brothers Four,16
The Kinks,274
The Residents,57
The Sonder Bombs,7
The Voidz,32
Victor Wood,7
Wayne Watson,7
Yoste,9
boy pablo,12
cavetown offline,23
mol$ archive,5
1914,12
Akira Yamaoka,15
Poison Idea,8
3OH!3,40
Aaron Tveit,9
Alice Jemima,5
Banes World,10
"Cast of High School Musical: The Musical: The Series,Disney",24
Chelsea Wolfe,75
"Chris King,Trippie Redd",7
Clara Mae,15
Colt Ford,5
Cornerstone Roots,10
DRAMA,17
Deb Talan,8
Deon Kipping,4
Domo Wilson,9
Duster,47
Emmure,56
Fiona Apple,86
Flowidus,27
Frank Casino,12
Frisco,8
Gary Stewart,10
Germs,20
Hawksley Workman,4
Jakob,12
Jasper Steverlinck,8
John Conlee,11
Julia Brown,11
Jump5,7
Juto,14
KANKAN,28
Kaiydo,5
Kenny Lattimore,13
Le Tigre,28
Live Solum,5
MARUV,13
Mad Season,11
Mali Music,32
Matthew Ryan,5
Memphis May Fire,60
Mohican Sun,4
Nate Dogg,23
Nico Santos,22
Outerspace,8
Radiohead,233
"SMASH Cast,Katharine McPhee",5
Sabrina Claudio,43
Shoffy,18
Single Mothers,12
Slaughterhouse,18
Smog,40
Steve Vai,9
Sylvan Esso,34
The Seeds,6
The Yardbirds,12
Thousand Below,22
Toulouse,6
"United Pursuit,Brock Human",9
Unleash The Archers,36
VOLA,27
WDNG Crshrs,7
Weatherday,11
White Reaper,27
Wiley,51
"Willie Nelson,Leon Russell",7
yaeow,16
Band Gang Lonnie Bands,10
Blah Blah Blah,5
Guster,39
Mae,14
Theory of a Deadman,56
Aha Gazelle,52
BJ The Chicago Kid,28
Big Data,4
Bleachers,33
Chevy,4
David Choi,4
Dia Frampton,7
Done Again,53
Dr. John,33
Duke Ellington,9
Elijah Yo,4
Feast Worship,23
"Flying Lotus,Thundercat",5
Frank Black,13
Fred the Godson,7
Good Kid,18
Gravemind,4
Gxx,10
Hiroyuki Sawano,39
Iceage,48
"Imaginary Future,Kina Grannis",6
Joey Fatts,5
John Gorka,5
Joy Again,21
Karen O,14
Manafest,15
Minnie Riperton,17
Night Club,23
Panta Ray,4
PatricKxxLee,15
Phix,4
Pip Millett,20
Prigida,20
Rak-Su,8
Ralph Tresvant,11
Rival Schools,4
Rob Level,4
Ruby Waters,12
SIX60,512
SMO,4
Sarah McLachlan,45
School Of Seven Bells,6
Stephen,23
Tenille Townes,11
The Black Angels,32
The Cat and Owl,8
The Rubberbandits,14
Uffie,14
VT1S,7
Vaboh,20
Vashti Bunyan,54
Wild Belle,21
Wire,54
Yes,136
Z-Ro,147
ZAKDARN,4
fish narc,6
"pre kai ro,olsem",9
Junglepussy,36
The Skints,14
3Breezy,15
Adam Sandler,51
Amos Milburn,5
Anthem Lights,51
Aquilo,38
Architects,90
Bo Burnham,77
Brantley Gilbert,62
CG5,65
Cardiacs,36
Catherine McGrath,16
Christian Death,18
Cold Hart,29
Danielle Cohn,8
Danny and Alex,8
Demis Roussos,15
DevilDriver,11
Duncan Sheik,9
EXO,23
Eminem,270
Eve,15
Fiddler's Green,18
Gemma Hayes,5
Godsmack,66
ITZY,45
Impaled Nazarene,5
Jacob Latimore,18
Jamestown Revival,19
Jed Madela,13
Jeff Tweedy,18
Keira Knightley,5
Laura Pausini,6
Lil Debbie,29
Lloyd Banks,217
Mandy Moore,41
Misery Club,6
MorMor,12
Nelly Furtado,53
Nivea,9
Odd Future,10
Old Dominion,46
Oxbow,10
Planet of Zeus,8
Playin' Buzzed,9
Raffaella,6
Ray Wilson,4
Rising Appalachia,9
Ross Copperman,6
Roxy Music,94
Rupee,4
Souly Had,14
Stephen Bishop,9
Stop Light Observations,8
Superfruit,15
Tank and The Bangas,17
Ted Leo,4
Termanology,4
The Acacia Strain,77
"The London Theatre Orchestra,Cast",6
The Psychedelic Furs,32
The Roots,59
White Lung,12
X JAPAN,11
Yung Gravy,25
an Unkindness,6
eleventyseven,5
"¡MAYDAY!,Murs",15
Alphabeat,8
Altar Of Plagues,5
Anne Wilson,5
Seinabo Sey,18
Butterfingers,15
Cornelius,6
Eagulls,6
Fabian Secon,9
I Am Giant,29
K Koke,6
Kevin Chung,8
Liam Bailey,4
Neon Hitch,16
Panama,7
Pony Bradshaw,5
Slow Club,14
"TWRP,Ninja Sex Party",4
The Egyptian Lover,5
"Violents,Monica Martin",7
Control Denied,4
"Rustage,Shwabadi,Connor Quest!",6
Eli Fross,17
"Foogiano,Pooh Shiesty",4
Greet Death,8
Jadon Lavik,4
"John Denver,The Muppets",7
LianeV,4
Nana Fofie,7
Ryan Star,5
Seven Mary Three,6
Steven Rodriguez,10
Xasthur,6
Axe Murder Boyz,7
BOSCO,5
Bay Ledges,8
Bryant Oden,7
Case,7
City Calm Down,8
"DnBot,NOTED",4
Sam Tsui,5
The Slow Readers Club,5
"Frank Sinatra,Tommy Dorsey Orchestra",5
GUNNAR,6
Humming House,4
Kim Akvileja,5
Medhane,7
The Outfield,11
Tyler Lyle,4
Wande,9
Bitter:Sweet,7
"Blues Saraceno,Nine One One",5
Cake Bake Betty,5
Chantay Savage,6
Horse Feathers,9
Iglooghost,6
John Gibbons,4
Levert,7
Mach-Hommy,6
Murray Head,4
"Tag Shai,Nae Sano",6
"Tui T. Sutherland,Shannon McManus",4
"Andrew Lloyd Webber,Sarah Brightman",4
Blancmange,5
Hauskey,5
Jennifer Love Hewitt,5
Kath Bee,5
Kevin Gilbert,4
Luke Hemmings,12
Rendez Vous,5
Saro,9
Stickz,4
The Boy Least Likely To,4
Thomas Bergersen,5
Weddings Parties Anything,4
Wind Walkers,6
Basia,5
Tempa T,5
Chuck Strangers,4
Daoirí Farrell,7
Ed Bruce,5
Fallulah,5
Jimmy Reed,10
Kofi Stone,12
Lil Eazzyy,6
Loren Gray,9
Lost Under Heaven,4
Madison McFerrin,5
Makeout,11
Martin Sexton,5
Megan Nicole,5
Mystery,5
Peyton,4
Pussycat,7
Reggie Becton,4
Revolting Cocks,4
Rico Recklezz,8
SKT On the beat,9
Sean Koch,5
The Trammps,6
Aaron Gillespie,4
Brandy Clark,5
Cemetery Sun,10
Dan Croll,18
HANA,13
Horse Jumper of Love,11
Hulkoff,7
I Will Never Be The Same,4
Jamie Woon,13
Joe Exotic,5
Prompto,7
River Whyless,6
Sheila E.,6
of Verona,6
Casey Lowry,6
D'Sound,4
Hellbound Glory,4
Nine,8
Peg Parnevik,11
WZRD,9
Bedford Falls,4
Chills,7
Charlie Parr,4
Demrick,13
Dizzie Grace,12
"Doris Day,Frank DeVol & His Orchestra",11
Dubioza kolektiv,6
Friction,8
Friday Night Plans,4
Hard Working Americans,6
Jake Cornell,4
Jidenna,22
"La Bouquet,Olivver the Kid",10
Never Ending Game,4
Sam Phillips,7
The Hard Aches,9
Unusual Suspects,4
Bootstraps,6
DeBarge,12
"Drake,JAY-Z",4
GRIP,19
Kidzone,4
"Lissom,Julien Marchal,Lowswimmer",4
Malvina Reynolds,8
Molly Hatchet,7
No Suits,4
Offset,9
TOBACCO,7
Trevor Wesley,10
Yatta,6
"Antônio Carlos Jobim,Frank Sinatra",12
Ceraadi,6
Cloakroom,10
Diarrhea Planet,10
Drugdealer,6
Glasslands,9
Jonathan Bree,16
KevinKempt,5
"Lambert, Hendricks & Ross",6
Lo Moon,9
Local News Legend,8
PHILDEL,8
Polite Fiction,4
sadeyes,5
Born Jamericans,6
Bobby Feeno,4
Building 429,7
CJ Fly,14
Cherry Poppin' Daddies,6
Kate Voegele,5
Madilyn,11
Makaveli,4
My Darkest Days,20
Seduction,5
"T-Pain,Chris Brown",4
Team Dynamite,11
The Homeless Gospel Choir,9
Tiffany Evans,4
We Are KING,10
WurlD,4
ryster,6
Connie Constance,6
Head Like A Hole,7
Howard Shore,10
Kaonashi,11
Natalie Taylor,11
Overtime,5
Pa Salieu,10
Ralph McTell,5
Son Kuma,4
The Polyphonic Spree,6
"YG,Mustard",4
Zornik,11
ohGr,4
ChewieCatt,5
Bonnie McKee,9
Dee-1,15
FCG Heem,10
Horace Sailsbury,4
"Jarrod Alonge,Amidst the Grave's Demons",5
Justin Courtney Pierre,4
Paula Cole,11
Phoria,8
SNFU,4
Smoov-E,4
Taron Egerton,17
Tash,16
"Walter Becker,Donald Fagen",4
World Class Wreckin' Cru,5
Yiruma,5
Young Lyric,8
Brave Little Abacus,19
Bway Yungy,10
Grandpa Jones,4
HOAX,9
Hungry Lights,8
Johnny Thunders & The Heartbreakers,10
Matt Woods,10
Molly Sarlé,4
Phoebe Snow,4
Rosie Tucker,7
Ten Towers,4
The Roches,9
Weerd Science,6
girlfriends,13
nelward,7
Adventures,5
CRX,11
Candace,9
Jon Waltz,5
Lizz Wright,14
Megan Davies,5
"Otis Junior,Dr. Dundiff",6
Polar,5
Revus,7
Rio Romeo,4
Tayler Buono,5
The Brothers Johnson,9
The Handsome Family,11
The Organ,9
Brahny,7
Chris Cohen,9
Cullen Omori,4
"Empire Cast,V. Bozeman",4
First to Eleven,4
For The Fallen Dreams,15
ICF Worship,17
Ice Mc,5
Jonas Aden,4
Josie and the Pussycats,4
Katy B,9
Panchiko,11
Piebald,6
The Go-Go's,10
Will Hoge,5
"boygenius,Julien Baker,Phoebe Bridgers,Lucy Dacus",6
Andy Stott,4
Corey Feldman,6
December Avenue,6
"Disco Inc.,fredo disco",4
Eddy Arnold,10
FIL BO RIVA,11
Jonny Diaz,7
Lil Cray,4
Luke James,12
Marc Almond,5
Minus the Bear,38
Neal Francis,4
Roger Alan Wade,11
Twinz,5
Veeze,10
Alec King,8
Anita Ward,4
Bearded Legend,5
Caedmon's Call,10
Dyfi Francis,4
Ecclesia,6
Georgia,4
Hannah Georgas,7
Melody's Echo Chamber,12
"PARTYNEXTDOOR,Drake",4
Ray Rockman,4
"The Belonging Co,Andrew Holt",7
The Rezillos,4
"UPPERROOM,Elyssa Figueroa",5
We Three,11
Bear In Heaven,4
Cloud Cult,7
David Hasselhoff,5
"Drakeo the Ruler,Ralfy the Plug",4
Dusky Grey,5
Freshy Kanal,12
Get Dead,8
Gooee,6
Harper Finn,4
Memphis Bleek,6
Nicole Bus,5
Ricky Van Shelton,8
Robbie Nevil,6
Shpongle,11
The Hunts,4
The Soft Boys,5
Uma Kompton,12
White Lion,14
Church of the Cosmic Skull,4
Charlotte Dos Santos,8
Daniel Wilson,4
ENNY,5
Ella Isaacson,6
Gorgon City,10
Kristina Bazan,5
Maple Glider,6
Motion Worship,7
Peach Kelli Pop,4
Poolside,5
Seori,4
Tunji Ige,8
"Yung Spinach Cumshot,Lil Wankstain",4
3T,4
Adema,4
EVAN GIIA,7
Emily Burns,12
Far Caspian,16
Handsome Boy Modeling School,4
Hookworms,6
John Butler Trio,40
Josh Meloy,4
Kaiit,6
Nesian N.I.N.E.,5
Normani,4
Smithfield,4
Studio Allstars,9
Baba Brinkman,5
Baha Men,10
Conner Youngblood,8
Brutus,5
Cluster,8
Cool Company,7
Evan Rachel Wood,5
FM Static,4
Gatherers,7
Hugh Laurie,13
Irfan Makki,4
JUNG,5
"Jerry Bock,Sheldon Harnick",4
Kim Hill,4
Mariahlynn,9
Nardo Wick,20
Pacific Soul,5
"Ramriddlz,Jaegen",7
Silly Wizard,10
Structures,4
The Obsessives,11
What's Eating Gilbert,6
"You, Me, And Everyone We Know",7
"exociety,Rav,Kill Bill: The Rapper,Scuare,Airospace",4
David Holmes,5
Dylan J,4
Hugo,7
Matt Fine,12
Strawberry Switchblade,6
Tom Keifer,4
Øneheart,15
Wild Party,12
Freddie Mercury,17
God's Hate,5
Jesper Jenset,5
Like Mike,4
Madeline The Person,6
Shaker,6
"Shy Glizzy,3 Glizzy",6
Slutever,8
Triathalon,19
Worlds Apart,4
8mm,4
Blacklisted,5
"Boyce Avenue,Hannah Trigwell",4
Bru-C,4
Brye,5
Daisyhead,4
Denace,41
Elvis Costello & The Imposters,6
MILCK,9
New Rules,6
Nice As Fuck,7
Queen Ifrica,7
Roxen,6
Sammy Johnson,23
Stereo MC's,5
Z Berg,10
Boslen,5
CHPTRS,6
Cian Ducrot,6
"Common,PJ",6
Daniel Bedingfield,4
Dom Fera,9
Jess Kent,4
"Lil Happy Lil Sad,Kuroime",6
Lotto Boyzz,7
Nylo,6
Peter Green,5
"Twisted Insane,Charlie Ray",14
Villain of the Story,20
Yonderboi,5
Breakaway,4
CARBON CAROUSEL,6
Dear Seattle,8
Gavin Friday,4
Godley & Creme,6
Grim Reaper,4
MAALA,10
"MO3,Boosie Badazz",4
One Way,5
Res,5
Sammy Pharaoh,8
Tiko,4
Disney Studio Chorus,6
Ez Mil,11
Faron Young,9
"Housefires,Kirby Kaple",4
"Joni Mitchell,Herbie Hancock",5
Kathleen,4
Katie Dey,4
LD,6
Monarchy,4
No Age,7
OLA RUNT,12
RDX,7
Randy Rogers Band,21
SHINee,37
Sharon O'Neill,14
Skating Polly,18
"Young Dolph,2 Chainz",5
Yael Naim,7
"Aaron Tveit,Karen Olivo,Original Broadway Cast of Moulin Rouge! The Musical",4
Cristian Cartier,4
"Genesis,Geoff Callingham,Nick Davis",5
Ghosts of August,4
Houses,11
"I'm With Her,Sara Watkins,Sarah Jarosz,Aoife O'Donovan",11
Natalia Kills,23
P-Lo,4
ROSIE,11
Settle Your Scores,5
Sivik,4
Slaid Cleaves,9
Songer,23
Spoken,7
St/llar,5
Stalgia,6
The Bucketheads,6
Unbroken,6
Vein.fm,12
Virgin Prunes,4
Billy Preston,6
Concorde,4
Dave Alvin,4
Heavy D & The Boyz,10
J.Howell,4
Jay Joseph,5
John Gabbana,7
Kevin Ayers,8
Logan Paul,7
Nic D,10
Phil Harris,6
Roy Purdy,6
Shiro SAGISU,7
Superchick,10
Sylo,5
Tipling Rock,9
Vesperteen,12
Ashes To Amber,4
Black Box Recorder,6
"Chief Keef,Mike WiLL Made-It",4
Clinton Fearon,4
Dragonette,7
Endless Heights,7
"Gucci Mane,Peewee Longway,Young Thug",4
"Johnny Clegg,Savuka",6
KR$NA,7
LGTF,10
Petey,6
Scavenger Hunt,4
Sebastian Hart,6
Sleepytime Gorilla Museum,6
The Last Internationale,4
Jonny 5 & Yak,6
Youth Brigade,5
Brynn Elliott,5
Shawn Hook,4
Baby Boys,7
"Downer Inc.,Kellin Quinn",4
Elephanz,5
Elise Ecklund,6
"Lupe Fiasco,Chill's Spotlight",4
PNV Jay,5
CAPSULE,4
Dylan,4
Don Carlos,5
Kenneth Whalum,4
"Kid Buu,Oohdem Beatz",4
Mark Morrison,6
Rebel Sixx,5
Cosmo Jarvis,6
"HoodRich Pablo Juan,Drugrixh Peso",4
Sam Outlaw,5
Silje Nergaard,4
Taylor John Williams,6
The Marías,10
Do Nothing,4
"Elevation Worship,Chris Brown",4
Fifty Grand,5
Lewis Brice,4
Max Fry,4
Eddie Low,4
"Drake,Future",5
Elli Moore,4
Fences,4
Mulherin,6
Pop Will Eat Itself,7
Sarah Proctor,5
Time,4
Victoria Justice,5
Jared Evan,9
Nadia Oh,4
PARANOiD DJ,4
Technotronic,7
Charlie Hickey,4
Emmy The Great,9
SB19,4
Ward Davis,5
Wnc Whopbezzy,5
Diane Schuur,5
Hish,5
Ricky Skaggs,4
The Kiboomers,4
The King Blues,5
"Cormega,Halleluyah",4
DeVita,8
Kalado,5
Karina Pasian,6
Omar Rudberg,5
Seals and Crofts,12
"Tag Shai,SorrySines",5
Before The Dawn,6
Oslo Gospel Choir,10
Poisonblack,4
"Stunna 4 Vegas,DaBaby",4
Willie Jones,6
Cab Calloway,8
"Dr. Dre,Snoop Dogg",5
"HoodRich Pablo Juan,Drugrixh Peso,Drugrixh Hect",4
Izzie Gibbs,4
Milo Greene,13
Musical Youth,5
Pkew Pkew Pkew,10
Ruru,4
Skyharbor,10
Three Loco,7
Alexandra Kay,4
Enforcer,4
Get The Shot,9
Lindi Ortega,4
Rotation,4
Syreeta,5
Themselves,5
Bill Staines,5
Cockney Rejects,6
Savannah Sgro,5
Sumo,4
Eventide,4
Inspectah Deck,15
Jocelyn Brown,4
Sarah Klang,14
Valerie Broussard,5
Zoey Dollaz,6
GEN.KLOUD,8
The Slaps,5
DJ Format,5
Kate Micucci,5
Maejor,6
"Max Romeo,The Upsetters",4
The Wake,5
Andy Poland,4
"Fat Joe,Lil Wayne",4
Modern Crooners United,4
Earl Thomas Conley,4
Sad Night Dynamite,8
Darren Hayes,5
Debbie Reynolds,4
"Shoreline Mafia,OHGEESY,Fenix Flexin",4
Sleep Waker,7
Yazmin Lacey,5
CLMD,4
Gloomheart,4
Kokane,4
No Trend,4
Romeo Void,4
Erick the Architect,7
The Bluetones,4
Cutty Banks,5
"Don Trip,Singa B.",4
six impala,5
"Riverdale Cast,KJ Apa",4
Debbie Harry,6
Hospitality,4
Vitamin C,4
"Moneybagg Yo,Future",4
Ruen Brothers,5
Crazy P,4
Louis Baker,5
Margo Guryan,5
Spooky Tooth,5
We Were Sharks,6
Fionn Regan,7
The Spencer Davis Group,6
"Toby Turner,Tobuscus",7
Cale Dodds,5
Chester French,4
Meghan Patrick,4
Naits,4
Tony22,5
Eddy Grant,12
Eternity Forever,4
"George Frideric Handel,Andrew Davis,Toronto Mendelssohn Choir,Elmer Iseler Singers,Florence Quivar,John Aler,Samuel Ramey,Kathleen Battle,Toronto Symphony Orchestra",4
Oliver Riot,10
Stacie Orrico,4
The Ocean Blue,5
Akron/Family,4
Geno Cultshit,9
Jagwar Twin,5
Lincoln Durham,5
Nadia Nakai,7
OFB,5
Preashea Hilliard,7
Artillery,4
Byron Juane,4
DJ Ocean,5
SEGA SOUND TEAM,7
Terrace Martin,9
jens,7
Apache Indian,4
Motherfolk,9
Paperwhite,6
"FMB DZ,Sada Baby",4
Tiagz,6
Carrollton,4
Ian Isiah,5
Jori Vague,4
Endah N Rhesa,4
Isla Grant,5
Forever Jones,4
"Tommy Lee Sparta,Anju Blaxx",6
Ordo Rosarius Equilibrio,4
Coldfront,5
Evergreen,7
GOLDHOUSE,4
Gaz Coombes,8
Mystic,4
Savannah Dexter,5
Zero 7,4
Gaullin,6
Ky Rodgers,4
Trey Schafer,4
Martin Solveig,5
SUPER JUNIOR,5
Dead Man's Bones,11
"UNSECRET,Ruelle",5
Hodera,5
LeBrock,4
MiatriSs,4
Springtime Carnivore,4
Texas Tornados,6
Gabi DeMartino,6
Michigander,5
Mass Anthem,6
Michel Pagliaro,4
Radney Foster,5
Pigeon John,7
BODEGA,5
Odunsi (The Engine),4
Sons of the Pioneers,4
Mansun,10
"George Frideric Handel,Academy of St Martin in the Fields Chorus,Academy of St. Martin in the Fields,Sir Neville Marriner",6
Homixide Gang,6
Jules Larson,4
Lilcockpump,4
Return,4
Search The City,4
ION LIL GUT,8
Paul Kim,4
The Memories,5
FMLYBND,4
LUNA AURA,4
September Mourning,4
Te Wehi,4
Wingtip,8
Luke Chiang,4
Mio Niño,4
"Waylon Jennings,Willie Nelson",9
"Dave Matthews,Tim Reynolds",5
R2Bees,4
"Groundation,Don Carlos,The Congos",5
John Sebastian,7
Sneaks,5
The Equals,4
"Roberta Flack,Donny Hathaway",6
Rops1,6
The Audition,4
"Janis Joplin,Jorma Kaukonen",4
Major League,4
Yvonne Elliman,5
Kyle Spratt,4
The Grinns,6
Tiga,6
"Gunna,Young Thug",6
"The Belonging Co,Hope Darst",4
"Clutch,Paul Logus",4
Niko Moon,6
Lane 8,5
PARK RD,5
Shirley Ellis,4
Molotov Jukebox,4
"NCT,NCT U",4
Leon Haywood,4
Bloodstone,4
Mungo Jerry,4
Catherine Mullins,4
Orthodox Celts,4
Oslo Ibrahim,8
Victor Oladipo,5
Gavin Mikhail,4
Jack and Eliza,4
P-Flow,4
Sergio Mendes & Brasil '66,5
little hurricane,6
"Chris Webby,Bria Lee",6
PFV,4
Yodelice,6
Rxseboy,4
Divine Fits,5
President Davo,4
Tuxedomoon,5
"Perry Como,Anita Kerr Quartet",5
Midwife,5
Manolo Rose,4
TRALA,4
Once Monsters,4
AB,4
All Time Low,121
Angie McMahon,15
Austin Plaine,8
B5,6
Bahja Rodriguez,14
BandGang,10
Being As An Ocean,48
"Bethel Music,Steffany Gretzinger",4
Blippi,6
CJ,8
Channel Tres,9
Chester D.T. Baldwin,5
Crying,12
Cute Is What We Aim For,15
Dabbla,9
David Banner,8
Dead Sara,15
Deap Vally,18
Deerhoof,18
Def Squad,5
Dem Atlas,22
Des Rocs,26
Desmond Dekker & The Aces,4
"E-40,B-Legit",8
Ellise,28
ElyOtto,4
Emma Louise,10
Erick Sermon,10
Fazerdaze,15
Flaw,9
GBH,10
Gregg Allman,8
Hammock,14
Hank Snow,107
Infected Rain,22
Insane Clown Posse,355
Isaac Delusion,11
J.R. Donato,7
Jada Kingdom,12
Jason Crabb,11
Jinkx Monsoon,15
"Jr., Harry Connick",147
Kacey Musgraves,51
Kansas,28
Kirstin Jackson,4
Krewella,39
LIL DUSTY G,16
Leonz,6
MC Jin,9
MellowHigh,9
Michael Card,30
NanowaR of Steel,9
ODIE,15
Okkervil River,60
Oliver,5
Oliver Francis,58
Pharrell Williams,51
Q-Tip,30
SD Muni,6
Sean McConnell,18
Shaun Sloan,4
Slaughter,5
Sohodolls,9
Sparks,107
Speed Gang,7
Sundara Karma,33
Super Cat,5
Tauren Wells,17
The Cats,14
The Emotions,15
The Pierces,14
The Rolling Stones,417
Thievery Corporation,13
Tony Rice,4
Twenty One Pilots,121
Vargas & Lagola,13
Walkways,5
Willamette Stone,6
YBS Skola,19
Young Marble Giants,10
aeseaes,7
lil aaron,19
okaywill,5
"50 Cent,DJ Whoo Kid",11
Big Moochie Grape,5
A Day To Remember,90
Adelitas Way,32
Ameritz Top Tracks,8
Aylek$,6
BOOTS,5
Babyface Ray,43
Bay Faction,20
"Bilmuri,No Dice",4
Bloodbound,11
Boy Meets Girl,4
Cadet,21
Canyon City,31
Cassidy,28
Cherry Ghost,4
City and Colour,74
Claytin,7
David Kushner,6
David Wilcox,8
"Drake,J. Cole",4
Ducktails,15
Emphatic,5
Front Porch Step,20
Fyfe,5
Great White,6
ISIS,25
Ice Nine Kills,61
Jesse®,19
Jesus Loves You,5
Kay Cook,6
Keri Hilson,17
LXST CXNTURY,4
Like Pacific,21
Lil' Flip,19
"Lloyd Banks,Young Buck,50 Cent,G-Unit",5
Mango Foo,4
Megan & Liz,15
Meryl Streep,6
Mook TBG,17
"Neko Case,k.d. lang,Laura Veirs",13
Nessa Barrett,8
Nitty Gritty Dirt Band,121
No Wyld,12
Obey The Brave,11
Pop Smoke,86
Rickie Lee Jones,12
Sabac,4
Sammus,8
Sarah Barrios,4
Somos,8
The Chieftains,5
The Suicide Machines,9
Thestand4rd,11
WILLOW,36
Wande Coal,8
Youth Fountain,14
Zero 9:36,9
xxyyxx,6
Armand Beck,4
Astroid Boys,6
Griselda,6
Sturgill Simpson,61
Arrested Development,17
Baby Queen,12
Blood Youth,12
Bobby V.,13
Brotha Lynch Hung,55
CMDWN,8
Cate Le Bon,26
Chad Hammond,8
Comeback Kid,14
Dark Dark Dark,7
Dead Prez,44
Doe Boy,21
Doris Day,27
Douwe Bob,12
Doves,22
Field Medic,20
Girl Talk,21
H.E.R.,35
Haley Smalls,7
Iron Chic,32
JONGHYUN,6
Jaymay,10
Joe Jackson,21
Jordyn with a Why,9
Karsu,8
Larry June,111
Les Friction,18
Little Willie John,5
Mandisa,13
Meyhem Lauren,6
Ocean Grove,23
Phora,149
RUNAGROUND,4
Refused,26
Roy Acuff,6
SUGR?,8
Sasha Keable,7
Sheppard,22
Sleater-Kinney,100
Smooky MarGielaa,10
Squirrel Flower,6
Teddy Pendergrass,28
Teddybears,5
The Orwells,32
The Police,61
The Slits,10
They Might Be Giants,107
Tribe Society,9
Tubeway Army,11
Twila Paris,20
Ye Banished Privateers,8
Yoni Laurent,8
Young Rising Sons,13
dEUS,17
ionnalee,17
ApologetiX,4
Bad Manners,9
Loathe,26
6ix9ine,28
8Ball,10
AMG,8
Becca Mancari,4
Benjamin Booker,20
Bring It On: The Musical - Original Broadway Cast,16
Carnifex,33
Cdot Honcho,46
Chris Fleming,6
Chris Webby,97
DEVO,129
Delta Sleep,27
Drapht,17
Ego Ella May,6
Falco,21
G Perico,25
Goldilox,6
Gunplay,9
Haiti Babii,11
Jackson Browne,170
"Japan,Steve Nye",5
Jazz Cartier,50
Jesse Boykins III,16
Jockstrap,9
Kali Claire,4
Knowmads,12
Moses Sumney,32
Moxas,16
Nature,4
Newsong,9
Panda Eyes,5
Phillip Phillips,20
RAIGN,12
Rayland Baxter,34
Reese LAFLARE,12
"Relocate, Myka",6
"Rufus,Chaka Khan",27
Spiritualized,60
SpotemGottem,14
Stereo Honey,5
Stornoway,5
Tatiana Manaois,34
The Band CAMINO,37
The Beach Boys,319
The Louvin Brothers,23
The Sensational Alex Harvey Band,11
Tremz,9
Wolf Alice,56
alces machlis,5
lostprophets,12
void,13
Alexander Oscar,6
Magdalena Bay,21
Absynthe Minded,4
Alabama,178
Alabama 3,15
André 3000,4
Annie,21
Ant Clemons,7
Audrey Mika,27
Bandit Gang Marco,12
Baroness,47
Be'lakor,18
Billy Cobb,20
Boogie Down Productions,57
Boosie Badazz,224
Corey Hart,5
Crush 40,28
David Archuleta,35
Dido,58
Divinyls,8
Dom Kennedy,77
Eyedea,10
Hollie Cook,10
Icona Pop,20
JJ Wilde,4
JKING,15
Jordin Sparks,31
Kim Wilde,74
Kwaku Asante,5
Minnutes,4
Murderdolls,8
NEIL FRANCES,9
PVRIS,47
Pablo Cruise,4
Pearl Jam,269
Richard Marx,134
Sickboyrari,63
Silversun Pickups,61
Soldier Kidd,27
Static-P,13
TENDER,43
The Beta Band,8
The Last Poets,24
The New Electric Sound,4
Tim and Eric,12
Times Of Grace,10
Too $hort,92
Trouble,10
WYO Chi,6
We Are Trees,4
YSB Tril,6
Yuno,7
Zuzu,4
Baby E,5
347aidan,15
AUDREY NUNA,13
Bino Rideaux,17
Can't Stop Won't Stop,6
Clip Aloe,4
Darwin Deez,20
Deaf Radio,4
Decapitated,10
Donnie McClurkin,31
Dreamer Isioma,9
Duckwrth,32
Dylan Brady,16
Elley Duhé,15
Emma Steinbakken,6
Evans Blue,28
FRVRFRIDAY,22
General Translator,11
Hello Sailor,76
Herbie Hancock,8
IshDARR,27
Joe Nichols,11
John Lennon,87
Judy Collins,21
Killswitch Engage,80
Lauren Ruth Ward,12
Living Colour,20
MANILA GREY,27
Machete Clan,78
"NO PANTY,Bodega Bamz,Joell Ortiz,Nitty Scott",5
Noel Gallagher,4
Panama Wedding,8
Rory Webley,9
Rubah Di Selatan,4
SahBabii,55
"SahBabii,T3",5
Slade,23
Smoke Boys,21
Steel Panther,56
Takeoff,20
The Blind Boys Of Alabama,10
The Chills,56
The New Respects,7
The Pains Of Being Pure At Heart,18
The Proclaimers,91
Tommy Cash,28
Veil Of Maya,31
Vitalic,8
Yung Tory,21
BTOB,4
Bedside Kites,4
The Plot In You,55
Ameritz Tribute Club,4
Aslan,4
BabyTron,61
Barns Courtney,29
Benny Tipene,4
Bread,64
Chicano Batman,22
Cliff Richard & The Shadows,27
Dennis van Aarssen,4
Despised Icon,8
Don Q,12
Doobie,28
Elephant Tree,5
Fall Of Efrafa,4
Faye Meana,4
Glass Animals,49
Grouper,33
Hillsong Kids,24
Jamestown Story,5
Jared Benjamin,5
Jefferson Starship,12
Jess Connelly,18
Joey Ramone,4
John Denver,206
Kid Astray,7
Lea Salonga w/ Brad Kane,10
Lyves,10
MAGIC GIANT,14
Mors Principium Est,8
Mr Dooves,8
Musiq Soulchild,52
Nick Drake,83
Niykee Heaton,30
Noah Kahan,53
Post Animal,16
Rainbow,70
Rosie Lowe,12
Ruston Kelly,30
Sage Francis,71
Sam The Sham & The Pharaohs,7
Scout Niblett,8
Sew Intricate,4
Shelter,4
Sponge,7
Sylvester,10
Tha Eastsidaz,4
The 046,16
The Byrds,57
The Holydrug Couple,6
The Tallest Man On Earth,82
Tom Walker,27
Vektor,24
Vin Jay,23
Vivian Green,6
Wax,62
flora cash,28
"$uicideboy$,Getter",5
Blasterjaxx,6
Dystopia,25
Therion,57
Andrew Huang,15
Ani DiFranco,41
Armor For Sleep,13
Barney,22
Bentley Jones,6
Black Flag,61
Blackbriar,11
Bobby McFerrin,11
CAN,31
COTIS,5
Carcass,44
Charli xcx,81
Chet Faker,27
Christopher Cross,17
Colter Wall,40
Covenant,8
Cub Sport,39
Darkher,4
Dead Kennedys,82
Dissection,20
Dohn Joe,10
Dolphin Smiling,5
Funkdoobiest,13
Gideon,18
"Gil Scott-Heron,Jamie xx",5
"Hillsong Worship,David Ware",9
Hot Boys,11
Human Tetris,13
Invent Animate,32
"J Swey,Azide",7
Jack Kays,12
James Blunt,86
"John Lennon,Yoko Ono",12
John Splithoff,7
Justin Rarri,20
Kevin Devine,32
Kississippi,10
Lesley Gore,22
Loski,24
MYTH & ROID,4
Machine Girl,35
Majical Cloudz,21
Marilyn Monroe,23
Masta Ace Incorporated,14
Maverick Sabre,21
Meg Donnelly,7
Megosh,6
Metalocalypse: Dethklok,58
NOAHFINNCE,9
Native Construct,6
New West,17
Ocie Elliott,9
"Peter, Paul and Mary",56
Petula Clark,15
Puma Blue,26
Red Hearse,8
Roach Gigz,5
Rolling Blackouts Coastal Fever,19
Rosenfeld,10
Senses Fail,92
Sezairi,7
Shofu,6
Sky Ferreira,30
Smokie Norful,12
Steve Grand,9
T9ine,11
TAEMIN,25
Teddy,19
The Animal In Me,4
The Cross Movement,6
The Ocean,13
The Regrettes,43
The Wild Swans,5
VINCINT,6
"Viktor Vaughn,MF DOOM",11
Violet Skies,6
Yxngxr1,32
Ateriko,11
2AM Club,6
A Beacon School,6
ASTR,6
Adia Victoria,11
Albert Posis,5
Another Sky,6
"Benny The Butcher,DJ Green Lantern",9
Bowery Electric,6
"CORBAL,Shiloh Dynasty,itssvd",5
"Christian Death,R.Williams",7
Diddy,11
Drew Monson,12
EGOVERT,8
Flogging Molly,45
French Montana,79
Get Scared,62
Gracie Abrams,31
Hayd,13
Heart,108
Hollywood Undead,119
"Jackboy,Kodak Black",7
Johnnie Taylor,19
Johnny Cash,352
Josh Garrels,68
Kurt Carr,6
Lee Kernaghan,9
Lil B,279
Lil Mosey,97
Masaya,8
Masked Intruder,13
Matt Champion,7
Michael Malarkey,5
Ozzy Osbourne,196
Petite Meller,10
Postcard Boy,5
Purity Ring,13
Quentin Miller,31
Reel Big Fish,27
Robert DeLong,15
Shaun Cassidy,4
Skegss,40
Sleep,16
Smokey Robinson,15
Soilwork,18
Strung Out,20
Swim Mountain,5
TV Girl,61
"Tha Dogg Pound,Snoop Dogg",7
The Guess Who,14
The Magic Numbers,7
The Mars Volta,59
The Word Alive,47
Tim Christensen,9
Vansire,15
Wailing Souls,9
Wayne Wonder,8
Whiskeytown,52
Will Downing,11
12 RODS,5
Bad//Dreems,7
A Great Big World,29
Amy Diamond,9
Angela Winbush,4
Bahamadia,11
Bert Jansch,11
Charles Mingus,7
Circa Survive,82
Denzel Curry,77
Don Toliver,68
EPMD,34
Erika de Casier,14
Fit For Rivals,9
Gary Moore,18
Haystak,17
JP Saxe,22
Jarv,19
Joel Ansett,12
Justin Nozuka,15
Kasabian,54
Kerli,18
Kevin Quinn,8
Klaus Nomi,9
LaLion,6
Lucian Byrne,6
Lydia Loveless,22
Macklemore,22
Mal Blum,31
Matilda,8
Midlake,13
Miranda Lambert,86
O.A.R.,72
"Open Mike Eagle,Paul White",11
Paul Westerberg,11
Pentangle,20
Pink Floyd,216
Poison The Well,18
Reptaliens,4
Rob Cantor,11
Rush,208
Samael,6
Seamus Kennedy,4
Smokepurpp,86
Sonnie Badu,6
Stephanie J. Block,4
The Axis of Awesome,8
The Four Owls,22
Tiffany Day,18
Van Morrison,232
Vanilla Ice,43
YNW BSlime,19
planetboom,19
A$Ton Matthews,8
Smokie,22
Alexander O'Neal,24
Alice In Chains,148
Anna Clendening,11
Anna Ternheim,7
Atlantic Starr,18
Bibi Bourelly,13
Big Sean,52
Big Thief,70
Billy Talent,82
Black Veil Brides,87
"Bonobo,Bajka",4
Chanel West Coast,12
Charmer,22
Current Joys,66
DIANTIC,8
DJ Lil Sprite,7
DJ Paul,9
Devin Townsend Project,67
Diana Krall,31
"Doris Day,Paul Weston And His Orchestra,The Norman Luboff Choir",5
ELLEGARDEN,9
Earth Crisis,12
"Ella Fitzgerald,Joe Pass",5
Emily Kinney,11
Gogol Bordello,35
Goldfrapp,56
Hailey Whitters,12
Headless Chickens,28
I Fight Dragons,7
Indiana Bible College,86
J.I the Prince of N.Y,39
Janis Ian,15
Jeff MK3,4
Jerry Butler,6
Jon Secada,9
Juelz Santana,36
Julia Michaels,42
Kevin Abstract,44
Klaatu,12
Lata Mangeshkar,20
Lontalius,23
"Loretta Lynn,Conway Twitty",12
Mars Argo,17
Nico Collins,32
Ryan Hurd,17
Silver Mt. Zion,23
Spraynard,4
Status Quo,168
Stunna 4 Vegas,28
Sunday Service Choir,18
Teenage Jesus & The Jerks,4
The Gloom In The Corner,18
The Lighthouse And The Whaler,7
The Struts,36
The Swingers,6
The Velvet Underground,74
The Wrens,13
Valley Of Wolves,11
Wale,106
Weiland,28
"Willie Nelson,Lukas Nelson,Micah Nelson",4
Yukmouth,8
ZillaKami,12
Ady Suleiman,16
Allan Kingdom,12
Allison Crutchfield,4
Belis,5
Trash Boat,27
Amy Shark,33
Art Garfunkel,12
Asa Kora,7
Ash,11
Attack Attack!,27
Beck,130
Better Than Ezra,8
Black Moon,12
CYNE,22
Caribou,23
Carousel Casualties,5
Circa Waves,41
"Citipointe Worship,Chardon Lewis",17
Cole Swindell,39
Dada Life,4
Danyel Hayes,8
Death Angel,13
Draco Rosa,5
E^ST,6
FLAVIA,6
Fats Domino,19
Fishbone,11
Good Scott,8
Gregory Alan Isakov,50
Hanson,109
High Valley,10
Houdini,16
House Of Pain,28
How To Destroy Angels,12
If I Were You,28
Josh Wilson,11
Joshua James,7
KT Tunstall,20
Kelela,31
Kelis,48
Kristin Chenoweth,7
LeAnn Rimes,168
Leif Vollebekk,27
Lights,53
Lil Skies,104
Lil Snupe,10
Little Boots,4
Lloyd Cole and the Commotions,36
Love Unlimited,7
Magic Man,12
Memphis Jug Band,4
Mike Love,11
"Moonface,Spencer Krug",12
Paul Robeson,13
Phantom Sage,4
Pool Kids,7
RAYE,29
Rah-C,10
Rehab,18
Rhye,34
Snow Patrol,84
Spanky & Our Gang,4
Stone Temple Pilots,91
Sunny Day Real Estate,38
The Decemberists,114
The Diplomats,36
The Flaming Lips,79
The O'Reillys and the Paddyhats,6
The Steel Woods,13
The Stranglers,34
The Wanted,29
Tiësto,9
Tonic,4
Trae Tha Truth,37
Two Feet,42
Vory,22
Vundabar,34
Washed Out,41
Will Joseph Cook,23
William Clark Green,23
Women,14
Yanga,6
Zamaera,5
payton,7
Alien Sex Fiend,7
"Alison Krauss,The Cox Family",9
Motörhead,85
Shayfer James,10
Adam Jensen,28
Amber Liu,13
Amnesia Scanner,4
Aphrodite's Child,12
Backing Business,13
Barbara Mandrell,7
Beartooth,58
Brandon Heath,20
Brian Doerksen,13
Cameron Avery,10
Campsite Dream,6
Cee Kay,10
Charli XCX,41
Clayton Jennings,17
Cocoa Tea,6
Dana Dane,6
Emilio Rojas,9
Freddie Gibbs,84
Friendly Fires,12
Go! Child,12
Grayscale,44
House of Heroes,15
Idina Menzel,46
Inclination,9
Issues,44
Jeffree Star,15
Jesca Hoop,17
Jim Reeves,49
King Fantastic,8
"Kresnt,Nani Beats",4
Like A Storm,8
Lou Reed,229
Louis Tomlinson,19
Mac Dre,88
Matt Elliott,41
Menudo,7
Mike Floss,5
Mutemath,40
Nelson Freitas,8
Night Moves,11
Ninja Sex Party,76
Ocho Munna,6
Ourselves the Elves,9
Outlawz,4
PatrickReza,4
Pilot,8
Pimp C,30
Porcupine Tree,102
Prateek Kuhad,17
Regard,7
Rittz,94
"Roc Marciano,Knowledge the Pirate",7
Rozzi,11
Rufus Wainwright,58
SafetySuit,16
Skold,6
Sum 41,99
Sunrise Avenue,6
The Brobecks,14
The Hics,6
The Outhere Brothers,6
Tom Petty,47
"Traditional,Gospel Dream",4
Yours Truly,14
Yvette Young,7
"iamjakehill,Sumdude",4
rebelsuns.,4
"A. P. Carter,Sara Carter,Mother Maybelle Carter",6
"Abstract,RoZe,Drumma Battalion",4
Bear Ghost,19
Vildhjarta,8
Alice Phoebe Lou,31
AlicebanD,9
American Football,26
Arcane Roots,28
Artifex Pereo,9
Artist Vs Poet,12
At the Drive-In,47
BONNIE X CLYDE,10
BbyMutha,30
Boyzone,13
Bunji Garlin,4
Cherish,14
Clint Black,27
Corey Harper,15
Cornershop,4
Cover Pop,5
Creedence Clearwater Revival,91
Da Vinci's Notebook,17
Dan Schutte,11
Destiny Rogers,10
Digital Summer,5
Domani,13
DyMe-A-DuZiN,8
EBK Young Joc,4
Echosmith,33
Falz,11
Foxy Brown,22
Geoffroy,9
Goody Grace,20
Grandaddy,36
Hilltop Hoods,56
Israel & New Breed,24
J Dilla,38
John the Ghost,9
"Johnny Cash,Waylon Jennings",7
Jojo Siwa (Kids),18
José Feliciano,6
"KXNG Crooked,Joell Ortiz",4
Keaton Henson,50
LAUNDRY DAY,34
Lil He77,9
MNDR,5
Manowar,127
Marina Lin,4
Mark Wills,6
Michael Schulte,26
Montgomery Gentry,15
"NATURE,The Listening Planet",4
Oysterhead,6
PWR BTTM,12
Pianos Become The Teeth,37
Pollari,13
"Rufus & Chaka Khan,Chaka Khan",17
Slayyyter,32
Snow Ghosts,5
Soleima,5
Soviet Soviet,16
Stonebwoy,7
Tamia,39
Tech N9ne Collabos,29
Teddy Swims,25
The Buttress,12
The Mountain Goats,319
The O'My's,4
Tori Kelly,61
"Tyler, The Creator",51
Wage War,49
Y.ACG Striker,5
Zoe Wees,5
✝✝✝ (Crosses),17
"Andre Nickatina,Equipto",4
Austra,36
Blackmore's Night,21
Bratz,10
Cancer Bats,9
Cassandra Wilson,8
Cher,187
Cobi,8
DON BROCO,50
Dredg,16
Eclipse,10
"Felly,Gyyps",5
Flatbush Zombies,66
Fred Eaglesmith,11
George Clanton,14
Ghostland Observatory,6
Gipsy Kings,6
Islands,15
J.J. Cale,29
"Johnny Cash,The Tennessee Two",29
Joy Crookes,27
KAYE,4
Kenny Muney,5
Marlo,9
Molotov Cocktail Piano,13
NOFX,271
Nipsey Hussle,122
Panucci's Pizza,28
Parmalee,7
Peezy,23
Propaganda,23
Quincy Jones,24
"Rae Sremmurd,Swae Lee,Slim Jxmmi",17
Rezcoast Grizz,8
Rick Derringer,4
Rick Springfield,10
Rowlan,10
Shane Smith & the Saints,24
Simplified,4
Sing Street,8
Smoke Dawg,7
Supertramp,112
"The Honeysticks,Ricky Montgomery",6
The Zodiac,12
Tribal Seeds,22
Will Reagan,10
"love-sadKID,Garrett.",10
the GazettE,12
Ally Brooke,4
MUNA,30
454,4
Against Me!,91
Alicia Keys,139
Andy Mineo,49
Anne-Marie,34
Beth Ditto,13
Charly Black,13
"Crazy Ex-Girlfriend Cast,Donna Lynne Champlin",7
DY Krazy,4
Death Spells,11
Dwele,11
Electric Callboy,48
"Elton John,Leon Russell",5
Felt,23
Fifth Harmony,43
Foolio,42
Forever in Your Mind,13
Greensky Bluegrass,28
"Gucci Mane,Migos",10
"Hillsong Worship,Joel Houston",11
Hollyn,19
Jalen Santoy,12
John Legend,135
Kiddo Marv,5
Kristoff Krane,8
Lil' Troy,6
MONSTA X,34
Marco McKinnis,12
Milestones,6
Mr. Knightowl,9
Mr.Kitty,58
Paramore,93
Patrick Droney,15
Porno for Pyros,18
Sada Baby,65
Sjowgren,8
Snowing,16
Spite,34
Superhumanoids,5
Taking Back Sunday,83
Teejayx6,30
Tei Shi,22
The Moments,5
The Palmer Squares,55
The Revivalists,46
The Team,5
Tsu Surf,29
Twisted Insane,64
Umphrey's McGee,19
Venom,90
Woodes,9
Yello,53
Yung Mavu,9
Amber Bullock,4
John Mellencamp,181
Pat Green,6
25K,6
6host,5
A-Reece,41
Abigail Barlow,4
Acres,12
Any Given Day,16
BLESSED,9
Beckah Shae,9
Billy Joe Shaver,15
Cameo,17
Capstan,18
Charley Pride,26
Closure in Moscow,17
DC Talk,25
Daniel Lanois,10
Dark Tranquillity,63
Doja Cat,76
Drive-By Truckers,88
EBK Jaaybo,13
EarlyRise,4
Fat Night,5
Gong,18
"Granger Smith,Earl Dibbles Jr.",5
Janine,30
Johnny Winter,5
Jonathan Davis,13
Kalin and Myles,12
King Promise,4
Land of Talk,7
Lee Ann Womack,10
"Lil Keed,Young Thug",6
Lorde,63
Love and Rockets,10
Marco Luka,6
Midnight Oil,31
Mirah,8
Nao,37
Outshyne,4
Pink Siifu,4
Primal Scream,30
Ra Ra Riot,21
Ray Parker Jr.,8
Rotimi,23
Selah Sue,17
Shayne Ward,12
Smoove'L,20
Social Distortion,32
"Squares and Alleys, Parks",12
Steve Lacy,45
Tennessee Ernie Ford,15
The Darkness,43
The Kelly Family,80
The Monkees,177
The Teardrop Explodes,5
Tom Rush,6
Tommy Walker,11
Van Canto,14
Viagra Boys,32
Vulfpeck,15
Annabel Jones,5
Bananarama,9
The West Coast Pop Art Experimental Band,14
Too Close To Touch,36
USS (Ubiquitous Synergy Seeker),21
Aaliyah,67
Aidonia,36
Alfa Mist,8
American Nightmare,9
Ariel Rivera,16
B.B. King,29
Bark Psychosis,7
Beady Eye,16
Beetlebug,4
Belle and Sebastian,125
Beverley Knight,5
Bill Callahan,54
Black The Ripper,6
Brooke Fraser,49
Carrie Underwood,92
Cassyette,6
Chase Bryant,4
Conan Gray,34
Crime Mob,12
Daley,11
Daniel Caesar,20
Devon Dotson,11
Dorian Electra,29
Eddie Rabbitt,11
Elton John,358
Emil Bulls,16
Enkay47,14
Every Avenue,5
Evie Irie,7
Glass Cloud,10
Goodbye Tomorrow,4
"Gucci Mane,Young Thug",12
In Real Life,14
Kida Kudz,4
"King Creosote,Jon Hopkins",5
Laibach,23
Lewis Del Mar,24
Living Sacrifice,6
Masayoshi Soken,5
Meltt,9
P.S. Eliot,8
Party Tyme,164
Peggy Lee,30
Plested,14
Refs,8
Ride,38
Robert Plant,44
"SHRK,Shiloh Dynasty",5
SPIRIT OF THE BEEHIVE,23
Someone Still Loves You Boris Yeltsin,5
Strand of Oaks,15
The Dream Syndicate,7
The Feelies,12
The Gladiators,7
The Hi-Marks,14
The Lillingtons,12
The Pogues,133
Tom Speight,10
Tori Amos,233
Tribe 8,5
Ugly Duckling,10
VaShawn Mitchell,12
Valerie June,17
WHY?,49
"Whitesnake,Christopher Collier",6
Wonder Girls,9
Zheani,35
dvsn,31
emawk,6
girli,26
A Chorus Line Ensemble (2006),5
Allo Darlin',5
Unprocessed,7
Adolescents,13
Air Traffic Controller,12
Alice Cooper,247
Amanda Lear,6
Anfa Rose,21
BEXEY,26
Brand of Sacrifice,13
CaRter,12
Cambatta,27
Caroline Rose,19
Cash Cash,5
Chuck Berry,156
Coro,4
Crooked Colours,20
Elvis Depressedly,30
Francis and the Lights,33
Good Girl,4
Hikaru Utada,36
"JT Music,Andrea Storm Kaden",36
James Arthur,61
Kari Jobe,56
Koes Plus,9
Lennon Stella,22
Los Lonely Boys,4
Loudon Wainwright III,38
Marvin Dark,4
Mike Zombie,4
NO CIGAR,4
Odessa,5
Olivia O'Brien,34
Possessed,13
Powderfinger,21
Prznt,14
"Royce Da 5'9\",Ashley Sorrell",4
Sam Dew,7
Sonic,12
Stephen Lynch,36
Steve Moakler,11
Susan Raye,4
Teyana Taylor,46
The All-American Rejects,59
The Breeders,39
The Civil Wars,31
The Vamps,89
The White Stripes,130
Travis Collins,4
Trini Lopez,5
"Woe, Is Me",16
Young Scooter,38
Zelooperz,13
梶浦 由記,4
Akz,4
Alpine,7
"Black Moon,Smif-N-Wessun",10
BigWalkDog,6
1000mods,18
69 Boyz,7
Airways,8
Andre Nickatina,39
"Armand Hammer,billy woods,E L U C I D",14
Bebe Rexha,36
Bill Haley & His Comets,9
Bing Crosby,156
Bizzy Banks,24
Broken Social Scene,41
Buck 65,10
Butcher Babies,18
"Chris Webby,Jitta On The Track",4
Cormega,38
Cris Cab,5
D.D Dumbo,10
Deluxe,9
Dokken,10
Don Trip,42
Emmit Fenn,18
Frankee,7
GAIKA,4
Girlpool,38
Girls Rituals,6
Griffin Stoller,7
Iron Maiden,272
Joe Simon,4
Jordan Mackampa,12
King Gizzard & The Lizard Wizard,202
Lulu,9
Lyle Lovett,16
Marvin Gaye,132
Mattafix,6
Michael Nau,12
New York Dolls,18
Nina Simone,251
Paradise Lost,48
"Paul McCartney,Jeff Lynne",5
Septicflesh,34
Signs of the Swarm,17
Singer's Best,9
Snail Mail,25
Softheart,29
Speak Low,19
The Accompanist,4
The BossHoss,16
The Glorious Sons,31
The Naked Brothers Band,14
The O.C. Supertones,5
The Promise Ring,16
The Strokes,80
The Who,241
Tove Styrke,19
Vicki Yohe,12
Walter Hawkins,8
Willie Nelson,172
"deadmau5,Rob Swire",5
Alex Warren,4
Goldroom,8
Negativland,4
Voom,5
AJR,66
Aaron Watson,28
Beach Goons,12
Blouse,8
Bodega Bamz,11
Boz Scaggs,22
Breathe Carolina,26
Bruno Mars,86
Carmody,8
Colleen Mitchell,4
Dame D.O.L.L.A,14
Dave Edmunds,13
Dave Hause,27
Dean Blunt,32
Diego Money,5
Eels,77
Emperor,22
"French Montana,Lil Durk",4
Hamzaa,8
Jars Of Clay,17
Jon Pardi,37
Kush Mink,13
Lady Zamar,14
Lil West,4
Logan Henderson,10
Loote,14
Loretta Lynn,197
Lorna Shore,30
MKTO,20
Main Source,12
Mark Battles,16
NRBQ,7
Nebu Kiniza,19
"Ninjago Music,The Fold",5
ONUKA,8
Ocean Park Standoff,6
Oceans Ate Alaska,25
Pebbles,5
Pokey LaFarge,17
Puscifer,60
Shungudzo,5
Sidney Gish,15
Slutty Sonny,14
Solence,20
Sorry Mom,5
"Sunny 2point0,Trippie Redd",5
Superchunk,22
Terrence Parker,5
Texas Is The Reason,11
The Backyardigans,14
The Go-Betweens,11
The Housemartins,30
The Jesus and Mary Chain,59
The Mission,12
The Unseen,32
The Wolfe Tones,69
Tone Damli,6
Towkio,13
Ulver,29
Viza,11
War On Women,13
Whitley,5
brentalfloss,18
sobhhï,14
1 800 PAIN,10
Belle Mt.,4
Phil Thompson,5
The Enemy,5
Air,24
Andrew Rick,43
Anteros,5
Ardijah,11
BLVTH,8
Blue Foundation,6
Burden,6
Chavo,4
Cinderella,46
Cyrus,23
Devin Dawson,15
Ernesto Cortazar,4
"Frank Zappa,Captain Beefheart,The Mothers",9
Ghostface Killah,52
Horrorshow,40
Immature,10
James Taylor,223
"Jesus Culture,Chris Quilala",30
Julia Zahra,4
KIM WOOJIN,4
LANY,34
Liz Lawrence,4
Mark Kozelek,13
Marlena Shaw,15
Matt Corby,36
Mavis Staples,13
"Maze,Frankie Beverly",28
Mel Maryns,6
Mocca,9
No Bird Sing,5
No Savage,14
OWEL,11
Pantera,73
Pleasure P,18
Ray LaMontagne,50
Riverside,49
Sea Girls,32
Shy Girls,15
Slugdge,7
The Fisherman’s Friends,13
The Oozes,7
The Real Thing,9
The Shangri-Las,10
Three Plus,10
Trisha Yearwood,14
Wallows,44
Warren Zevon,145
Wicca Phase Springs Eternal,47
Xandria,31
Youngs Teflon,8
Zucchero,22
svrite,21
Angelspit,5
BLOODIE,4
BT,5
Dreamcatcher,6
Grieves,61
IAMX,69
Anthony Ramos,28
Aunty Donna,10
BLACKPINK,66
BRKN LOVE,4
Bad English,5
Box Car Racer,12
CRASH RARRI,6
Cane Hill,36
Caravan Palace,24
Daughter,32
Dear and the Headlights,25
Disclosure,15
FRENSHIP,14
Foxblood,4
Gizmo Varillas,6
Goodbye June,14
Have Mercy,45
Heaven Shall Burn,34
Imminence,28
Jackboy,59
Jaz Karis,10
Jess and Gabriel,21
Jhameel,6
Jon Foreman,45
Jon McLaughlin,10
Knuckle Puck,49
Kyla La Grange,8
Laica,6
Ledisi,21
Manic Street Preachers,123
Melo,10
Mikayl Blu,4
No Malice,13
Outkast,144
Paddy And The Rats,19
Pluralone,8
Primus,141
Roo Panes,40
Ruby Ibarra,10
"Rucka Rucka Ali,DJ Not Nice",5
Scissor Sisters,33
Shirley Murdock,4
Sleepy Hallow,49
Snap Capone,7
Soft Kill,8
Spose,39
Tha Alkaholiks,16
The Black Queen,19
The Cool Kids,15
The Exploited,37
The Pack a.d.,6
The Shouting Matches,4
Thrice,119
Twin Temple,9
United Pursuit,6
Vitja,8
White Knight Instrumental,37
ZAND,6
Zack Hemsey,29
Rich Mullins,21
Xenia Rubinos,9
Alabama Shakes,31
"Alpha Blondy,The Solar System",8
"Baby Bash,Frankie J",4
Ben L'Oncle Soul,7
"Bethel Music,Brian Johnson",10
Brian Courtney Wilson,7
Cartoons,7
Caskey,91
Catey Shaw,10
Chilly Gonzales,11
"Citipointe Worship,Becky Lucas",9
Coops,8
Craig Campbell,6
DEMONDICE,19
Dr. Doofenshmirtz,5
Dr. Octagon,27
Dreams We've Had,12
Dusty Springfield,192
Embrace,12
FWC Big Key,4
Gentle Bones,10
Glenn Medeiros,11
Hollie Col,9
Hott Headzz,6
Iman Omari,7
Inner Circle,9
"Irving Berlin,Kiri Te Kanawa,Abbey Road Ensemble,Jonathan Tunick",4
"Ivor Novello,Jeremy Northam,Christopher Northam",4
J. Dash,7
Janet Jackson,150
Jason Derulo,55
Jeff Beck,7
"Joe Bonamassa, Beth Hart",4
John Hiatt,14
Kanaya,8
Kolton Moore & the Clever Few,14
Mike Oldfield,22
Mike Ryan,20
On Planets,4
PUP,44
Pat The Bunny,17
Paul Brady,7
Peewee Longway,49
Pynkman,4
Richard Edwards,4
Saul Williams,37
Shakka,11
Soundgarden,139
Sunfly Karaoke,8
TEC,31
TOMORROW X TOGETHER,34
Taylor Janzen,4
The Laurie Berkner Band,6
Thouxanbanfauni,98
Tor Miller,14
Trapt,18
WALK THE MOON,51
Wand,11
We The Kings,37
YOHIO,7
Aceyalone,5
Andrew Allen,7
Balkan Beat Box,4
Behan the Scene,6
Blackjack Billy,11
8-Bit Arcade,59
Austin Moon,26
Botch,10
Cass Elliot,9
Cayetana,9
Chali 2na,8
Chelsea Collins,4
Connie Converse,17
Cruel Santino,14
DaBoii,32
Damn Yankees,6
Dirt Nasty,12
Doechii,6
FUR,15
Fela Kuti,30
"Four Fists,P.O.S,Astronautalis",9
Huskii,22
JAXSON GAMBLE,6
Jack Savoretti,35
Jacquees,108
Jim Croce,84
John Martyn,73
John Maus,59
King 810,52
Kishore Kumar,4
Kurt Cobain,17
LIZ,13
Lakeside,8
Lil Migo,10
Makari,15
Michael Cera Palin,9
Michael Giacchino,10
Moby,75
Mouse Rat,6
New Medicine,12
Nick Nolan,6
Orchid Mantis,5
PAUA,10
Rav,31
Renni Rucci,15
Saint Sister,9
Sam Bush,5
Sherwood Marty,6
Speaker Knockerz,28
Steve Forbert,5
Swim Deep,10
Television,18
That Handsome Devil,33
The Alan Parsons Project,114
The Ready Set,14
Train,98
"UNKLE,Gavin Clark",4
Violent J,5
Ween,199
Wye Oak,33
Xavy Rusan,6
Zack Villere,28
Zain Bhikha,16
"Au5,Danyka Nadeau",4
"Bethel Music,Jeremy Riddle",5
2nd II None,7
"50 Cent,Olivia",4
AceQuared,6
Adam & The Ants,14
Adept,27
Amorphis,37
Apollo LTD,7
Benjamin Francis Leftwich,38
Bhad Bhabie,17
Britney Spears,209
Courtney Barnett,65
Elliott Smith,126
Fly Union,4
Fontaines D.C.,29
Foxy Shazam,11
GASHI,35
"Haley Heynderickx,Max García Conover",4
"Hollywood Vampires,Johnny Depp,Alice Cooper",5
J.K. The Reaper,11
Jim Jones,36
Joanne Gardiner,17
Kovacs,23
Lukas Graham,117
MELODOWNZ,18
Miller Blue,4
Namasenda,12
Nate Rose,18
Ne-Yo,105
Noah Reid,15
Original God,22
STARSET,62
Saintseneca,25
Shrine of Malice,10
Slowly Slowly,18
Sneaker Pimps,26
Susanne Sundfør,19
Teezo Touchdown,5
The Bellamy Brothers,15
The Color Morale,24
Tomcraft,4
Trizz,6
Turnstile,49
Valee,11
Vargskelethor,25
Veronica Falls,4
War Of Ages,7
courtship.,10
Red Velvet,58
Tamela Mann,16
"2 Chainz,Lil Wayne",13
Andrea Marie,6
Andy Black,25
Anti-Flag,82
Apparat,22
Ashlee,5
Bastille,79
Black Uhuru,19
Brokencyde,11
Cast - Family Guy,7
Charon,4
Cocoon,8
Cranes,14
Deee-Lite,9
Electric Light Orchestra,215
Eric Reprid,31
Evidence,32
Flatsound,84
Frankie Goes To Hollywood,36
Gossip,9
Grave Pleasures,4
Gregory and the Hawk,28
Hailey Knox,11
IAMDDB,44
Jackson Owens,5
"James Brown,The J.B.'s",11
JayteKz,30
Jeff Foxworthy,4
Jon Cozart,17
K.A.A.N.,34
Kevin Flum,15
Kevin George,10
Koi Child,4
Lil Uzi Vert,283
Louis Dunford,5
Maren Morris,41
Matt Berry,13
Max Frost,20
Michael Calfan,4
Moon Tooth,7
"Ouse,Powfu",5
PJ Morton,17
Pale Waves,27
Patrice Rushen,8
Poor Man's Poison,27
ProSource Karaoke,18
Quicksilver Messenger Service,18
RAIZA BIZA,6
Rick Pino,6
Robbie Robertson,6
SVEA,5
Samoht,12
Ted Leo and the Pharmacists,7
Teenage Wrist,16
Terror Reid,14
The 1975,106
The Charlie Daniels Band,22
Trevor Hall,43
With Confidence,38
Xavier Wulf,87
YSN Flow,26
YTCracker,11
Zach Hood,6
alt-J,42
sapientdream,7
Aidan Hawken,4
"Air Supply,N/a",4
Allegaeon,9
The Jeff Healey Band,5
12AM,9
Acrania,12
Aimer,7
Angus Stone,5
Bear Hands,18
Ben Abraham,18
Berner,53
Bishop Briggs,28
Bruce Hornsby and the Range,8
Caravan of Thieves,4
Cayucas,12
DJ Shadow,18
Dollar Signs,4
Doughboyz Cashout,24
Elliot Moss,16
Enya,69
Evan and Eris,8
"Every Nation Music,Langelihle Mbonambi",4
Gangsta Rap,4
George Duke,8
GoldFish,9
Grace Jones,34
Helloween,196
Henrik,5
Heritage Singers,54
Isotopes,4
J-Soul,13
Lady A,70
Lea Michele,26
Lil Cuete,5
Newsboys,37
Ollie MN,7
"Paul Baloche,Integrity's Hosanna! Music",12
Rich Homie Quan,115
Rina Sawayama,29
Shearwater,13
Small Black,17
TLE Cinco,12
Teddy Thompson,5
TeeFLii,6
The Aggrolites,4
The Dead Weather,21
The Notting Hillbillies,5
The Prodigy,60
The Taxpayers,22
Trapo,18
"Wiz Khalifa,Juicy J",7
iNi Kamoze,5
slenderbodies,13
A R I Z O N A,16
Avery Wilson,5
McClenney,12
10 Years,45
100s,8
"Action Bronson,Big Body Bes",5
"Aesop Rock,Blockhead",11
Aftertheparty,50
Alfie Templeman,19
Anarbor,31
Angelo Mota,4
As Tall As Lions,17
AshleySmashlaay,7
Caye,8
Charles Jenkins & Fellowship Chicago,7
Cherry Glazerr,35
Chief State,5
Cibo Matto,17
Croosh,54
Demon Hunter,100
Derek Minor,27
Diablo Swing Orchestra,30
Elvenking,15
For Today,18
French The Kid,10
Future Islands,65
Gulch,12
Hulvey,23
Hurriganes,9
Joan Thiele,6
Kaliii,6
Kalmah,8
LANDMVRKS,20
LOVA,12
Little Mix,110
MC Hammer,28
Next Town Down,7
Nine Inch Nails,169
Randy Crawford,13
SZA,83
Scrim,22
Slimelife Shawty,31
Snow,11
Speech Patterns,8
Tee Grizzley,69
"Terror Reid,Getter",4
The Microphones,41
Thug Life,6
Toosii,71
Unknown T,21
Urthboy,15
Whitewoods,8
"Wiz Khalifa,Chevy Woods",10
Wyclef Jean,32
Yazoo,26
Yelawolf,191
Adrenaline Mob,4
LaVern Baker,11
AC/DC,197
Adore Delano,31
Albert Street,4
Alice Glass,21
Amigo the Devil,32
Andy Timofte,4
Anthony Amorim,14
Bad Boys Blue,11
Benjamin Tod,19
Big L,37
COBRAH,9
Cavetown,72
Choir Vandals,4
Chrome Sparks,5
"Curren$y,Trademark Da Skydiver,Young Roddy",6
Danny Gonzalez,22
Duncan Laurence,15
Dylan Scott,27
Flock of Dimes,8
Gyakie,7
Hindi Zahra,12
Honorary Astronaut,5
Jonathan Coulton,52
Lucas Coly,26
Mac Ayres,28
Miki Ratsula,5
Overkill,151
"Passion,Chris Tomlin",14
Picture This,30
"Russ,Bugus",6
Sainté,17
Samantha Harvey,6
San Fermin,42
Stat Quo,4
Stromae,6
"T-Dre,Delux,Cali Life Style",5
TRU,16
The Coathangers,8
The Front Bottoms,93
The Glitch Mob,4
The Original Broadway Cast Of School Of Rock,16
The Pale White,11
The Staves,39
The Subways,5
This Or The Apocalypse,8
Violent Femmes,101
Weval,9
ZOEgirl,38
Zoom Karaoke,28
Bethel Music,7
Sweatcult,5
The Irish Brigade,4
The Temptations,167
Above The Law,15
Bankrol Hayden,10
Bedouine,19
"Bethel Music,Josh Baldwin",5
Betty Davis,12
Blanco White,14
Blu Samu,4
Bob Carlisle,4
CAIN,6
Carl Wheezer,4
Chase Huglin,7
Chillinit,34
Clean Cut Kid,7
CoComelon,17
Cold War Kids,61
Cymbals Eat Guitars,19
EARTHGANG,58
Etta James,126
Fastball,60
Flobots,51
Ike & Tina Turner,28
Incendiary,17
Kaitlyn Aurelia Smith,4
Kenny Rogers,193
Kim Petras,48
"Louis Prima,Sam Butera & The Witnesses",4
Marcus King,11
Momus,15
Nahko,12
Ozomatli,4
PDOT O,9
Paolo Nutini,41
"Powfu,Rxseboy",5
Prodigy,49
Red,63
Richard O'Brien,11
Sunsleep,7
The Backseat Lovers,16
The Disco Biscuits,22
The HU,5
The Judds,78
The Pineapple Thief,32
The Uncluded,16
The Warratahs,7
"Tim McGraw,Faith Hill",4
Tommy Ice,12
Toni Braxton,92
Trudy and the Romance,12
Vince Guaraldi Trio,4
"Waka Flocka Flame,Gucci Mane",4
Wind Rose,9
YG,66
You Me At Six,82
Zach Bryan,46
Zhané,12
Zoocci Coke Dope,11
alayna,6
AUSTN,4
"Abhi The Nomad,Foster Cazz",5
Bangs,4
Alex Ernst,5
"Andrew Lloyd Webber,Original Evita Cast",12
BLOXX,8
Bell X1,6
Betty Hutton,7
Bobby Cole,4
Boyz N Da Hood,8
Chris Smither,11
Club Kuru,8
Cosmo Sheldrake,21
David Lee Roth,8
Drug Church,32
Ed Sheeran,180
Eryn Martin,8
FLEECE,12
Falling In Reverse,62
GUM,10
Gary Glitter,8
Glen Washington,4
Good Charlotte,79
Greentea Peng,26
Haken,49
Heart In Hand,6
"Hi-Rez,Only For The Fans",9
Highlands Worship,20
Johnny Flynn,46
Justin Townes Earle,32
K'NAAN,35
KIALLA,5
Krayzie Bone,42
Layzie Bone,6
Lil Tra$h,12
Loggins & Messina,4
Majid Jordan,40
Mary Margaret O'Hara,6
Migos,162
Mýa,11
Nazareth,191
Nicole Scherzinger,16
Okey Dokey,4
Perpetual Groove,5
Phoebe Bridgers,38
Richard Cheese,25
Steven Moses,14
Summoning,25
Teena Marie,20
Ten Years After,54
The Red Jumpsuit Apparatus,30
Tyler Farr,11
"UPPERROOM,Abbie Gamboa",7
VOILÀ,10
William Bell,12
Windmills,9
Woody Guthrie,40
Ye Ali,12
Young Lungs,7
yvngxchris,11
3 Inches Of Blood,7
"Alan Menken,Disney",7
Waterparks,69
070 Shake,26
Adna,11
Alex Isley,12
Austin Burke,5
Blackfield,33
Brayke,9
Caleb Hearn,8
"Capone-N-Noreaga,Tragedy Khadafi",6
Chastity Belt,34
Chilliwack,5
Claire Rosinkranz,17
Culture Club,76
Cursed,6
Days N Daze,44
Deep Purple,209
Destroy Lonely,17
Devourment,9
Drop Nineteens,5
Ed Prosek,9
Eraserheads,20
Erthlings,4
Eyes Set To Kill,10
Galdive,6
Gilla Band,21
Grabbitz,20
Hendricentrix,4
House of Shem,245
Injury Reserve,40
Isaac Cassidy,5
Japan,24
Judiciary,5
Jus Allah,14
Kat Edmonson,5
King Lil Jay,25
"Lil Durk,DeJ Loaf",4
Lincoln Brewster,20
MAX,17
Mac Lethal,51
Mark Hollis,8
Midwest Pen Pals,6
Mott The Hoople,11
Phineas,7
PnB Rock,111
STAYC,11
Saigon,6
ScHoolboy Q,46
Smut Peddlers,4
"Starlito,Don Trip",5
Sufjan Stevens,183
The Saddest Landscape,6
The Snuts,21
Tyrese,27
Village People,35
Warpaint,44
Young Pink,6
little image,5
Annika Rose,8
"Black Thought,Salaam Remi",7
Cynic,15
Duke Da Beast,7
EZI,8
IVOXYGEN,30
Jimmie Allen,6
Martin Nievera,12
Matt Wertz,6
Mercenary,4
"TeeFLii,Dom Kennedy",4
Wild Cherry,4
Yellow House,8
Yot Club,9
Amanda Blank,5
Blue Franklin,4
Dion & The Belmonts,11
"Hypnogaja,ShyBoy",14
KAMAUU,12
Laylizzy,4
Miranda Cosgrove,15
Nashville Tribute Collection,5
"North Point Worship,Brett Stanfill",5
Paul Brandt,6
Pro Kid,5
SOAK,12
Sophia Somajo,4
Swoosh God,4
Bulletboys,4
Darko,8
"Future,Drake",6
Gravy Train!!!!,4
Great Good Fine Ok,13
Harlem,10
Kim Cesarion,8
Lisa Loeb,5
Lisi,10
Rare Earth,7
Robin Trower,6
Ruby Fields,16
Saltillo,4
Self Provoked,5
The 69 Eyes,8
A Will Away,7
Donkeyboy,7
Jack Curley,4
Killer Be Killed,9
McBusted,4
Pastor Troy,17
"Paul Revere & The Raiders,Mark Lindsay",4
Ronnie Wood,5
Steve Camp,5
"The Game,Lil Wayne",5
Thurston Moore,7
Toothgrinder,5
Toy-Box,7
Yo Gabba Gabba,7
xoxomyah,14
Akua Naru,11
Bob Weir,10
Cyber Bloom,8
DJ BoBo,18
Delegation,4
Geoff Moore & The Distance,4
Jerry Lee Lewis,17
Jimi Charles Moody,6
Leo Stannard,5
Meddy,4
Milo Meskens,7
New Creation Worship,6
Nikki Flores,7
Ray Vaughn,8
Rettifilo Flo,8
Slutty Sonny II,7
Stu Larsen,12
The Durutti Column,6
Tony Molina,5
Vanessa Bling,7
Vitriol,5
"Wiz Khalifa,Young Deji",6
"Yeah?, Does It Offend You",11
Backing Track Central,7
Bob Wills & His Texas Playboys,5
Diggy Graves,7
Filmore,6
Flanagan & Allen,5
Hudson Taylor,7
Ira Wolf,12
Josef Salvat,16
"Kurt Weill,Marianne Faithfull,Vienna Radio Symphony Orchestra",5
Lee Fields & The Expressions,18
PHOX,9
Sister Sledge,11
Squash,14
The Alchemist,6
The Blue Van,5
Bunny Walters,4
Camylio,4
Chinese Man,5
Del Amitri,6
"Die Antwoord,Blackgoat",5
Dropout,7
Gene,8
The Griswolds,10
The Shadowboxers,6
ilyTOMMY,17
Bad Rabbits,7
Bury Your Dead,4
Dru Down,8
Esther Phillips,7
Harms Way,9
Jaci Velasquez,8
Joakim Lundell,5
Khaligraph Jones,7
Maxwell Young,4
Metz,11
Mickey Newbury,4
Mid-Cities Worship,7
No Hot Ashes,5
Paul Overstreet,8
Slump6s,10
The Neville Brothers,8
Ultimate Spinach,8
Bandmanrill,6
Cole Norton,4
Caravan,7
Chinese Kitty,7
Divide,5
Dorothy Norwood,4
"Here Be Lions,Dustin Smith",4
"Joshua Bassett,Disney",5
KARD,4
Miami Sound Machine,5
Nils Lofgren,6
Patrick Dorgan,4
Runaway June,6
"Starlito,Robin Raynelle",4
Sus,4
"The Belonging Co,Henry Seeley",10
Wilderness Crew,4
cehryl,9
redveil,5
Casey Bolles,6
"City Morgue,ZillaKami",6
Comus,6
Brotherhood of Man,5
Cheekface,7
Darrell Evans,4
Fred V & Grafix,4
Hello Yello,5
Julian Smith,7
Rainer Maria,8
Sanders Bohlke,7
Seven Spires,4
Sidewalks and Skeletons,5
Teenage Disaster,8
The Kings Dead,7
Travis Denning,5
Tucker Beathard,6
WVNDER,10
Z Money,5
Virtual Riot,8
CHIC,15
CKay,8
D-A-D,9
ERA,4
Hentai Dude,5
JB Scofield,4
Katharine McPhee,7
Leathermouth,9
Logan Hugueny-Clark,5
Madeline Juno,13
Mental As Anything,7
Mistah F.A.B.,7
Omnium Tal,5
Peter Bradley Adams,19
Racoon Racoon,6
Sacred Reich,4
Skeme,12
Smoke DZA,7
The Soundtrack Of Our Lives,5
Vesta Collide,10
Boyscott,9
Caught A Ghost,4
Edwin Starr,8
Kaptan,4
Kitten,10
"Lee \"Scratch\" Perry",4
Michael Cera,6
Natalie Lauren,4
Proof,12
Quincy,11
Stanley T,5
Tatianna,4
The Future Hit Makers,5
The Session Boys,4
Wake Owl,4
'Falsettos' 2016 Broadway Company,5
Braxton Cook,5
Buried In Verona,8
Canaan Smith,6
Chris Norman,8
CARRINGTON CASH,5
Deakin,6
Elvin Bishop,4
Guano Apes,10
Hempress Sativa,4
Lifter Puller,7
Monaleo,4
Ruth Lorenzo,7
Shaquille O'Neal,8
The Perrys,4
Truth,5
Will Butler,8
祖堅 正慶,5
FASCINATING AIDA,4
Fefe Dobson,5
Gotthard,6
Hayseed Dixie,4
Helvetia,5
Jessi,9
Justin Jesso,5
Kye Kye,7
L-Tido,5
"Modern Talking,Eric Singleton",6
"Richard Edwards,Margot & The Nuclear So And So's",7
Tenille Arts,6
The Hit Crew,12
WUOKNN,7
William Ryan Key,5
Your Neighbors,9
Zealand Worship,6
Eilen Jewell,12
JB and the Moonshine Band,4
James Vickery,9
Julian Moon,4
LIONAIRE,6
Light Up The Sky,5
Michele Morrone,10
Michelle Featherstone,5
SEREBRO,8
Sushi Soucy,5
The Troggs,8
Will Connolly,6
Camper Van Beethoven,10
Carl Storm,5
Earth Tongue,10
Emilíana Torrini,11
Erick Baker,5
Eve 6,9
Idrys Blck,4
Noiseworks,4
Oh Pep!,6
Peter and Kerry,5
Sir Mix-A-Lot,26
The 4 Noble Truths,6
VETO,4
Warzone,4
Zippy Kid,6
lungskull,7
Belaganas,4
"Bobby Raps,Corbin",4
C-Murder,10
Chrisette Michele,17
"Dreams & Nightmares,Meek Milly",4
Dylan Jordan,5
Exuma,5
Garden Collective,9
IMAscore,4
Jono McCleery,4
King Missile,8
"Raekwon,Ghostface Killah",4
Randall King,23
Ray Davies,5
Suzi Quatro,7
White Zombie,24
ACOT,7
"Bobby Oroza,Cold Diamond & Mink",4
Charlie Lim,4
Cierra Ramirez,5
"Cold Hart,YAWNS",5
Colin Hay,13
Eartha Kitt,13
Hakkz,5
Information Society,6
Justice,12
Kayla Rae Haywood,6
Kid Kapichi,4
LOCASH,7
Lou Doillon,4
Selina Mour,5
Sofia Carson,17
Wingnut Dishwashers Union,8
"Young Dolph,Jay Fizzle",4
CNBLUE,17
Jake Slumber,4
Joey Pecoraro,6
"Lil Skies,Landon Cube",4
Manfred Mann's Earth Band,16
Puff Johnson,7
The Amazing Devil,26
The Lone Bellow,11
Tinie Tempah,23
Trent Harmon,5
Bodeans,9
C1,4
CB,10
Ciggy Blacc,4
DRAIN,5
Elizabeth Grace,4
Joseph of Mercury,4
Letters To Cleo,6
"Snoop Dogg,Wiz Khalifa",10
Textures,4
The Mystery Lights,5
femdot.,5
Brooks Jefferson,28
"Bruno Mars,Anderson .Paak,Silk Sonic",10
Elsiane,12
Fred Neil,6
"Robin Loxley,Jay Hawke",4
Unusual Demont,4
Alexander Rybak,15
Carpathian Forest,4
Bryce Fox,11
CMAT,5
DOE,6
Dai Burger,5
Eek-A-Mouse,10
Emily Osment,6
Johnny Lee,6
KNGDAVD,6
Marriages,6
Meiko,7
Sammy Kershaw,8
Sarah Shook & the Disarmers,13
Studio Group,13
The Charlatans,18
The Romantics,7
The Tremeloes,5
"Abra Cadabra,Kush",6
Bumpy Knuckles,4
Bobby Hebb,8
CASISDEAD,19
Disarmonia Mundi,10
FGFC820,4
"Heavy Metal Kings,Vinnie Paz,ILL BILL,Lord Goat",8
Helen Reddy,12
Kaleida,9
"Malibu Ken,Aesop Rock,TOBACCO",9
Marc Scibilia,8
"Mutemath,Paul Meany",4
PLAZA,23
Space,5
Suffokate,4
kent,4
"Charles Bradley,Menahan Street Band",21
Cole Porter,8
Colton Dixon,14
Hotel Ugly,4
Jamal,5
Killa Knox,5
Ladytron,17
Leadley,6
Lil Wyte,17
MacKenzie Porter,7
Matt Costa,4
Misun,4
Mitchell Holloman,5
MyKey,22
SHOTTY HORROH,8
Safaree,6
Salty Eyes,5
Sloan,17
TRACE,7
Tae Retro,4
The Cascades,11
Atomic Kitten,10
Cakes da Killa,7
Charlie Burg,21
Commissioned,6
Eligh,9
Gouge Away,10
Jetta,5
King Things,7
MAJ,8
Okmalumkoolkat,8
Robert Glasper,5
Rozwell Kid,9
The Wave Pictures,5
"Westside Gunn,Rome Streetz",4
Branan Murphy,4
Bri Babineaux,7
Damjonboi,5
Drew Sycamore,8
Girl Pusher,4
"Gucci Mane,Peewee Longway",7
K'Nova,5
Krokus,4
"Mako Mermaids,Amy Ruffle",9
Malte Ebert,4
NLC,4
Omah Lay,11
State Faults,4
The Centaurworld Cast,4
The Matches,8
The Screaming Jets,4
"The Velvet Underground,Nico",11
"Tommy Dorsey,Frank Sinatra",5
Tony Christie,5
Tyler Hilton,6
Bohdi,5
Flying Saucer Gang,6
Joel Adams,8
Lonely The Brave,8
Parris Chariz,10
Richard Swift,5
"Shaker,COBRA",5
Sid Diamond,9
Shay Lia,9
The Human Abstract,10
Bryson Gray,17
EXO-CBX,8
"Gucci Mane,Yo Gotti",4
Hey Monday,4
James Gillespie,8
"John Coltrane,Johnny Hartman",6
Liana Flores,7
Moscow Death Brigade,11
Patty Melodies,12
Ready For The World,5
Rileyy Lanez,6
Rockie Fresh,10
Steve Void,4
Stuck in the Sound,17
WENGIE,8
alex_g_offline,4
Borgeous,4
Dex Osama,6
Gene Kelly,8
Greer,10
"Jimmy Buffett,Elliot Scheiner",15
Men Without Hats,6
OBB,5
Oliver Hazard,5
Rameses B,4
Rogue Wave,6
Rolf Harris,12
"T-Pain,Lil Wayne",4
The Chordettes,7
The Murder Capital,9
The Rutles,6
The Summer Set,17
TheFatRat,7
"Tweedy,Jeff Tweedy",5
"Cake Pop,Dylan Brady,Ravenna Golden,Lewis Grant",4
Commander Cody and His Lost Planet Airmen,5
Deep Forest,4
Don Gibson,10
Drake White,6
Fee,9
Garnett Silk,7
Lukr,5
Mannie Fresh,4
Matt Easton,11
Sarah Jarosz,9
Starflyer 59,7
Wax Tailor,7
Black,7
Canton Jones,5
Charlie Mars,5
Dami Im,6
Eliza and the Bear,5
Fates Warning,8
Hold Close,4
"JIDA,Rachel Lim",5
Jadeci,14
"Kerser,Rates",4
Machine Gun Kelly,7
Mia Sayoko,4
Moonspell,10
Ozma,16
Pere Ubu,18
Pink Turns Blue,9
Ratboys,7
Terry MacAlmon,9
The Broken Circle Breakdown Bluegrass Band,5
Andre Nickatina aka Dre Dog,5
Cover Kid,14
Freezepop,4
Irene Cara,6
Keith Richards,13
Laine Hardy,5
Maya Hawke,11
"Roger Hoffman,The Tabernacle Choir at Temple Square,Orchestra at Temple Square,Craig Jessop",7
Soul For Real,9
The Coasters,14
The Ghost Club,8
"Tion Wayne,Afro B",4
Two-9,4
Casey J,9
Celtic Frost,19
Clawfinger,6
Elijah Blond,5
Estelle,8
Fastway,7
Gramatik,7
Illogic,10
NIVIRO,6
Nathaniel Rateliff & The Night Sweats,39
Ngaiire,4
Queen Naija,22
Sly Withers,7
Small Leaks Sink Ships,7
Spiderbait,5
The Urge,5
Bloodywood,7
"Christian Church Songs,Popular Religious Song,Christian Music",5
Clean Bandit,4
Henry Mancini,11
Kameron Marlowe,5
"Lord Echo,Mara TK",4
Teresa Brewer,4
The Royal Guardsmen,5
Annie Crummer,4
Brayton Bowman,6
Emily Montes,9
"FM-84,Ollie Wride",5
George Baker Selection,6
Junip,11
Alex Turner,4
Charlie Landsborough,5
For Those I Love,8
Little Steven,4
Pyrex,5
Savage Ga$p,6
Adam Oh,4
Deptford Goth,5
"Elvis Presley,Royal Philharmonic Orchestra",5
Good Doogs,5
MAY-A,5
MC Frontalot,11
Roan Ash,6
NRG Rising,4
DEV,6
"FRANKIE,Frankie Bird",6
George Memfri,5
Sewerslvt,6
Submotion Orchestra,7
Wet Baes,4
BICEP,7
Dixie,5
Fireflight,7
"M.anifest,Worlasi",4
Flight,19
Lily Kershaw,4
Navvy,4
Shawny Binladen,5
Fatlip,4
Morten Harket,6
"Tech N9ne,Navé Monjo",5
Halou,5
"Joell Ortiz,!llmind",5
Remembering Never,4
Rob Sonic,6
"Soul II Soul,Caron Wheeler",4
Ashley All Day,5
Cindy Bullens,4
Curtis Roach,5
Dylan Wheeler,5
"Pentakill,Jorn",5
Sam Ock,5
Taproot,4
Castlecomer,5
Jackie Greene,4
K. Roosevelt,7
Murphy Elmore,4
Patoranking,6
Prince Ea,7
Egyptian,4
Tracee Ellis Ross,4
Native Deen,5
Ovlov,7
The Clean,6
Gabriels,4
"Kid Francescoli,Julia Minkin",10
Supergroove,7
Trademark,4
Crawlers,4
Dylan LeBlanc,5
Hayden Calnin,15
Molly Hammar,8
"Shotgun Willy,Yung Craka",4
dEMOTIONAL,5
Dinah Shore,7
Jake Hamilton,4
Joomanji,4
Kidsongs,8
Odeal,8
Reeko Squeeze,4
The Easybeats,6
BAND-MAID,4
Puffy L'z,5
Rob Ruha,4
Tyne,6
Mekons,4
Coriky,4
Ella Fitzgerald and Her Famous Orchestra,6
Eric Donaldson,4
Joe Jonas,7
Jordan Stephens,4
Pentakill,11
Webb Pierce,6
Deep Sea Diver,4
Dover,6
Hanne Boel,4
PJ,6
Ssion,6
Stealers Wheel,4
Krept & Konan,4
Simon Servida,5
Jazz Liberatorz,10
Make Me Famous,4
Primal Fear,11
Sick Puppies,11
gothurted,4
suggi,5
Delaney Bailey,4
Eva Celia,8
Kooda B,4
Melissa Polinar,4
Peter Combe,5
"Tiffany,George Tobin,Bill Smith",6
SHVPES,5
Special Ed,7
Stevie Hoang,12
Tigercub,5
Rompasso,4
Cult To Follow,5
Jontha Links,4
Nija,8
Paul Kantner/Jefferson Starship,4
Tin Machine,4
JAMESDAVIS,4
KWAYE,10
Mary Gauthier,10
Milli Vanilli,5
My Ugly Clementine,4
The Midnight Beast,5
Fizzler,4
Maddy Jane,4
BYU Vocal Point,5
Emerson Drive,4
"Gilbert & Sullivan,Arthur Sullivan,Ohio Light Opera,J. Lynn Thompson",4
Mark Schultz,6
Onative,8
Opia,8
Ramzoid,11
Sir Charles Jones,5
The Asteroids Galaxy Tour,4
"etc., Astronauts",9
Bass Santana,5
DJ Aligator,4
"Tim Minchin,The Heritage Orchestra",9
Dylan Conrique,7
Family Force 5,6
Jason Donovan,4
Lisa Lisa & Cult Jam,5
Ryan Stevenson,5
The Devil's Blood,6
Daye Jack,6
Elias Kiefer,9
Ghoul,5
Is0kenny,4
Subvision,10
Timmies,4
Birdman,5
Dana Dentata,9
Felix Cartal,4
Isaiah Firebrace,5
Lance Skiiiwalker,11
Principe Revenock,7
Troy Kingi,14
Ash B,5
Chelsea Lankes,5
Justin Park,4
MALINDA,15
Pyrex Pryce,4
Young Mister,8
John Anderson,9
Juliander,5
Zell,4
Junoflo,4
TV Themes,5
Trinix,4
Summer Camp,4
"UPPERROOM,Meredith Mauldin",4
Urock Karaoke,4
Kirin J Callinan,10
Supersuckers,4
Loaded Lux,4
Sick Individuals,5
"Will Wiesenfeld,Baths",4
Estrons,4
Kim Mitchell,4
Vandelux,4
Black Josh,4
KUURO,5
Nick Lachey,5
"Shad Da God,Young Thug",4
Nick Leng,7
Kairo Keyz,4
Lp Lproducer,4
Lord Gasp,4
Gorguts,4
Insecure Men,5
KEY SMITH,5
Patsy Riggir,8
Sarcastic Sounds,4
Corbyn,6
"Future,Metro Boomin",7
Joe Goddard,5
Mr Jukes,4
U.K. Subs,5
Da'ville,4
Annoying Orange,4
HIKO MATIK,4
Gus Anderson,4
Joshua Burnside,6
Caspar Babypants,4
Jack Wall,4
Moe Bandy,4
"Rick Ross,JAY-Z",4
MIKOLAS,7
Hikiray,4
Mackned,8
Ownglow,4
The Futureheads,4
Jesse Whitehead,5
Matt Bianco,6
firekid,4
Reuben And The Dark,10
"YFN Lucci,Bigga Rankin",5
"Bladee,Thaiboy Digital",4
Pip Blom,4
Jack and the Weatherman,4
KTS Von,4
Princess Goes,6
"Rockit Music,Rockit",5
Safe Sin,5
"Jeff Alexander,Alfred Hitchcock",6
Prince Swanny,5
The Mavericks,11
Orelsan,6
Phil Cook,6
Roman GianArthur,5
Simi Rova,6
The Foundations,4
"Lil Peep,Lil Tracy",8
Melina KB,4
Starcadian,5
Pagoda,4
The Bunny The Bear,6
Sol Invictus,4
Jonah Kagen,4
Tom Fletcher,4
Jeris Johnson,5
Jaicko Lawrence,4
Bowerbirds,4
Evan Bartels,5
Jaah SLT,7
Jay E,4
Skan,5
OTP,7
Obasi,4
Wacotron,4
Jack Gray,4
Kat Hasty,5
Kenya Grace,5
Taste,4
One Hope,5
"Westside Gunn,Conway the Machine",4
Erica Banks,4
"Scott Bradlee's Postmodern Jukebox,Von Smith",4
Ken Laszlo,4
Debauchery,4
Hollywood Ending,4
Sticky Fingaz,6
The Jimmy Castor Bunch,4
DJ ESCO,4
Green Jelly,4
Jonny Lang,6
XZARKHAN,4
Muppy,4
Luluc,5
Ziyaad Luceō,5
Spacehog,6
Ted Lucas,4
Whitehorse,4
Norris Nuts,4
1takejay,13
"Abstract,Craig McAllister",4
Allie X,50
America,126
"Andrew Lloyd Webber,\"Cats\" 1981 Original London Cast",4
Anna Kendrick,15
Antimatter,30
Asia,15
"Bethel Music,Amanda Cook",8
Betraying The Martyrs,12
"Bizzy Bone,Bone Thugs-N-Harmony",6
Bryce Vine,30
Cabaret Voltaire,4
Carter Ace,5
"Chaka Khan,Lew Hahn",9
Chase Atlantic,87
Clowns,4
Conner Smith,5
Da Brat,13
Die Antwoord,56
Dottie Peoples,9
EOB,7
Eartheater,21
Ella Fitzgerald,239
Ensiferum,29
FG Famous,12
Free,42
Inhaler,20
Iron Butterfly,18
JZAC,25
Jade,8
Jake Owen,32
Jayla Darden,18
Joe Bonamassa,39
Josiah Queen,8
Juanita Bynum,19
Kali Uchis,25
Low Hum,5
"Lupe Fiasco,Nikki Jean",6
Macseal,10
Marc E. Bassy,42
Marissa Nadler,20
Melissa Manchester,4
Miike Snow,31
Muse,138
Nada Surf,32
Naughty By Nature,40
Nekromantix,7
"Nouvelle Vague,Camille",4
OK Go,49
OSTON,6
Oleta Adams,11
Once Human,7
Rex Orange County,39
Richie Woods,5
Roland Faunte,16
StarKid Productions,12
Syn Cole,8
Tobias Jesso Jr.,13
Ubi,9
Vanna,20
Whores,9
William Taylor,6
"B.G.,Big Tymers",4
Empyrium,16
Lia Marie Johnson,5
16 Horsepower,11
Adhitia Sofyan,10
Alana Henderson,4
Alien Ant Farm,15
All That Remains,52
"Bing Crosby,John Scott Trotter & His Orchestra",8
Bren Joy,9
Calexico,18
Chief Keef,483
Chris de Burgh,39
Coco O.,4
Counting Crows,185
David Nail,6
Flyte,16
Free Throw,45
Frou Frou,14
HRVY,20
Henry Jamison,18
"Hillsong Worship,Aodhán King",6
Incognito,59
Jake Scott,33
Jorja Smith,35
King Charles,8
Kings of Convenience,42
Leon Baker,4
Lil Pump,29
Love Fame Tragedy,9
M24,12
Matt Maltese,39
Mdou Moctar,4
NO1-NOAH,22
Northlane,58
Odette,11
Paul Simon,175
Phil Lynott,4
Psychonaut 4,10
Public Service Broadcasting,21
Rachel Sweet,5
RaeLynn,21
Skylar Grey,41
Teenage Fanclub,18
The Lacs,32
The New Birth,5
The Parlotones,11
The Phantoms,11
The Sam Willows,9
The True Blue,14
Todrick Hall,65
Traffic,15
Aitch,25
Hillsong Worship,236
Sonny Boy Williamson II,11
Zach Callison,5
Amebix,4
ABC,15
Beth Crowley,9
Brothers of Metal,25
Clutch,106
Cotton Jones,10
Cut Copy,25
D4L,6
Emarosa,49
Everybody's Worried About Owen,5
Evilmane,4
FKA twigs,28
Fractures,7
Gil Scott-Heron,61
Hail The Villain,5
Hand Habits,9
Jefferson Airplane,65
Juggaknots,8
Justin Vernon,8
Kathleen Edwards,10
Kavinsky,9
Kiana Ledé,28
Killing Joke,38
Lee Scott,9
Lolo Zouaï,21
MC Magic,5
Marina Kaye,9
Mir Fontane,26
Mokita,13
NSG,16
Noah Carter,26
Olly Murs,96
OnCue,26
Richard Clayderman,4
SXMPRA,5
Shekhinah,15
Shy Glizzy,81
Sons Of Apollo,6
Starship,36
Studio Yuraki,9
Sugar,8
The Contortionist,31
The Doppelgangaz,16
The Libertines,53
Tindersticks,42
Tom T. Hall,159
Tony Joe White,11
Trey Anastasio,11
Triumph,6
Weathers,20
Westlife,188
Wheeler Walker Jr.,32
Zao,38
Zubin,4
slowthai,34
7xvn,15
Audra McDonald,4
Sir Sly,28
Awreeoh,4
Aztec Camera,11
Brandon Banks,9
C.W. Stoneking,6
CHXPO,9
Camp Cope,20
Charles Aznavour,14
Che Ecru,67
Electrelane,5
Ethel Cain,17
"Eurythmics,Annie Lennox,Dave Stewart",79
Everclear,127
Fats Waller,16
Foreign Air,15
Fytch,8
Galaxie 500,25
Honey C,9
JP Cooper,40
Jagwar Ma,8
Jean Deaux,17
Jessi Colter,5
Jessica Domingo,5
Jessie J,59
KAYDEN,15
Kaleem Taylor,8
King's X,13
Kodie Shane,44
Lebanon Hanover,36
"Lil Peep,Meeting by Chance",6
Linda Ronstadt,138
Lou Bega,12
Neko Case,69
"Nelly,St. Lunatics",5
Nicolas Jaar,17
Nikki Yanofsky,9
"Nouvelle Vague,Mélanie Pain",5
Old Gray,25
Papadosio,5
Parachute,23
"Pitbull,Lil Jon",4
Reece Mastin,5
Rod McKuen,10
Sam Cooke & The Soul Stirrers,5
Sandy Denny,7
Say Lou Lou,12
Scandroid,18
Secrets,37
Shaggy,29
Shakin' Stevens,11
Shawn Chrystopher,6
Skids,6
Solomon Burke,17
Tadoe,10
The Brand New Heavies,12
The Bridge City Sinners,13
The Eddy,4
The Seige,20
The Starting Line,14
Tommy Lee Sparta,46
Tyler Childers,62
"Van Morrison,The Chieftains",4
Vicktor Taiwò,4
"Whittaker,Tyler Joseph",4
World Party,4
Xiu Xiu,126
Yeah Yeah Yeahs,56
"Zero 7,José González",5
Agnes Obel,31
Authority Zero,6
Beware Of Darkness,5
Black Star,14
Andy Grammer,53
Blac Youngsta,46
Black Tongue,27
Bob Seger,183
Brandy,114
Brook Benton,6
Brother Love,66
Caitlyn Scarlett,6
Camera Obscura,33
Chelsea Grin,58
Ciara,53
Cloverton,4
Dark Lotus,20
Don Diablo,13
Easton Corbin,15
Eliza McLamb,4
Emigrate,8
Fatback Band,7
Fish,17
"Gary Numan,Tubeway Army",9
Gillian Welch,52
Grey,4
Harvey Danger,12
Hoyt Axton,7
JAY-Z,150
Jace!,9
Jack Conte,7
James Reid,10
Jeanne Added,6
Jeremih,70
"Jesus Culture,Kim Walker-Smith",32
Kelly Lee Owens,11
Kenny Mason,26
Koven,24
"Lou Reed,John Cale",15
MEG MYERS,30
Mac Mall,7
Malevolence,8
Matt Skiba and the Sekrets,7
Nat King Cole Trio,27
Night Riots,19
Noah And The Whale,28
OG3NE,9
Of the Land,7
Ohio Players,14
Piano Dreamers,10
Quinn Lewis,8
R. City,7
Red Fang,13
Rendy Pandugo,10
Sam Gellaitry,5
Scotty Sire,25
Slushii,20
Stevie Ray Vaughan,51
Stevie Stone,16
Sudan Archives,20
The Andrews Sisters,17
The Beatles,425
The Distillers,28
Wesley Willis,13
Wild Child,28
Will And The People,6
Xavier Weeks,18
Young Jay Beatz,6
familypet,7
A Broken Silence,11
Adam Levine,5
"BOYFRIENDZ,LiL Lotus,Smrtdeath,lil aaron",4
Blind Pilot,25
Rose Royce,11
Split Enz,97
The Unicorns,13
BILLY,5
Abstract,29
Apocalypse Orchestra,5
Ashe,32
Asobi Seksu,7
Baeza,9
Bankroll Freddie,5
Banner Pilot,6
Beastie Boys,149
Belphegor,10
Black Smurf,12
Blue Scholars,45
Brandon,9
"Brennan Savage,fish narc",4
Call Me Karizma,45
Carol Banawa,26
Chris Young,40
Conway the Machine,58
Crossfaith,4
Dark Angel,8
Disturbed,114
Doug and the Slugs,4
Dr. Dre,13
"Drake,Lil Wayne",5
Duffy,14
"Gucci Mane,Waka Flocka Flame",9
Hadji Gaviota,4
"Hezekiah Walker,The Love Fellowship Crusade Choir",6
Hunters & Collectors,11
JPCC Worship,9
James Vincent McMorrow,49
Jamie T,60
Jennifer Nettles,12
John Barrowman,6
Judy Torres,4
K-Solo,4
Kelsea Ballerini,30
Lil Pete,12
Lucii,4
"Mac Dre,Mac Mall",5
Madame Macabre,10
Mike Shinoda,16
N.E.R.D,31
Nick Mulvey,27
Nneka,13
Ramirez,69
Raphael Saadiq,26
Robin Banks,13
Roger Waters,52
Sandro Cavazza,10
Sara Bareilles,99
Suicide Silence,56
The Heavy Horses,9
The Hillbilly Moon Explosion,5
The Veils,24
The Winans,19
Until The Ribbon Breaks,14
Viola Beach,9
Wardruna,14
Whispered,5
WillThaRapper,6
zebrahead,85
Andrew Ripp,10
The Tiger Lillies,26
"Twista,R. Kelly",4
Alexi Murdoch,17
Azifm,6
Band Of Skulls,19
Brooke Bentham,6
Charity Gayle,11
Chingy,6
Cult Mountain,5
Dan Caplen,5
Daryl Braithwaite,5
David Allan Coe,129
Dayglow,21
Delain,21
Destiny's Child,67
Devendra Banhart,61
"Fabvl,DizzyEight",4
Grand Funk Railroad,97
Greg Brown,23
Grendel,6
Haley Heynderickx,12
Hannah Montana,49
John Vincent III,20
Kill Bill: The Rapper,25
"Lenny LeBlanc,Integrity's Hosanna! Music",14
Memory of a Melody,6
Outlandish,14
Paul Baribeau,19
Pigeons Playing Ping Pong,15
Pretty Sister,4
Prurient,17
RAAHiiM,7
Restless Heart,4
Roll Deep,8
Sammy Davis Jr.,22
Shirin,4
Siamese,10
Sims,10
Skinshape,16
Sub Focus,6
Sunbeam Sound Machine,11
The .357 STring Band,5
The Blues Brothers,14
The Sounds,8
The War On Drugs,42
The xx,37
Throbbing Gristle,17
Tirzah,17
Vertical Worship,33
WSTR,33
Waylon Jennings,161
Woodkid,30
Amy Stroup,5
Becky Hill,10
Bebo Norman,5
AJ Mitchell,29
Anna Golden,5
Ashley Tisdale,37
Audio Idols,14
Barenaked Ladies,67
Breakfast For Brunch,8
Chloe Lilac,11
Christon Gray,23
Darko US,12
Dave Rawlings Machine,14
David Baloche,4
Destrage,6
Eddi Reader,14
Elbow,71
Emtee,44
Eric B. & Rakim,8
Faouzia,19
Gene Watson,11
Gruff Rhys,8
Hozier,44
Illy,16
Kate Alexa,4
"Lil Wayne,B!G",4
Maoli,19
Mellow Fellow,10
Mother Mother,109
N-Dubz,5
Neutral Milk Hotel,42
Nico Vega,11
Nicolette Larson,5
Nonpoint,31
Olivia Dean,19
Post Malone,64
Róisín Murphy,5
SAYGRACE,26
Satsang,10
Saweetie,32
Shenandoah,4
Shuggie Otis,6
Smith & Myers,10
Spawnbreezie,14
TV On The Radio,54
Tami T,5
Tamino,14
Tess Parks,6
The Constructus Corporation,5
The D.O.C.,12
The Pretty Reckless,58
Tipene,4
Trin-I-Tee 5:7,6
Young Chop,11
sophie meiers,12
Slightly Stoopid,34
Avery*Sunshine,4
AJ Tracey,80
Adam Craig,4
Alaine,13
Alexander 23,24
Amanda Cook,13
Backtrack,13
Bic Runga,31
Blues Traveler,11
Borknagar,4
Buddy Brown,7
Bugus,7
Built To Spill,72
Carl Douglas,6
Caroline Konstnar,10
Ceramic Animal,6
Childish Gambino,142
Cody Francis,8
Covenant Worship,25
Dan Bull,184
Deep October,7
Deer Tick,20
Early Eyes,9
FACESOUL,4
Foghat,6
Gary Allan,18
Hands Like Houses,39
Henry Green,8
Hi-C,9
Homesafe,18
Jay Critch,69
Jay Prince,28
Jenny Hval,32
Keys N Krates,4
Keyshia Cole,86
Kid Trunks,16
Live,10
Matti Baybee,10
Mc Shan,8
Mike Jones,16
NOTHING MORE,43
Nick Waterhouse,20
Nina,30
Normandie,34
Old 97's,83
Pity Party (Girls Club),16
Primitive Man,10
Rancid,106
Rich Kidd,4
Sky Katz,7
Soen,45
Texas In July,6
Thaiboy Digital,22
The Arcs,22
The Night Game,9
The Sweeplings,8
Three 6 Mafia,122
Tim Buckley,79
Tommy Roe,6
Tony Sergi,7
Upon A Burning Body,29
"Wax,Elements of Music",4
Weyes Blood,32
Witchouse 40k,20
Yngwie Malmsteen,103
Zach Williams,29
Blu DeTiger,4
WONHO,10
Al Bairre,6
Bear's Den,46
Before I Turn,13
Benjamin Ingrosso,25
Big Daddy Kane,61
Blackbird Raum,5
Brand New,67
Brown Bird,31
Caleon Fox,4
Citizens,44
Conrad Sewell,9
Cortes,12
Crusher-P,6
DARKSIDE,11
Da Mafia 6ix,5
Dance Gavin Dance,127
Delta Heavy,12
Dem Franchize Boyz,5
Des'ree,7
Ermehn,33
Family of the Year,11
Godspeed You! Black Emperor,8
Gwen McCrae,7
Hideki Naganuma,5
Israel Houghton,18
Jacob Lee,33
Jamie's Elsewhere,9
Jason Walker,7
Joan As Police Woman,16
Leven Kali,15
Lil Suzy,5
Lucy Pearl,5
Maisey Rika,10
Oingo Boingo,113
Palace,40
Priscilla Ahn,7
Pusha T,19
QoryGore,4
Quasimoto,23
Rahsaan Patterson,11
Rich Dunk,5
Riot V,4
Rowland S. Howard,15
Roy Woods,45
Selena,12
Shura,13
Surfaces,42
Swizz Beatz,4
The Honey Trees,10
The Polar Boys,8
The Whitest Boy Alive,21
Trixie Whitley,7
Unlike Pluto,99
W.A.S.P.,111
Within Temptation,95
World / Inferno Friendship Society,18
XO-IQ,10
Yellow Days,24
Young MC,14
half•alive,12
The Wombats,73
2Pac,215
99 Neighbors,31
ANOHNI,19
Bleached,21
Blue Rodeo,12
Brian Fallon,37
Brotherkenzie,8
Bullet For My Valentine,92
Cappadonna,14
Captain Beefheart & His Magic Band,51
Cold Cave,17
Cookie Crumble,4
Cowboy Junkies,15
Daniel Powter,8
Darlene Zschech,15
Deniro Farrar,26
Destroyer,72
Devilish Trio,67
Direct Hit!,14
Eddie Floyd,6
Eli-Mac,6
Elle Limebear,5
Ezra Williams,11
Frances,14
Francis Lattimore,7
Gilbert O'Sullivan,11
Girls' Generation,10
Harakiri for the Sky,21
Jack Harlow,73
Jack Stauber's Micropop,113
"Jenny Lewis,The Watson Twins",10
"Kill Bill: The Rapper,Rav",8
Kissin' Dynamite,8
LUCKY3RD,6
Leon Else,6
Magrudergrind,4
Margo Price,24
Masicka,55
Miriam Makeba,6
Moderator,11
Murray Gold,6
Myles Cameron,9
Olen,8
Professor Green,14
Ralph's World,6
"Random Encounters,SparrowRayne",4
Reks,4
Russian Red,12
Sad Lovers & Giants,9
Stiff Little Fingers,13
Tahiti 80,8
The Hails,4
The Horrors,25
The Prize Fighter Inferno,7
This Mortal Coil,18
Tim McGraw,184
TwoTiime,5
WOODZ,6
YONAS,30
¡MAYDAY!,49
16tl ENT,16
The Tokens,6
Anavae,4
Afterlife,5
Alan Price,7
Alison Moyet,12
BOE Sosa,9
"Barbra Streisand,Barry Gibb",4
Battle Tapes,8
BigXthaPlug,6
Bliss n Eso,59
BlocBoy JB,50
Brian Puspos,13
Briston Maroney,24
Bugle,4
Chris Tomlin,68
Cyn,13
Dazey and the Scouts,6
DeeBaby,5
Demigodz,23
Emeli Sandé,58
Emily King,29
Gord Downie,36
Iconika,5
Idlewild,10
Illa J,10
Japandroids,21
Jon Bellion,77
Josh Groban,108
Joshua Hyslop,12
Kamaiyah,32
Kosheen,10
Laurel Halo,5
Leftöver Crack,7
Livingston,15
Lomelda,27
Lord Of The Lost,40
Lukas Rieger,10
"Maribou State,Holly Walker",4
Max Jury,10
Michael Bolton,158
Miserable,4
Naira Marley,4
Planxty,5
Rishloo,36
SBI Audio Karaoke,10
SKYND,7
SYCAMOUR,16
Samantha Fish,11
Sianvar,15
Six Feet Under,11
Supergrass,20
TTNG,37
Tech N9ne,252
The Herd,9
The O'Neill Brothers Group,5
The Refreshments,6
The Runaways,18
The Streets,60
The Stylistics,29
The Warp Zone,10
Tierra Whack,37
Toh Kay,11
brandUn DeShay,8
convolk,26
Lil Durk,160
The Wrecks,21
A Boogie Wit da Hoodie,145
AMUthaMC,7
Aaron Neville,28
Amanda Shires,25
Animeme Rap Battles,6
Armani White,15
BIG30,11
Cast of Mamma Mia! The Movie,15
Chairlift,25
Claudia Isaki,4
Collin Raye,13
Dan Auerbach,28
"Dr. Yen Lo,Ka",12
GROUPLOVE,55
Gabby's Dollhouse,5
Gino Vannelli,90
Gloria Estefan And Miami Sound Machine,21
Greyson Chance,33
Gym Class Heroes,26
IYAMAH,5
Ian Brown,15
"Integrity's Hosanna! Music,Paul Wilbur",9
Jarvis Cocker,17
Jason Upton,13
Johnny Thunders,11
King Geedorah,7
King George,21
Lady London,5
Lit,4
Liturgy,13
MAI LAN,6
MC Eiht,8
Mariette,4
Melii,25
Midas the Jagaban,4
Mosaic MSC,40
Novastar,5
Piano Tribute Players,10
Pomplamoose,13
ROY KNOX,6
Ralo,23
Razorlight,14
Rick Ross,108
Rise Of The Northstar,22
Ro James,21
"Rod Stewart,Bob Ezrin,David TIckle",5
Salt Cathedral,6
Sebadoh,20
September Stories,12
Shamir,19
Shania Twain,57
Sobs,8
Spin Doctors,8
The Ataris,19
The Free Design,4
The Internet,38
The Toy Dolls,10
Tim Barry,9
Tim Heidecker,12
Trampled by Turtles,18
Viscera,4
Wale the Sage,5
Waylon,11
Window to the Abbey,7
sKitz Kraven,39
AudeMaRz,4
BLACKSTARKIDS,4
Biig Piig,17
AK,31
Aerosmith,229
Albert Collins,6
Alex Jones,4
Anna Nalick,10
BAYNK,8
BOYS LIKE GIRLS,21
Bakermat,8
Barry Louis Polisar,6
Big Yavo,18
Chelsea Cutler,47
Cities Aviv,4
DIIV,34
Diana Ross & The Supremes,27
Diane Coffee,5
Emma Ruth Rundle,37
Force M.D.'s,6
Gabriel Kahane,5
Gabrielle Aplin,57
Gene Clark,15
Gentle Giant,41
Ghinzu,8
Harley Poe,56
Indigo Sparke,4
Jhené Aiko,76
Johnny Mathis,20
Kay P,7
Kiefer Sutherland,17
Killer Mike,25
Klangkarussell,5
Ky-Mani Marley,19
Larkin Poe,15
M. Ward,29
Maxi Priest,9
Metronomy,54
Michel'le,6
Mr Weebl,8
Nilüfer Yanya,16
"Passion,Sean Curran",5
Planning For Burial,11
Prozak,26
Rodney Carrington,13
Romain Virgo,13
Sammy Adams,26
T. Graham Brown,6
The Chariot,18
The Dillards,6
Tom Grennan,41
Torrian Ball,5
Tremonti,21
TyFontaine,24
Tyne-James Organ,6
VNV Nation,25
Walker Montgomery,4
Warren Zeiders,9
Worthwhile,10
krush,4
8Ball & MJG,4
Aidan Martin,6
504 Boyz,9
Alanis Morissette,103
Alli Fitz,5
Bombay Bicycle Club,55
"Bonny Light Horseman,Eric D. Johnson,Josh Kaufman,Anaïs Mitchell",9
BossMan Dlow,16
DILLY DALLY,18
David Ruffin,9
Evander Griiim,6
Express Groove,4
FrankJavCee,7
Fred Astaire,12
"GLAZE,WoodenToaster",5
Gary Lewis & The Playboys,5
Hazel English,17
I Hate Sex,9
JMR,5
Jacob Banks,45
K'ron,4
Kalin White,29
KiDi,5
Kimbra,46
King Iso,62
LOONY,9
Lakeyah,16
Laura Jane Grace,26
Lil Duke,14
Luh Kel,26
Marching Church,11
Megadeth,232
Mick Jenkins,75
Navy Blue,32
Noveliss,4
Pablo U-Know,6
"Perry Como,Mitchell Ayres & His Orchestra,The Ray Charles Singers",4
Pop Evil,18
RITUAL,11
RaRa,7
"Reks,Styles P,Termanology,DJ Corbet,Freeway,Lil Fame of M.O.P.,Attica Bars",6
Robert Earl Keen,19
Rufus & Chaka Khan,9
Santino Le Saint,26
SiR,28
"Sin Fang,Sóley,Örvar Smárason",4
Soul Glo,7
Teleman,11
The Ark,6
The Moonglows,4
The Reytons,12
The SIGIT,27
The Sword,27
The Virgins,9
They Might Be Giants (For Kids),7
Vedo,57
Verzache,29
WhoMadeWho,15
Ylva,6
illuminati hotties,20
Acceptance,9
Adventurer,4
Ameritz Karaoke Band,10
Amy Winehouse,65
Attila,52
BTS,165
Bill Fay,8
Blackalicious,27
Borgore,21
Bridget Kelly,6
Burna Boy,56
Capital Kings,12
Carson Jeffrey,4
Chris Staples,9
Client Liaison,12
Coal Chamber,14
Confidence Man,11
"Deep Puddle Dynamics,Alias,Doseone,Sole,Atmosphere",7
Duwap Kaine,74
"Eazy-E,MC Ren",5
Frankie Knuckles,4
Frankie Valli & The Four Seasons,45
Gabriella Whited,4
Gene Simmons,4
Gerry Cinnamon,22
Gion,5
Haggard,11
Hedwig And The Angry Inch - Original Broadway Cast,8
Joan Baez,77
"Junior Wells,Buddy Guy",6
KZ Tandingan,4
Kassi Ashton,4
"Lowkey,Mai Khalil",12
Lucy Rose,39
Madness,32
Mark Ashley Wardell,4
Melvoni,20
"Misfits,Glenn Danzig",9
Mos Def,43
NCT 127,106
Nesian Mystik,12
Oh The Larceny,11
Olivia Ong,15
Ramin Djawadi,11
Sabina Ddumba,12
San Cisco,43
Sematary,40
Shekinah Glory Ministry,9
Spice,24
Stela Cole,13
Tedy,19
The Dubliners,80
The Milk Carton Kids,32
The Moody Blues,220
The Receiving End Of Sirens,13
The Time,14
The View,10
Tragedy Khadafi,5
Tujamo,7
Uncle Acid & The Deadbeats,32
VANT,17
Various Artists,22
Vast,14
Virgin Steele,49
Walking On Cars,28
"Warren G,Nate Dogg",4
YoungstaCPT,25
j ember,4
potsu,4
ARTY,7
Amber Pacific,4
Belly Squad,5
JJ Heller,34
Yellow Ostrich,6
645AR,7
Ard Adz,20
Big Bad Voodoo Daddy,21
Big Red Machine,15
Boundaries,17
Christina Aguilera,187
Desiigner,36
Dizzy Wright,95
Dolo Tonight,7
Dro Kenji,52
Enslaved,12
Extreme Music,19
Glenn Miller,18
Gully,5
Hope Tala,17
"Iggy Pop,The Trolls",4
In Flames,130
Jewel,44
"Jim Morrison,The Doors",9
Joy Division,67
Krezip,6
Lord Huron,55
Monty Python,29
NAV,59
Neck Deep,60
No Buses,8
PREP,14
Phoebe Ryan,15
Reptar,4
Retro Video Club,6
Rio Da Yung Og,42
Roy Harper,22
"Run The Jewels,El-P,Killer Mike",22
Rustage,28
Sadie Jean,5
Saudin,6
Shabazz PBG,11
Shinyribs,6
Silver Apples,8
Spanish Love Songs,22
Spoon,76
Sure Sure,14
Talos,22
The Anix,9
The Crystal Method,5
The Shamen,7
The Wldlfe,21
Tom Petty and the Heartbreakers,154
U.D.O.,5
Velvet Revolver,17
WAR*HALL,4
We Are Scientists,16
We Were Promised Jetpacks,22
shy martin,14
Adam French,9
Alice Ripley,5
Awkwafina,17
Andra Day,23
Andrew Gold,9
Ascend The Hill,8
Bruce Dickinson,15
Chamillionaire,69
Chef'Special,28
Christian French,4
D Double E,14
DB.Boutabag,4
DJ Snake,11
Daniel Shaw,4
Danielle Bradbery,18
Dawn Wall,7
Dent May,9
Didirri,9
Dune Rats,20
Fat Nick,27
Gomez,10
Greg Puciato,12
Guns N' Roses,142
HTRK,11
Hot Hot Heat,15
Jagged Edge,40
Jason Isbell,37
Jennifer Rush,6
John Congleton and the Nighty Nite,6
Johnny Orlando,26
"Jr., Hank Williams",172
LIFE Worship,6
Lil' O,4
Mahalia Jackson,44
Manchester Orchestra,79
Master P,36
Mat Kerekes,27
Memphis Depay,7
Mild Orange,14
Mitch James,91
NEFFEX,150
NewJeans,11
OMB Peezy,41
Omeretta the Great,11
Rema,10
Ricegum,7
Roots Manuva,31
Slow Hollows,23
Slum Village,38
Steel Pulse,24
The Maine,110
Wavves,64
Whitesnake,105
Yemi Alade,12
blackbear,47
SAINT PHNX,14
2 Unlimited,8
Anouk,20
Austin French,10
BackWordz,15
Backstreet Boys,221
Billy Bragg,50
Blaenavon,24
Brownstone,6
Cory Morrow,8
Céline Dion,161
Daniel Norgren,14
Don Moen,46
Eleni Foureira,9
Erika Jayne,5
FMB DZ,17
Genius Level Theorem,15
Giovannie and the Hired Guns,10
Gordon Lightfoot,206
Hether,10
Hey Marseilles,6
Isac Elliot,20
Jade Novah,14
Jimmy Barnes,6
Kid Travis,14
Lil Keed,61
Lonestar,12
LunchMoney Lewis,5
Mila J,47
Mobb Deep,111
"Montana of 300,Talley Of 300",6
Nas,180
Nine Lashes,13
No Vacation,16
Nova Twins,10
Patrick Watson,45
Paul Cauthen,19
Polaris,33
Pressure,4
Q Da Fool,20
Red House Painters,38
Reece Miller,5
Riven,6
Russkaja,9
Sarah Brightman,10
Sarah Silverman,4
Sheryl Crow,47
Spit Syndicate,9
"Tear Da Club Up Thugs,Three 6 Mafia",6
The Carter Family,46
The Manhattan Transfer,13
Theocracy,23
Tired Lion,13
To the Rats and Wolves,5
Toby Sebastian,4
Together Pangea,32
"Two Steps from Hell,Thomas Bergersen",6
Visigoth,11
Voyager,4
"Wanda Jackson,The Party Timers",7
Wilderado,10
Witchcraft,24
eevee,6
guardin,12
009 Sound System,5
Albert King,14
"Alvin Slaughter,Integrity's Hosanna! Music",15
Barbara Mason,10
A Silent Film,5
Abby Anderson,6
Air Supply,167
American Murder Song,23
Avril Lavigne,190
Chad Mitchell Trio,11
Chiodos,38
Conejo,17
DJ Twin,4
DROELOE,16
Dolly Parton,242
Donald Fagen,32
Dr. Hook,40
Faded Paper Figures,4
Funeral For A Friend,20
Gang Starr,98
Gender Roles,5
Go Yayo,20
GoldLink,21
Helen Baylor,11
"Ilan Bluestone,Giuseppe De Luca",7
"Indii G.,SadBoyProlific",4
Israel Starr,8
Jdola,5
Kate Boy,5
Katie Melua,14
Katori Walker,6
Kenny Chesney,198
LAUREL,31
Lady Lamb,43
Lil Boom,22
Meat Puppets,15
Nate Good,13
"Necro,ILL BILL",5
Paris Hilton,12
Powfu,12
Randy Travis,190
Ric Hassani,7
Rich Boy,5
Richard Ashcroft,17
Robb Bank$,77
Rodionis,14
Ryan Trey,24
Sarah Blasko,15
Sean Nicholas Savage,12
"Shiki-TMNS,Kodama Boy,Big Gay",4
Shyne,18
Skip Marley,9
Slipknot,116
Spacemen 3,24
Stevie B,8
Sugarcult,12
The Cleaners From Venus,7
The Last Knife Fighter,6
The Specials,40
U.S. Girls,24
Uncle Tupelo,44
Uriah Heep,179
Villagers,34
Young Buck,72
chloe moriondo,32
Amerie,20
Vera Blue,21
A Perfect Circle,48
Alex Clare,22
Alvvays,20
Andreas Moss,4
Beanie Sigel,25
Ben Cocks,4
"Beyoncé,JAY-Z",5
Black Atlass,33
"Breakbot,Ruckazoid",4
CXLOE,7
Cassie,20
Citizen,50
Cro-Mags,17
DC The Don,60
David Grace & Injustice,46
Dream Evil,11
E-Rotic,11
EVERGLOW,6
Erutan,10
Everything Everything,69
Flo Milli,19
Gateway Worship,19
Gia Woods,10
Ginette Claudette,8
Gyyps,8
Honeywater,5
I Am Kloot,13
IU,4
Izzy Bizu,21
Jamie Isaac,14
Jessie Mueller,6
Junkie,4
Katrina & The Waves,4
Low Cut Connie,10
Lucasraps,8
"Marlowe,L'Orange,Solemn Brigham",9
Marteen,8
Mel & Kim,4
"Mount Eerie,Julie Doiron,Fred Squire",7
Naked Raygun,4
Neil Young,338
New Years Day,38
Pretty Vicious,11
"Prince,The New Power Generation",6
RJMrLA,43
RM,12
Ripe,20
Set Your Goals,8
Shyler,6
Stephanie Mills,8
Stephen Malkmus,16
Supa Bwe,11
Swingin' Utters,7
Talking Heads,129
The Lemon Twigs,42
The Replacements,57
The Weeknd,129
"Thievery Corporation,Notch",5
Trash Talk,5
Tyga,151
Tyrone Davis,9
Wheatus,8
Wildhood,6
Young Summer,11
Zacari,10
bLAck pARty,11
broox,5
iLoveMemphis,4
Acid Bath,24
RIVVRS,7
AREA21,14
Band of Horses,56
Beyoncé,152
Bnxn,6
Braids,15
Calvin Harris,25
Carly Simon,176
Caroline Manning,12
Chris Robinson Brotherhood,16
Clint Brown,5
DJ Paradox,7
DOPE LEMON,31
Dasgasdom3,8
Dream State,21
Eric Johnson,10
Fecal Matter,6
He Is Legend,39
Hi-Five,7
Ian Hunter,72
JGrrey,11
Jake Miller,68
Jonwayne,26
Jordan Solomon,30
Kid Loco,5
King Mothership,4
LVL UP,12
Lil Poppa,51
"MC Eiht,Compton's Most Wanted",8
Ma Rainey,10
Marc Broussard,11
Matthew Barber,9
Michael Chausson,4
Monsune,6
NF,89
Night Lovell,56
Onetox,4
Paris Lain,4
Picturesque,26
Point Of Grace,104
"Riff Raff,DJ Afterthought",5
Riley Green,41
Shakatak,7
Sinkane,4
Soulja Slim,28
Stan Rogers,45
Swallow The Sun,38
Tame Impala,68
The Dead Milkmen,29
The Faceless,21
The New Pornographers,59
This Wild Life,47
Veruca Salt,56
Warhaus,13
Zebra,20
Zubi,4
ONEFOUR,19
7 Seconds,7
Alestorm,60
Arthur Shelley,4
Asaiah Ziv,4
Bombs Away,4
Boy Harsher,26
Bravo the Bagchaser,17
Buddy Guy,14
Cautious Clay,30
Charlie Farley,4
Company Flow,14
Cristy Lane,4
Curtis Mayfield,53
Day Wave,25
Emily Warren,8
Every Time I Die,103
Fly Rich Double,7
Foxygen,30
Frightened Rabbit,76
Fruition,5
George Benson,32
Giant Rooks,20
Guy Clark,27
Il Divo,15
Jamie Lidell,6
K Motionz,55
KJ-52,8
Kevin Garrett,27
Kid Tris,7
"Kirk Knight,Nyck Caution",7
L.T.D.,8
Lady Gaga,195
Lady Sovereign,6
Ladyhawke,10
Level 42,9
Lil Jairmy,12
Mimicking Birds,6
Mt. Joy,28
Ned Miller,4
Nickel Creek,19
Pete Yorn,17
Quando Rondo,114
Rico Blanco,4
Rusty Cage,43
Sibylle Baier,13
Sixpence None The Richer,11
Skrillex,13
So Solid Crew,4
Stereophonics,67
Stuart Townend,7
T.I.,48
The Bachelors,7
The Human League,78
The LaFontaines,16
The Pharcyde,37
The Vanns,7
Thousand Foot Krutch,65
TiDUS,6
Ty Segall,89
Vacations,26
Vista Kicks,14
Wayne Buckley,4
mewithoutYou,80
Anya Taylor-Joy,4
Richie Spice,21
Ace Hood,128
Akon,77
"Alice Ripley,Aaron Tveit,J. Robert Spencer,Louis Hobson,Jennifer Damiano,Adam Chanler-Berat",4
All Good Things,18
Allison Russell,6
Amaranthe,49
Anna Blue,8
Aoife O'Donovan,10
Au/Ra,20
Avelino,20
Ben Platt,23
Benji Hughes,9
"Big Brother & The Holding Company,Janis Joplin",35
Big Head Todd and The Monsters,5
Brent Faiyaz,47
Bukka White,4
"Ceschi,Factor Chandelier",9
Dave Matthews,11
Dawin,12
Deerhunter,60
"Dream Junkies,Ruslan,Beleaf",4
Everlast,75
Ewert and the Two Dragons,4
Fireworks,18
Frances Forever,4
Gavin DeGraw,30
Gregory Isaacs,35
"Gucci Mane,OJ Da Juiceman",4
Hopesfall,13
Hovey Benjamin,17
Humble Pie,4
J Hus,32
J Neat,6
Jon Thurlow,11
Josie Dunne,9
Larkins,5
Lindisfarne,9
Lingua Ignota,30
Little Comets,19
Mazzy Star,76
Meadowlark,12
Morningsiders,9
Mozzy,61
Mr Yipadee,4
Mr. Capone-E,11
Mr. Vegas,23
Nana Grizol,29
Nito NB,11
Nujabes,6
OSHUN,18
Oriana,4
Ouija Macc,18
Pieter T,45
Psychedelic Porn Crumpets,39
Rah Swish,14
Reba McEntire,206
Reflection Eternal,15
Roy Blair,17
Ruben Slikk,15
Sabrina Carpenter,66
Scroobius Pip,6
Sophie Ellis-Bextor,20
Steriogram,24
TISM,22
TWICE,107
The Cover Girls,6
The Faint,12
The House of Love,7
The Hush Sound,23
The Perishers,5
The Sing Team,9
The Waterboys,84
"White Punk,TMTTMF",5
Yhung T.O.,24
spill tab,4
BZN,9
iamjakehill,88
1991,28
A.CHAL,29
ALMA,16
Alborosie,27
Au Pairs,8
BAILEN,6
Bad Religion,198
Bad Wolves,28
Basil Valdez,6
Cedarmont Kids,21
Charley Patton,20
Chris Lane,23
DAT ADAM,14
Dan Seals,5
Dee Dee Sharp,4
Django Django,18
Dreamer Boy,13
Enigma,69
EpicLLOYD,7
Fire From The Gods,24
Framing Hanley,7
Fur Patrol,16
GAWNE,19
George Jones,145
Hothouse Flowers,8
Jeffrey Martin,10
"Jelly Roll,Struggle Jennings",4
Jesu,10
Jme,51
Joel Baker,7
Johnny Goth,20
Kaleb Mitchell,10
Kool John,6
Kota the Friend,73
"La Coka Nostra,Slaine,ILL BILL",8
Lawrence,36
Lil Goat,4
Lion Rezz,232
Lowertown,6
Manu Chao,12
Mary Chapin Carpenter,18
Matthew Mole,16
McCafferty,75
Meredith Andrews,12
Mike Posner,48
NIGHT TRAVELER,14
Nasty Cherry,14
New Politics,35
Oathbreaker,14
Phil Wickham,49
RINI,21
Ravyn Lenae,20
STATIK KXNG,8
Samia,23
Since99,12
Styx,156
Suisei,6
Sworr.,5
TEMPOREX,19
Tay-K,8
Teddy Hyde,19
Teminite,8
The Intruders,10
The Twang,8
The Vaccines,62
Urban Cone,6
Will Smith,44
Young Nudy,97
ZAYN,55
Zimm,8
AHI,7
ALASKALASKA,9
Ben Lee,6
311,103
ARASHI,7
Adaline,4
Aisha Badru,6
Ambré,8
"Andy Mineo,Lecrae",4
Avery Lynch,8
Belly,43
Big Tuck,8
Bizzy Crook,12
Blitzen Trapper,6
Celtic Woman,35
DaBaby,104
Danger Danger,7
Dorothy Moore,5
Elliott Trent,18
Emily Jane White,8
Equippers Worship,10
Evil Pimp,5
Feed Me Jack,13
Geographer,14
"George Salazar,Joe Iconis",12
Hotel Books,59
Jai Paul,13
Jedward,4
José González,39
Kris Kristofferson,139
Liars,18
Marietta,20
Marques Houston,18
Miracle Of Sound,79
Morphine,43
Nathan Gray,7
Nyck Caution,16
Operation Ivy,26
Ought,22
Party Machine,7
Priddy Ugly,19
"Prophet Posse,Three 6 Mafia,The Kaze,Indo G",4
Quin Nfn,22
Rosemary Fairweather,4
Run–D.M.C.,40
Ryan Caraveo,66
Sad Frosty,22
Sega Bodega,18
Shaman's Harvest,22
T.O.K,7
The Clark Sisters,14
The Gospel Youth,15
"The Last Shadow Puppets,Alex Turner,Miles Kane",19
The O'Neill Brothers,4
WILD,14
"Yo Gotti,Blac Youngsta",4
ASL,8
Arrows to Athens,12
Big Gay,4
Biting Elbows,28
Blueface,26
Bushwick Bill,10
Cannibal Corpse,108
"Cast Of I Still Believe,KJ Apa",4
CeCe Peniston,4
Clipse,31
Deaf Havana,38
Dogleg,12
EBEN,23
Eno x Dirty,10
Fine Young Cannibals,10
G-Mo Skee,6
Good Tiger,24
Gremlin,9
"Heavy Metal Kings,Vinnie Paz,ILL BILL",5
Hot Chelle Rae,10
Hot Milk,12
I Prevail,34
Ian Noe,10
"J Boog,Fiji",6
Jake Shears,4
James Gang,8
Jeffrey Lewis,28
Jerkcurb,6
Justina Valentine,12
Kathy Troccoli,9
Kyla,38
Lily Rose,8
Linda Perhacs,11
Marie Davidson,4
Marsicans,6
Michaela Laws,6
Michigan Rattlers,7
Moriarty,10
New Tribute Kings,10
Otis Redding,144
POWERS,10
Paloma Faith,60
Rubi Rose,13
SiM,5
Stevie Wonder,252
The Foreign Exchange,13
The Upbeats,23
Tower Of Power,22
Trixie Mattel,32
Turbonegro,26
Vacationer,10
William Michael Morgan,8
YFN Lucci,66
Yanga Chief,5
Young Fathers,50
Young Roc,4
Z-Flo,7
blessthefall,51
serpentwithfeet,14
Bloodred Hourglass,4
A Fine Frenzy,15
American Aquarium,22
Amos Lee,40
Andrew Paul Woodworth,9
Anthony Green,39
Arash Buana,5
"Black Hippy,Kendrick Lamar,Ab-Soul,Jay Rock,ScHoolboy Q",4
Blossom Dearie,14
Bobby Charles,5
Bow Wow,20
Boyinaband,8
Cascada,22
"Chris Webby,Anoyd",4
Clarence Clarity,25
Craig Mack,12
Cuco,33
Days Of The New,7
Divine,22
Don Williams,35
Elijah the Boy,6
Elzhi,31
Eyedress,39
FBG Duck,21
Fight The Fade,12
Flash and the Pan,7
Full Of Hell,22
Funeral Suits,4
Highly Suspect,41
Inkubus Sukkubus,6
"Jadakiss,Styles P",7
Joe Purdy,13
John Mark McMillan,46
"Kenny Loggins,Jim Messina",4
King Krule,56
Landon Austin,6
Lemon Demon,101
Little Dragon,66
Little Voice Cast,8
Luke Christopher,66
Man on the Internet,21
Meg Washington,4
Midland,42
NJOMZA,17
Nai Palm,9
Nina Hagen,5
PURPLE KISS,4
Paul Banks,7
Phantogram,77
Pierce The Veil,50
Reyna Biddy,12
Roddy Ricch,63
Rusty Machines,5
Sadboy Loko,9
Sammie,38
Semler,13
Sick Luke,4
Slaughter to Prevail,10
Suga Free,27
Sweet,22
Tetrarch,5
The Grouch,16
The Warning,30
Thou,13
Tommy Twinkle,9
Trip Lee,28
Amason,5
Big Country,9
Uncle Lucius,7
coldrain,46
Barbara Dickson,4
Bonobo,11
Chris Brown,336
Chris Pureka,4
Damedot,9
Desert Sessions,9
EL VY,10
Forest Blakk,12
Grace Carter,13
Greyhaven,10
Gunna,84
Hollow Front,19
Impellitteri,4
Jaira Burns,14
Kingpin Skinny Pimp,8
Lars Frederiksen and the Bastards,7
Laura Marano,17
Liv Dawson,12
Lucy Dacus,37
Madcon,11
Marilyn Manson,269
Michelle Williams,6
Midnight Youth,25
Neurosis,30
Noga Erez,17
Peso Peso,7
Plumtree,6
Power Trip,22
R-Kelly,4
ROYA,7
Rings of Saturn,33
"Sewerperson,JabariOnTheBeat",4
Silent Planet,46
Spencer.,9
The Exploding Hearts,4
The Kid LAROI,120
Tim Be Told,4
Twinkle Twinkle Little Rock Star,17
Warner Barnard,4
Westerman,9
Wild Rivers,18
William Singe,26
Big Wreck,8
King Louie,19
A Skylit Drive,12
Alton Ellis,9
Amaal Nuux,8
Brett Young,33
Carter Winter,8
Chromeo,32
Dry Cleaning,13
Dua Saleh,7
Dwight Yoakam,23
Eamon,9
Exodus,42
FARR,4
Fad Gadget,4
Feeder,13
Fred Hammond,21
Fredo,43
Jonas Brothers,96
KDrew,4
KiNG MALA,5
King Tee,5
Kool Keith,20
Kool Moe Dee,13
LeToya,4
Lil' Keke,15
Lonnie Donegan,17
Louis Logic,9
Major Nine,23
Maxo,6
"Muhammad Awais Malik,Sheikh Ali Bin Abdur Rehman Al Huthaify",9
Necro,94
New Kids On The Block,33
OCTAVIO the Dweeb,7
Porches,46
Powerwolf,90
Reuben,14
Rita Springer,20
Rondonumbanine,12
Sea in the Sky,7
Sha Hef,14
Sinéad Harnett,12
Sloppy Jane,11
South Park Mexican,118
Sparta,8
Stonefield,4
The Corries,34
The The,23
The Zolas,24
"Victorious Cast,Victoria Justice",13
WizTheMc,14
YGTUT,18
ZZang KARAOKE,8
jonatan leandoer96,31
t.A.T.u.,18
A Blaze of Feather,14
Amanda Perez,8
Andy Park,5
Anna of the North,27
Archie Roach,6
Ballout,13
Baths,35
"Bethel Music,Cory Asbury",5
Big Scarr,18
Big Time Rush,46
Boston,29
Bruno Major,25
C.W. McCall,10
Casanova,17
ChuggaBoom,11
"Darren Korb,Ashley Barrett",12
Dead Poet Society,22
El-P,20
Florence + The Machine,95
"Frenzo Harami,Shaker The Baker",5
GAWVI,31
Gorgoroth,14
Gretta Ray,11
Hezekiah Walker,16
I AM THEY,19
Ireland Boys,4
Iron Reagan,5
Ivan Ave,16
JT Music,136
Jason Robert Brown,14
Julian Cope,8
Kerser,70
Lauren Aquilina,27
Lil Narnia,8
MXMS,7
Mint Condition,12
Monolord,6
Morten Abel,4
Mystery Skulls,42
Nat King Cole,213
Natural Vibrations,5
Nick Jonas,41
Rachel Chinouriri,12
Rygin King,11
Saves The Day,40
Sawyer Brown,8
Secret Band,24
Slowdive,47
Smrtdeath,38
Son Volt,12
Sonata Arctica,49
The Bouncing Souls,18
TheOvertunes,6
Tiger Army,33
Troop,7
Wintertime,18
Yung Bans,56
Zach Clayton,4
Scarlxrd,265
Abhi The Nomad,16
Aeris Roves,8
Afroman,52
Anna Calvi,24
Bakar,33
Benny Sings,22
Cat Power,91
Crowder,29
Cut Worms,9
Dbangz,15
Eagles,104
Famous Last Words,35
Foo Fighters,213
Fredrika Stahl,5
Gamma Ray,21
Giggs,51
Grace Mitchell,15
Greta Van Fleet,38
Hank Williams III,23
Hellions,24
Hey Rosetta!,13
JERHELL,4
Kamelot,54
Katy Perry,147
Kemba,24
Kevin Johansen,6
Khia,21
Kyle Morton,7
LO-FI LE-VI,5
Lady Wray,11
Lil Tracy,45
"Migos,Young Thug",7
Mountains of the Moon,5
Mr. Bungle,34
Munn,5
Mystery Jets,25
"Otis Redding,Carla Thomas",5
Pasto Flocco,19
Ryan Scott Oliver,7
Scouting For Girls,22
Screaming Females,33
Snap Dogg,5
Snotty Nose Rez Kids,11
Street Sects,20
TAEYANG,10
Tallah,13
The Drones,30
The Isley Brothers,108
The Lettermen,6
The Turtles,9
Tryhardninja,44
WAAX,13
"Waylon Jennings,The Waylors",6
Whirr,37
Xuitcasecity,15
Zounds,4
Alcatrazz,4
Raveena,37
42 Dugg,33
Aaron Lewis,26
After The Burial,22
Alvin & The Chipmunks,10
Amanda Black,10
Arty It's Me,4
BASECAMP,12
Blaq Poet,6
C.M.L.,5
Charlie Puth,62
Charlie Winston,6
Code Orange,38
DeAndre,8
"Dude Of Life,Phish",10
Eazy-E,35
Elenco de Soy Luna,4
F8L,4
Faith No More,117
Fhin,5
Fitz and The Tantrums,37
Freddie King,30
G-Unit,79
Hella Sketchy,17
JUGGER,5
Jay & The Americans,6
Johnny Stimson,14
Jon Caryl,4
Jordan Feliz,19
Judas Priest,214
KIDS SEE GHOSTS,6
Karen Clark Sheard,11
Kenny Rogers & The First Edition,10
Kid Rock,134
Kurosuke,8
Lacy Cavalier,6
Leland,6
Life Of Agony,9
Loose,4
Lucero,30
Madison Beer,50
Matt Berninger,13
Meredith Willson,13
My Brightest Diamond,9
No Rome,12
Of Monsters and Men,43
Open Mike Eagle,41
Phillip LaRue,11
Pro-Pain,4
Red Rocks Worship,39
Roxette,148
"Royce Da 5'9\"",107
"SawanoHiroyuki[nZk],Tielle",6
Sisqo,9
Skeeter Davis,15
"Slaine,The Arcitype",7
Sleeper,6
Spice 1,21
Steve Earle,37
Steven Tyler,4
Stevie Nicks,69
Swingrowers,4
System Of A Down,93
T.G. Sheppard,7
The Academic,20
The Brooklyn Tabernacle Choir,13
The Calling,9
The Devil Makes Three,32
The Goon Sax,6
The Sugarhill Gang,12
Tokyo Jetz,21
Triptykon,7
Twin Shadow,39
UB40,177
Zomboy,7
ayrtn,4
Blood Stain Child,5
Una Rams,4
AWOLNATION,55
Aly & AJ,58
August Burns Red,88
Baby Bugs,6
Bailey Zimmerman,24
Blue Man Group,4
Bob Sinclar,4
Brenda Fassie,4
Carbon Based Lifeforms,6
Cults,38
"Dolan Beatz,Shabazz PBG",4
Duvy,13
Enrique Iglesias,81
Forgive Durden,14
Hojean,9
Ignite,17
"JTM,HG Free",5
Jake B,7
Joshua Lee Turner,4
Katherine Lynn-Rose,5
Kelly Rowland,32
Kody West,11
Kojo Funds,9
Kresnt,12
Little Brother,54
Little Feat,24
Louis The Child,7
MC Paul Barman,15
Me And That Man,11
Meek Mill,124
ONI INC.,7
Oren Lavie,4
Paper Route,15
Pavement,89
Pokémon,13
Sam Baker,4
Sauce Walka,48
Sebastian Kole,7
Self Esteem,21
Sharon Jones & The Dap-Kings,35
Shinedown,87
Shocking Blue,8
Shrezzers,4
Splash Daddy,5
Stray Kids,113
Stroke 9,4
The Airborne Toxic Event,50
The Chain Gang Of 1974,11
The Clash,158
The Dreggs,6
The Format,31
The Game,134
The Motels,4
The New Basement Tapes,5
The Statler Brothers,14
The Wiggles,72
Thin Lizzy,126
Ty Dolla $ign,37
VAMPS,10
Valleyheart,9
"WWE,def rebel",5
ANGRA,18
Angerfist,5
Baker Grace,5
Biv,5
Coely,5
Dance TimbreClub Music,11
Kidd Kidd,4
M1llionz,14
Maude Latour,13
Nefew,4
"PNAU,Kira Divine",4
Roger Daltrey,5
Rowdy Rebel,5
SAINTE,9
Sing Karaoke Sing,5
"Tommee Profitt,Sam Tinnesz",7
Tone Stith,25
DENM,6
Football Club,8
Half an Orange,8
Joe Tex,8
Kyd the Band,14
Micah Stampley,6
Millie B,4
Susie Suh,4
TRACES,7
Te Rautini,4
Yabadum,5
Cold Driven,5
Conflict,11
Conor Oberst and the Mystic Valley Band,5
Drug Restaurant,7
Frankie Ballard,7
IV JAY,8
"Juicy J,Wiz Khalifa",5
Light Asylum,5
Ms. Dynamite,4
Sophia Black,5
The Kingsmen,5
Ce'Cile,4
Childish Major,14
Daniel Gunnarsson,5
Dapz on the Map,4
Friday Pilots Club,8
"Gateway Worship,Thomas Miller",8
J Molley,11
Jaakko Eino Kalevi,4
Melody Club,4
Mike Bhangu,7
Remy Ma,25
Sublime With Rome,14
"Wiz Khalifa,Curren$y,Big Sean",5
Chris Garneau,13
Holy Fawn,10
Indiana,13
"JAY-Z,Beyoncé",4
Jay Emz,6
June Tabor,11
KAHUKX,6
Kid Trash,4
Lil Moe 6Blocka,5
Little Green Cars,8
Lloyd Price,6
Manilla Road,4
"Meyhem Lauren,Action Bronson",5
SadBoyProlific,14
Symphony Worship,4
Toad,6
"Barry Allen,Khontkar",4
Colouring,9
Crobot,6
Electronic,4
"Khary,Lege Kale",6
Kontrust,6
Sol Seppy,5
Uncharted Shores,4
Yunggoth✰,30
Alesso,8
"Amanda Palmer,Jason Webley",4
Before Their Eyes,4
Brothers,5
Club des Belugas,4
"CHRIST DILLINGER,Lil Darkie",5
Chri$tian Gate$,9
Davina Michelle,10
Dutch Melrose,4
Jerry Williams,4
Kyle Lucas,7
Lemon Jelly,6
Mathilda Homer,4
Peter Criss,4
Ryan Griffin,7
Slapshock,5
The Blackbyrds,9
julie,6
ppcocaine,8
"Binary Star,Senim Silla,One Be Lo",5
Brendan Maclean,7
Darwin Hobbs,8
Edan,7
Envoi,5
Leak Bros,10
O.V. Wright,6
TOBi,10
The Osborne Brothers,5
Yellopain,7
lilbootycall,17
DaDa1k,4
Dikembe,6
Girl Ray,6
"Iggy Pop,The Stooges",4
Jawga Boyz,9
Josh Pyke,13
Lp Glock,16
Maria Taylor,4
Novelist,5
PinkPantheress,18
RONDÉ,8
Richie Kotzen,10
Tuvaband,4
"Wiz Khalifa,Curren$y",4
Zandár,6
Christopher Lee,5
raane,5
Cassie Henderson,10
DAY6,7
Fana Hues,5
Finn Askew,6
For All Eternity,15
"Foxwarren,Andy Shauf,Darryl Kissick",10
"Irving Berlin,Kim Criswell,London Sinfonietta,John McGlinn",6
"Justin Bieber,Jaden",4
KNOWER,11
Kuh Ledesma,5
Loney Dear,4
NightCove_thefox,11
No Use For A Name,16
Palmistry,13
Rebzyyx,5
Ryan Montbleau,4
Sub Urban,5
Sufferer,9
Tommy Johnson,4
Vincent Neil Emerson,4
"Waka Flocka Flame,Wooh Da Kid",5
Zaz,4
Awkward Marina,5
BBY GOYARD,6
Blaklez,4
Chris Patrick,6
Cold Specks,4
Foogiano,9
Jack Jetson,4
Jordan Ward,6
"Lakewood Church,Integrity's Hosanna! Music",5
Les Claypool,10
Nine Shrines,4
"Philip Glass,Michael Riesman",5
Precious Jewel Amor,7
Rotting Out,13
SAARA,7
Third Party,8
Wovenhand,22
Andrew Combs,6
"Chief Keef,DJ Scream",10
Dee Gatti,4
ELIZA,7
GALNERYUS,10
Glenn Frey,13
"Hillsong UNITED,Joel Houston",10
Reagan Youth,10
"Three 6 Mafia,La Chat",5
Astronoid,4
"Captainsparklez,Tryhardninja",4
Christopher Owens,4
Diet Cig,21
Eric Saade,8
J. Monty,12
John Berry,5
LOWC8,8
Lou From Paradise,14
"SEGA SOUND TEAM,Tomoya Ohtani",5
"Star Cast,Queen Latifah",4
The Blaze,11
The Lady Of Rage,5
The Move,12
Cardiff Brothers,7
Club Nouveau,5
Darkest Hour,9
Goodnightm4rk,4
Huntar,10
Ishawna,8
Lauren Jauregui,12
STUNNA COLD,8
Tha Joker,5
YELLOW MAGIC ORCHESTRA,10
keiyaA,8
9ice,7
Bryann T,4
Dicks,10
"Gucci Mane,Quavo",6
Hibou,5
I Am Legion,7
Layto,9
Martika,5
Matt Hammitt,4
"Non Phixion,ILL BILL,Lord Goat",5
P1Harmony,10
Priceless Da Roc,4
REVENGEOFPARIS,4
Serengeti,5
Vegyn,5
Wayne Static,5
alt!,5
levitation room,6
the pillows,6
Casiotone For The Painfully Alone,11
Dawn Golden,9
Florrie,6
Freshlyground,5
Gordon Huxley,5
Jeffrey Osborne,13
Majik,9
Tal Wilkenfeld,4
Terry Allen,4
The Girl and The Dreamcatcher,8
The Temprees,5
"Victory Worship,Cathy Go",5
"Wicca Phase Springs Eternal,Clams Casino,fish narc",5
Zonnique,7
"nothing,nowhere.,Travis Barker",4
AR-AB,8
Cafuné,5
Breaks Co-Op,5
Broadway Cast Recording,5
Derek & The Dominos,15
Evermore,5
Loverboy,9
Memphis Minnie,6
"Method Man,Mary J. Blige",4
"Paul Kelly,The Messengers",6
Perkele,4
Shirley Jones,4
Sydney Renae,11
Tami Neilson,5
Chløë Black,4
DillanPonders,5
Feyde,5
Jen Cloher,13
Kadavar,5
Kidd G,9
"Lil Wayne,Juelz Santana",5
"Loopy Tunes Preschool Music,Whānau Āwhina Plunket-Pasifika Beatz",4
"Lou Reed,Metallica",9
Messer,6
Spike Jones,4
Crim3s,11
"DJ Flex1000,Webbie",11
Demob Happy,7
Devin Townsend Band,6
Doujah Raze,4
Emiway Bantai,4
GRACEY,8
Jaykae,7
Matthew Mayfield,11
Swing Out Sister,8
TOKYO’S REVENGE,11
Tobu,6
André Rieu,4
Beverly Crawford,4
Sunz Of Man,11
Bow Wow Wow,9
Diamond Head,11
Hugh Jackman,4
John Mark Pantana,18
Kat Deluna,6
Lil Droptop Golf Cart,6
Mario,44
Mikey Mike,8
Mina Okabe,4
O-Town,6
Riky Rick,10
Stack Bundles,6
Tall Ships,5
Ted Hawkins,5
The Wild Reeds,15
"Whitney Houston,The Georgia Mass Choir",5
Art Brut,6
Yung Kayo,5
Chad Chambers,15
"Duckwrth,The Kickdrums",5
Elizabeth Cotten,5
Elna Wood,5
GRAACE,7
Gemaine,5
Ginger Root,12
Harris J.,8
Katzù Oso,4
"Marc E. Bassy,G-Eazy",4
Mr Izzi,5
Oliver Daldry,5
Sheek Louch,5
Sophie Hunger,7
Stephen Stills,15
The Mutton Birds,5
The Seahorses,4
Weekend Nachos,5
"Young Dolph,Key Glock",9
Habibi,5
Jon Allen,5
Jon B.,9
K-Otix,4
KaraokePro,11
Kirk Knight,15
Lyrics Born,6
NICK PROSPER,5
Sandie Shaw,5
"Ted Leo and the Pharmacists,The Pharmacists",7
Brett Anderson,4
Curtis Waters,4
Dana and the Wolf,4
Eliza Rickman,5
Frank Edwards,7
Jon Keith,20
Millyz,5
Misha Segal,5
SEATBELTS,8
St. Lundi,5
Stella Mwangi,4
CHINAH,8
Conan,5
Childbirth,9
David Crosby,6
Earl St. Clair,8
Jackie DeShannon,5
Jensen McRae,11
Kalandra,5
Shiny Toy Guns,7
Shwayze,8
Stacked Like Pancakes,4
The Frames,6
The Young Rascals,8
ViVii,7
Yung Heazy,5
Azure Ryder,6
"Mark Barlow,Isla Vista Worship",5
Confederate Railroad,5
Brymo,4
Craig Smith,6
Gavlyn,6
Gezebelle Gaburgably,9
Lily Moore,11
Little May,11
"Shane Filan,Paul Meehan",8
Sun Rai,4
The Secret Sisters,16
Wu-Syndicate,5
X Lovers,12
CHLOBOCOP,4
Causes,6
DVSR,15
Daz Dillinger,10
Gummibär,6
Hadise,4
"Maverick City Music,Chandler Moore",4
Nishimura Blaze,4
Noah North,9
Oscar Jerome,6
Redfoo,7
Slint,11
"The McClures,Paul McClure,Hannah McClure",8
Blue System,4
Canadian Softball,12
Changing Faces,7
Heffron Drive,11
JUVENILE,23
"Jr.,Hank Williams III,Hank Williams, Hank Williams",4
KID BRUNSWICK,8
Mr.B The Gentleman Rhymer,4
Neggy Gemmy,5
Norman Hutchins,9
Self Deception,9
Stephanie Mabey,9
The Death Set,4
ZOX,21
Azizamani,5
Susto,12
Boy Azooga,5
Cathedrals,7
Elko,6
Fang,4
Flawless Real Talk,7
Jared Dines,11
Jeremy Jordan,7
"KMD,MF DOOM",14
Levi Bent-Lee,13
Lindsay Lohan,14
Maggie Lindemann,16
Mako,17
Mano Negra,4
Måneskin,9
Patrick Sweany,4
Summrs International,6
The Country Gentlemen,11
Tom DeLonge,8
"Victory Worship,Isa Fabregas",7
Youngblood Brass Band,4
"Andrew Lloyd Webber,‘Jesus Christ Superstar’ 1996 London Cast",4
Capt. Arletta Bettinson II,4
Brainbombs,9
Darlia,6
Dead By Sunrise,12
Delaney Jane,5
Fuel,13
"Howling,RY X,Frank Wiedemann",5
Ill Niño,5
JIN,8
LEDGER,7
Lorn,10
Metrik,4
"Moneybagg Yo,Yo Gotti",5
Samantha Fox,8
Scott Matthew,4
"Sybyr,shy",4
The Next Step,4
The War And Treaty,7
"Twista,The Speedknot Mobstaz",4
Andrew Rayel,4
Asheru and Blue Black of The Unspoken Heard,6
Chuck Brown and the Soul Searchers,4
Cella Dwellas,4
"Deko,Yameii Online",6
"Empire Cast,Yazz",13
"Empire Cast,Yazz,Serayah",4
Evvie McKinney,5
Headphones,4
Katie Pruitt,12
King Chip,6
M People,5
Milmine,4
September,4
Tekno,14
The Federal Empire,5
Carina Round,6
"Chillinit,Huskii",7
Emperor X,9
FKJ,15
Francis Karel,4
Royal Wood,7
Satellite Stories,15
Tellaman,12
"Them,Van Morrison",16
Vader,8
Viper,15
Aqualeo,6
Brent Morgan,5
"Sunset Rubdown,Spencer Krug",15
C-Mob,19
Chon,4
Diane Cluck,5
Emily Vaughn,11
Fleur East,10
Georgia Gibbs,4
"Hillsong UNITED,Matt Crocker",9
I Am Abomination,4
"Karen O,The Kids",5
Kristene DiMarco,7
"Lee Scott,Dirty Dike",5
Moccasin Creek,4
Phyno,7
Ruff Endz,6
Sandpeople,5
Selma June,4
Shaggy 2 Dope,5
The Damned Things,4
Vaughn Monroe,4
"Westside Gunn,Benny The Butcher",5
deadmau5,6
All The Luck In The World,6
BL@CKBOX,4
Bob Vylan,5
Ché-Fu,11
Cody Fry,14
Danitsa,6
David Rovics,6
Derik Fein,7
Elvy The God,9
Eves Karydas,6
James Carr,5
Jay UF,4
Leith Ross,10
"Lin-Manuel Miranda,Lindsay Mendez,Anthony Ramos,Alex Boniello,Gerard Canonico,Antwaun Holley,Original Radio Cast",5
Lucy Loone,8
"Oliver Hart,Eyedea",15
Robin Schulz,5
Tanya Stephens,19
"The Noise Unheard,Justin Stone",8
Ryan Beatty,27
Copywrite,4
Devics,6
FLAME,22
"Glen Hansard,Markéta Irglová",6
LPB Poody,7
Lil Sknow,7
Mark Barlow,4
New Empire,4
Raffey Cassidy,4
T.West,8
Taz,8
Unghetto,5
Carly Gibert,4
Fatboibari,6
Jody HiGHROLLER,4
Shortstraw,4
Slapshot,5
Sound Xscape,6
Tay Capone,5
Eskimo Joe,4
Levi Carter,6
Rachel Taylor,4
11 Acorn Lane,5
Jack Larsen,7
Katy McAllister,4
Kristofer Maddigan,4
Norma Jean Martine,4
CARYS,4
Tracie Spencer,7
Gable Price and Friends,11
HEX,6
Michael Crawford,4
"The Airborne Toxic Event,Calder Quartet",4
Wet Leg,6
Humanity's Last Breath,9
"Merle Haggard,The Strangers",4
SwizZz,9
Tim McMorris,4
Tyler Wood,4
B00sted,4
Dragged Under,7
Hakeem Prime,5
Heather B,4
Henrik Berggren,10
Kellermensch,6
Ocean Sleeper,6
Dr. Dooom,7
Elle Watson,5
Dae Dae,18
Jarryd James,10
Leah Nobel,4
Malaynah,4
Max Romeo,4
Tessa Violet,15
The Dynospectrum,5
80purppp,6
Buckshot LeFonque,4
Dwarves,10
OBN Dev,7
OLY,4
Solid Space,5
Early Hours,4
Hopes Die Last,4
Julio Iglesias,6
OMFG,5
Skinless,5
"Wavves,Cloud Nothings",7
De Lux,5
Edison Lighthouse,4
Denitia and Sene,5
Fools Garden,8
Lil Mabu,4
Local Sound,10
Otis Kane,5
Bosnian Rainbows,4
Craig Morgan,7
Dotter,5
Guttermouth,11
Stegosaurus Rex,4
City of Caterpillar,4
Diorama,5
Prong,4
John Reuben,5
Les Misérables Cast,4
Myrath,4
Rebekah Bolton,5
Sophia,5
"¡MAYDAY!,Tech N9ne",4
Anitta,4
Bloodwitch,4
CircusP,5
Dane Rumble,4
Ellery Bonham,5
Jonathan Edwards,4
Life Without Buildings,8
"Lucifer Cast,Tom Ellis",6
Merchandise,5
Swsh,4
VUUR,6
Wolfie's Just Fine,11
Cooper Alan,4
David Guetta,8
ELIOZIE,5
Gary U.S. Bonds,6
Hanoi Rocks,6
KUN,6
Lil Loski,5
Otherwise,8
Rocket From The Crypt,4
Tuomas Holopainen,5
Crack Cloud,7
Danny G,4
Key Notez,4
Ron Sexsmith,4
Soran,7
Wilsen,6
Blaatina,5
Claire Guerreso,7
Ruth Moody,7
Jake Etheridge,5
"Lil AK,DJ Akademiks",5
NYVES,5
Softengine,5
Suburban Lawns,6
The Walker Brothers,11
Bucks Fizz,4
Desolated,5
General Degree,6
Kevin LeVar & One Sound,6
"Mick Jenkins,theMIND",4
"Tedashii,Lecrae",4
Allie Paige,5
Northern Ghost,4
Courtney Act,6
Empty Country,4
Ghost and Pals,4
Loopy Tunes Preschool Music,4
The Meteors,4
Trails and Ways,5
Global AzN,5
Jonny West,4
Low Deep T,5
Villagers of Ioannina City,8
Within Destruction,8
Cindy Lee,6
Mndsgn,5
"The Diplomats,Hell Rell",4
The Pack,7
Three Houses Down,6
Tides Of Man,15
Dr. Acula,5
Joel Alme,4
Raphael Lake,7
Threshold,4
Throw The Fight,4
Kap Bambino,5
Dansu,4
Emily Brimlow,5
"KALLY'S Mashup Cast,Maia Reficco",7
Mia Vaile,4
Nightstalker,5
Peter McPoland,7
Safe Bet,4
The Electric Swing Circus,5
The Nude Party,4
Tunng,4
White Swan,8
LAUSSE THE CAT,4
Lanterns on the Lake,6
Netherfriends,6
Supreme Patty,5
Tokyo Blade,5
Yvncc,5
DPR IAN,7
Daryl Coley,8
Hike Willis,6
Suki Waterhouse,8
The Wonders,4
Twang and Round,4
Harper,4
"Hollywood Vampires,Alice Cooper,Johnny Depp",12
Martin Luke Brown,6
Robert Francis,5
Secret Nation,4
Smokeasac,7
The White Birch,4
Trap Beckham,4
Vane Lily,4
carwash,7
"Dangbana Republik,Bella Shmurda",6
Emilia Ali,5
G12 Worship,5
Joe Pug,8
Jonathan Roy,9
Kylesa,6
Meet Me @ The Altar,6
SR,5
Dave Days,5
Imani Coppola,4
Kinky Friedman,5
Michael Ketterer,4
Ohana Bam,5
Paige,9
State of Sound,4
Tape Five,4
Uno Hype,5
"th1rt3en,Pharoahe Monch",10
Alicai Harley,5
Angelina Jordan,6
I-Octane,8
Isaac Carree,5
Jennifer Warnes,6
Portal,4
Purple Mountains,10
Herb Alpert,5
Molly Payton,6
Nate Ruess,11
Nicky Romero,6
The Buckinghams,4
Ezekiel Jones,5
Randy VanWarmer,4
Dead To Me,5
Gladys Knight,5
Hanna Ferm,4
"Lil Bean,ZayBang",5
Monica Martin,4
Taylor Ray Holbrook,7
Yoshi Flower,9
Yung Craka,4
10cellphones,4
BiC Fizzle,4
"Enrique Iglesias,Pitbull",4
Gigi D'Agostino,5
HHP,5
Haircut 100,4
Thrive Worship,4
"Smokepurpp,Lil Pump",4
Syleena Johnson,5
Tumi and the Volume,5
Friyie,4
"Dream Junkies,Beleaf,Ruslan,John Givez",4
Forrest Nolan,5
SmuggzyAce,6
Emily Scott Robinson,4
Mammoth WVH,5
Marilyn Manson and The Spooky Kids,4
The Bahama Soul Club,4
The Future Kingz,4
The Veer Union,4
Kent Jones,6
Press Club,4
Rochelle,4
Eric Prydz,4
KADI,4
HyunA,5
Kenny G,6
Laura Dawson,6
Pure Prairie League,5
Saybia,4
Elisa,8
Eredaze,4
Slim Whitman,6
"Tha Eastsidaz,Butch Cassidy",4
mishlawi,18
Chris Kläfford,5
HARBOUR,4
Sertab Erener,4
The Moffatts,5
"Empire Cast,Mario",5
Ta-Ra,7
The Ambassador,4
TrippyThaKid,4
"JUVENILE,Hot Boys",4
"Ruia,Ranea",6
emir taha,7
Eric Andersen,4
Jordan Mitchell-Haines,8
Skyy,5
The F16s,4
Vanilla Fudge,5
KNOX 11K,4
Ruth Etting,7
Bible,4
"Marianne Trudel,Karen Young",4
SHELLS,4
Wild Youth,6
Elias,4
Ultimate Rap League,10
Isaia Huron,5
Iwan Rheon,4
Pipi Mā,4
"SawanoHiroyuki[nZk],mizuki",5
"The Fureys,Davey Arthur",4
John Parr,4
Leo Kalyan,6
Lorrie Morgan,7
Ruger,7
Summrs Worldwide,4
"Fliptrix,Illinformed",5
Jussie Smollett,5
Neena Rose,4
Starley,4
"Lynyrd Skynyrd,Al Kooper",4
Mango Groove,4
"John Legend,The Roots",4
PEZ,4
"Christoph El Truento,Lucky Lance",5
"Riverdale Cast,Camila Mendes",4
VyOk,5
Bonkaz,4
Here We Go Magic,4
Gwen Guthrie,4
PGF Nuk,4
Rose McGowan,4
Linying,4
Travie McCoy,5
Deacon Blue,5
Me Nd Adam,5
Oceans of Slumber,5
Hannah May,4
Junkie XL,4
Sipper,4
"The Psycho Realm,Big Duke,Sick Jacken",4
Playing For Change,7
"Jeff Wayne,Richard Burton",5
Maimoa,4
The Tribute Co.,4
"Money Man,BC Shooter",4
Deux,4
Jaro Local,4
Shannon Saunders,6
Marko Penn,4
"John Rutter,The Cambridge Singers,City of London Sinfonia",7
"Zero 7,Sophie Barker",4
Janet Suhh,4
Ron Kenoly,9
Public Announcement,4
Sumbuck,5
Johnny Rivers,8
Merauder,4
Panicland,6
Waldo,5
Jake Isaac,5
Manic Drive,5
Tourniquet,4
The Fabulous Thunderbirds,7
Nitin Sawhney,4
Tungevaag,4
Roy Ayers,4
Young Nut,4
Eagle-Eye Cherry,4
"THE DRIVER ERA,Ross Lynch,Rocky",4
Sons of an Illustrious Father,4
"Shoreline Mafia,Fenix Flexin,OHGEESY",6
