song,Artist(s),Tempo,Length
The Plumbing Song,"\Weird Al\"" Yankovic""",103.0,04:06
Beijing,$teven Cannon,117.0,03:16
Twisting the Lens,03 Greedo,101.0,03:12
Brimstone Rock,16 Horsepower,104.0,04:28
Halo Letter from My Unborn Son,"2 Chainz,Harmony,Heaven",110.0,03:25
More Than a Player,2nd II None,104.0,03:16
Whisper,303,102.0,03:03
Second Chance,38 Special,119.0,05:04
Dont Turn It Off,40 Thieves,117.0,04:38
Side Show,415,114.0,03:55
Basics of Life,4Him,119.0,05:13
OVO Sound Radio Episode 36 Tracklist,"4batz,Drake",102.0,03:51
Never Lie,"5 Star Marriot,Cassidy,Your Honor",100.0,03:41
Rent Free,6LACK,105.0,03:22
Know My Rights,"6LACK,Lil Baby",118.0,03:14
Maad City freestyle,"9 6ix,Cali",100.0,04:24
All Screwed Up,AC/DC,103.0,04:36
Shes Got The Jack,AC/DC,112.0,05:52
King of the Castle,ALMA,106.0,03:27
Big As The Sky,AM60,102.0,03:39
Bitch Betta Have My Money,AMG,104.0,03:15
I Went Too Far,AURORA,116.0,03:27
Its a Boy Thing,AZ,116.0,04:02
Now You Know,Ab-Soul,116.0,04:03
A Promise,"Abstract,RoZe",117.0,04:00
Carried Away,Ace Hood,118.0,04:54
Rolling Stoner,Adore Delano,116.0,03:26
She Wont Let Me Fuck,Afroman,100.0,06:01
I Wasn't The One,"Agnetha Fältskog,Peter Cetera",118.0,04:12
Build That Wall,Aimee Mann,109.0,04:24
Peaches And Cream,Air Supply,106.0,03:41
Letter to My Son,Akon,104.0,04:04
Legendary,Alaska Thunderfuck,113.0,03:38
Aliens,"Alaska Thunderfuck,Jeremy",117.0,03:59
Your World and My World,Albert Hammond,112.0,04:23
A Little Bit,"Alex Brightman,Drew Gasparini",105.0,04:08
String,Alex G,106.0,04:54
Alex Preston,Alex Preston,111.0,04:04
All The Time,"Ali Gatie,Kehlani",104.0,03:36
Renovate,"Allan Kingdom,DRAM",115.0,03:54
For A Million,Alphaville,103.0,06:10
Oh Yeah,American Supergroup 82,104.0,04:17
Take the Box,Amy Winehouse,116.0,03:20
Lockdown,Anderson .Paak,100.0,03:32
Just Gold,Andrew Gold,112.0,04:40
Shadow Dancing,Andy Gibb,103.0,04:31
Don't Give Up,Andy Grammer,113.0,03:16
...Lost,Andy Mineo,105.0,05:31
Binary,Ani DiFranco,109.0,04:22
Terry,Anika,102.0,05:07
Shouldve Cheated,Ann Marie,107.0,03:39
Section,"Ant Clemons,Kehlani",107.0,03:39
I Want You,Anthony Hamilton,105.0,04:24
The Second Arrangement,Anthony Robustelli,105.0,05:39
Woodchuck,Apache,103.0,04:22
Goodbye Is Forever,Arcadia,103.0,03:48
On God,Aromate,105.0,03:05
Middle Class,Aryan Sehgal,104.0,03:36
Mothers Daughter,Ashley Monroe,109.0,03:50
Last Meal,Asleep At The Wheel,113.0,03:37
Lark,Au Revoir Simone,106.0,04:19
Turned Away,Audio Bullys,109.0,04:20
Shame Shame Shame,Audio Idols,105.0,03:55
Rollin,"Austin Mahone,Becky G",115.0,03:58
Avalanche,Avalanche City,100.0,03:12
Echolalia,Avalanche City,100.0,03:12
Now You Got Someone,Avant,111.0,04:06
How Does It Feel,Avril Lavigne,118.0,03:44
Kill Me with Your Touch,Axel St. Patience,112.0,03:49
Rush Hour,Ayra Starr,100.0,03:05
Sweet Sixteen,B.B. King,112.0,04:20
Why I Sing the Blues,B.B. King,118.0,08:37
Say What You Mean,"BAYNK,Sinéad Harnett",117.0,03:25
All the Time,"BENEE,Muroki",113.0,03:08
Whip it,BIA,118.0,03:33
Ride for Me Remix,BIGZ,108.0,03:26
Tell Me,BROS,100.0,03:51
2 Girlfriends,"Baby Rich,DDG",109.0,03:55
PunchGod 3,BabyTron,114.0,03:22
Pretty Young Girl,Bad Boys Blue,118.0,05:46
Leeson Street Lady,Bagatelle,109.0,04:56
Say It,"Bahja Rodriguez,Kodie Shane",115.0,03:46
Hell N Back A COLORS SHOW,Bakar,105.0,03:36
Danger Zone,Baker Ya Maker,110.0,03:16
Act Like Us,BandGang,103.0,03:18
No More,Bandit Gang Marco,101.0,04:49
Sleep Alone,Bat For Lashes,101.0,04:03
Fear,"Bawal Clan,Nuevo,Lex Luthoor,Mic Rahman,MNL$,Rjay Ty,Ankhten Brown,Pope Fiction",118.0,04:32
Pardon Me,Beatrich,110.0,03:46
Jack-Ass,Beck,107.0,04:01
Steal My Body Home,Beck,106.0,05:33
Butterfly,Bee Gees,103.0,03:15
Night Fever/More Than a Woman,Bee Gees,106.0,03:16
Wind of Change,Bee Gees,118.0,04:52
Requiem,"Belly,NAV",112.0,03:39
To Be Loved,Bent,119.0,04:24
Strains,"Berner,Kobe",115.0,03:43
Pleasure,Betcha,115.0,03:41
Postcard New Shoes,"Beyoncé,Post Malone",116.0,04:17
All Eyez On Me,"Billard,mgk",110.0,03:46
H.M.T,Billie Eilish,105.0,03:30
So So,Billie Eilish,105.0,03:30
Johnny  Joel,Billy Cobb,100.0,03:13
Christmas In Fallujah,Billy Joel,110.0,03:56
Leave A Tender Moment Alone,Billy Joel,110.0,03:56
Im Fallin,"Black Coffee,RY X",118.0,07:42
Back to the Beach,"Black Coffee,Shekhinah",102.0,04:10
The Boogie That Be,Black Eyed Peas,105.0,05:12
DOPENESS,"Black Eyed Peas,CL",100.0,04:38
Loreley,Blackmore's Night,115.0,03:36
His Hands,Blegh,112.0,05:37
Just For One Night,"Blonde,Astrid S",118.0,03:46
SCooled,Blood Orange,105.0,03:10
Squash Squash,Blood Orange,110.0,03:37
Clumsy Card House,Blue October,118.0,03:19
Weight of the World,Blue October,100.0,04:04
You Used to Rock,"Blue Six,Tabitha Fair,Dave Boonshoft,Mark Anthony Jones",110.0,04:33
Happy Cycling,Boards of Canada,100.0,07:56
Gonna Change My Way Of Thinking,Bob Dylan,103.0,05:28
Grace,Bob Moses,116.0,06:59
Touch and Go,Bob Moses,116.0,07:26
Shame On The Moon,Bob Seger,106.0,04:55
Special to Me,Bobby Caldwell,108.0,03:30
Steal Your Heart Away,Bonnie Raitt,101.0,05:44
All In Forms,Bonobo,110.0,04:51
Inside Out,Bonray,117.0,03:13
Like a Throttle,Boogie Down Productions,101.0,04:16
Midnight on the run,BoomBox,102.0,09:59
Under My Sensi,"Boozoo Bajou,Thievery Corporation",102.0,04:20
Turn Around,"Borgore,Dan Farber",100.0,03:36
Beat,Bowery Electric,100.0,07:16
Roll Wit Me,Boyz II Men,102.0,03:31
Fixing My Brain,Brad Sucks,110.0,03:59
Cant Kiss My Soda,"Bravo the Bagchaser,Bankroll Baby",102.0,03:19
Mystery,Breakbot,118.0,05:14
Another You,"Breakbot,Ruckazoid",105.0,03:21
Wish You Well,Brendan James,101.0,03:42
The Real R. Kelly,Bridget Kelly,112.0,03:17
Approximate Sunlight,Bright Eyes,112.0,04:24
All I Want,Broken Social Scene,102.0,03:36
Circles and Squares,Brooke Fraser,108.0,03:52
And Fools Shine On,Brother Cane,114.0,04:42
Nothing Man,Bruce Springsteen,110.0,04:20
When Youre Alone,Bruce Springsteen,108.0,03:21
Chunky,Bruno Mars,101.0,03:06
Get Mine,"Bryson Tiller,Young Thug",100.0,03:33
We Go Back Jarami Remix,"CHINAH,Skizzy Mars,Jarami",107.0,03:52
Juice,"CHISEKO,JCAL",105.0,03:37
Hymns For Him,COSIMA,109.0,03:26
Love Cemetery,CRAY,108.0,03:13
Officer of Love,Caamp,109.0,03:59
So Good,CalenRaps,109.0,03:26
Remember Game,"Cam'ron,Mimi",107.0,04:41
Attack Me With Your Love,Cameo,107.0,04:30
Desire Lines,Camera Obscura,114.0,04:20
Nights On Broadway,Candi Staton,102.0,03:29
Mile Away,Capital Lights,118.0,03:43
100 minutes of solitude,Car Seat Headrest,115.0,05:04
My Boy Twin Fantasy 2018,Car Seat Headrest,115.0,05:04
Something Soon 2011 Version,Car Seat Headrest,115.0,05:04
Hello Big Man,Carly Simon,119.0,05:27
Made In Europe,Caroline Henderson,115.0,04:21
Victory In Jesus,Carrie Underwood,110.0,04:15
Illustrator,Cash Kidd,100.0,03:40
Who Shot You?,Cash Kidd,100.0,03:14
Me  U Bad Boy Remix,"Cassie,Diddy,Yung Joc",100.0,04:47
Heat 4 Yo Azz,Celly Cel,100.0,04:22
For You,"Chad McBad,Wild 30",108.0,03:18
Popular Demand,Charles Mingus,110.0,07:58
Dangerously,Charlie Puth,112.0,03:19
Angeline,Chase Atlantic,111.0,03:53
The Nights,Chase Rice,115.0,03:46
Mess,Chelsea Cutler,112.0,03:23
Fires Of Eden,Cher,116.0,03:42
If I Could Turn Back Time,Cher,108.0,03:59
When You Look in My Eyes,Cherrelle,103.0,04:53
Saturday Love,"Cherrelle,Alexander O'Neal",116.0,06:30
Fort Worth,Chevy Woods,107.0,03:36
Fishin,Chief Keef,104.0,04:25
Moksha,Choker,101.0,03:29
Run It No Rap Version,Chris Brown,101.0,03:13
Sip,Chris Brown,105.0,03:17
Boombox,"Chris Brown,Juelz Santana",101.0,03:49
Stop Saving Me,Chris Malinchak,118.0,04:52
Dancing With Charlie,Chris Rea,110.0,03:49
Do It For Your Love,Chris Rea,108.0,03:45
Fool For You,Chris Rea,110.0,04:03
Fool for Love,Chris Rea,110.0,04:03
New Way,Chris Rea,110.0,03:38
Let Me Flex,Chris Travis,100.0,03:26
The Encore,Chris Travis,114.0,03:10
Fall for You,"Christian French,Triegy",110.0,04:00
Is There Something,Christopher Cross,115.0,05:19
At Your Door,Chromatics,107.0,04:33
3  Soul,Chrome Sparks,114.0,04:06
Legs,"Chuck Inglish,Chromeo",117.0,03:58
Bridge Over Troubled Water,Chuyant Meong,110.0,03:12
1 2 Step,"Ciara,Missy Elliott",113.0,03:22
Kids,Citizens,102.0,03:29
The Hurry and The Harm,City and Colour,106.0,04:24
Favoritism,Clairo,105.0,04:20
Drowning,Clams Casino,100.0,03:23
Floating,"Clem Beatz,Mary May",100.0,03:55
Children Of The Night,Climax Blues Band,118.0,04:01
Nobodys Home,Clint Black,105.0,03:29
P Control House Mix,Club Princess,119.0,03:34
Breakfast At Sweethearts,Cold Chisel,117.0,04:11
Involved Hey There Jamie,Cold Hart,116.0,03:28
I Like What You Do,Commodores,112.0,04:47
Mobile Pharmacy,Connect Zero,110.0,04:44
Spaceship,Contrast,104.0,03:24
Much More,"Coquí,Jimmy Clifton,MUCH MORE",110.0,03:54
This Is My Prairie,"Corb Lund,Terri Clark,Brett Kissel",112.0,04:04
History,Cosmo's Midnight,105.0,03:28
Get to Know,"Cosmo's Midnight,Winston Surfshirt",109.0,04:03
Beamin,Cousin Stizz,116.0,03:35
Shoutout,Cousin Stizz,114.0,03:51
Up To Something,Cousin Stizz,106.0,03:22
4am Taxi,Coward.,115.0,03:18
My Life Is Totally Boring Without You,Cracker,108.0,03:17
Laughing for My Life,Craft Spells,115.0,03:58
Talk to Me,"Craig David,Ella Mai",116.0,03:23
I Feel Possessed,Crowded House,109.0,03:48
Brink,Cult Mountain,100.0,05:45
Dr. Greenthumb,Cypress Hill,104.0,03:09
Light Another,Cypress Hill,109.0,03:17
Lolita (Trop Jeune Pour Aimer),Céline Dion,116.0,04:19
Miskeen,"D-Block Europe,Jordan Morris,Tiny Boost",112.0,05:01
Solo Remastered Solo - Radio Edit,DD Smash,114.0,03:45
Drake  DJ Semtex Interview,DJ Collo,119.0,11:50
The DJ,DJ Ino,105.0,04:09
Scratch That,"DJ Koze,Róisín Murphy",101.0,04:36
Pitch in Ona Party,DJ Quik,106.0,04:07
Quik is the Name,DJ Quik,105.0,05:23
Tonite,DJ Quik,105.0,05:23
U Aint Fresh,"DJ Quik,Eric Sermon,Kam",103.0,03:54
Pass That Shit,"DJ Rashad,DJ Spinn,Taso",116.0,04:18
Tell Me Something Good,"DJ Screw,UGK",116.0,06:43
Still Sippin Freestyle,"DJ Slim K,eMeX",108.0,03:15
Wonky,"DOGDEER,Hounds,Yung Bambi,Kamiyada+,Blvc Svnd,Gizmo",112.0,03:26
Youve Changed,DRAMA,114.0,03:49
Nothing Matters,"Daloo Deey,Zukile",110.0,03:12
Off,Damar Jackson,112.0,03:02
Dana Dane Is Coming To Town,Dana Dane,100.0,03:45
Used To Be,Daniel Shaw,115.0,04:05
Human Diary,Danielle Bradbery,106.0,03:43
Never Have I Ever,Danielle Bradbery,106.0,03:12
Miss California,Dante Thomas,100.0,03:48
Some say,Darci,112.0,03:46
Hot Hands,"Darius,Darianna Everett",110.0,04:13
Verdansk,Dave,117.0,03:02
Up And Away,Dave Matthews Band,104.0,04:16
Innocent Man,"Dave,Burna Boy",110.0,04:01
Pat-A-Pan,David Archuleta,118.0,03:25
I Know Its Gonna Happen Someday,David Bowie,114.0,04:05
Deeper,David Correy,118.0,03:31
Love on the Air,David Gilmour,108.0,04:20
These Are My Friends,David Lynch,100.0,04:57
James Dean,Dawn Richard,100.0,03:38
Oh Lord,Dee Mula,110.0,04:32
Pony,Deluxe,103.0,03:28
Breakdown,Dennis Lloyd,113.0,04:00
Poor in Love,Destroyer,115.0,03:26
Fear The Beast,Devilish Trio,117.0,03:08
Tell You Off,"Devvon Terrell,Witt Lowry",105.0,03:47
I'm Gonna Let My Heart Do The Walking,Diana Ross & The Supremes,107.0,03:31
Someday Well Be Together,Diana Ross & The Supremes,107.0,03:31
Friend,"Diddy,Foxy Brown",114.0,06:37
Lost in your eyes,Diego Power,116.0,04:57
Killing Time,Dillon,115.0,03:38
Heartbreaker - 1516659,Dionne Warwick,101.0,04:18
You Can Have Him,Dionne Warwick,111.0,03:31
T P O,Dom Kennedy,110.0,03:21
Lilah,Don Henley,102.0,04:08
Waiting Tables,Don Henley,109.0,04:47
You Cant Make Love,Don Henley,107.0,03:33
Losing Streak,Don Trip,110.0,05:49
The Great Pagoda of Funn,Donald Fagen,100.0,07:36
Ive Got SOmething,Donald Lawrence & Company,119.0,05:17
It Doesn't Matter To Me,Donavon Frankenreiter,105.0,03:06
Dont Need It Remix,"Donell Lewis,Fortafy,William Singe",100.0,03:18
City Of Dealers,Doughboyz Cashout,100.0,03:08
21st Century USA,Drive-By Truckers,115.0,04:14
RUUUN,Duckwrth,107.0,03:43
Weird,Dumbfoundead,103.0,03:20
Money on My Mind,"E-40,Bosko",100.0,04:01
Bamba,"E-Sir,Big Pin,K-Rupt",103.0,04:04
Masturpeace,EARTHGANG,103.0,03:28
Drama,ELHAE,117.0,03:06
Still Mine,"ELHAE,Wale",104.0,04:31
It's Your World Now,Eagles,108.0,04:20
Excellence,"Ecclesia,Sarah Elkins",106.0,04:44
Guest Room,Echos,115.0,04:18
Put It All on Me,"Ed Sheeran,Ella Mai",101.0,03:17
Home,Elang Defrianto,110.0,04:11
Take Me On And On,Electric Light Orchestra,113.0,04:59
Monsters,Electric President,115.0,04:38
1 to 10,Elle Varner,108.0,03:46
The Soldier and the Oak,Elliott Park,102.0,03:45
Everybody Cares Everybody Understands,Elliott Smith,116.0,04:25
Tenderly,"Emeli Sandé,Joel Sande,The Serenje Choir",102.0,03:22
WYGD,Empara Mi,107.0,03:42
Long Way,Emtee,117.0,04:41
Pearl Thusi,Emtee,116.0,03:46
Poormans Grave,Eraserheads,101.0,04:35
Mercy,Eric Bachmann,108.0,04:43
Lay Up,Eric Bellinger,110.0,03:11
CS3 Intro,"Eric Bellinger,Sy Ari the Kid,Garren,Ye Ali",107.0,04:32
Creep,"Eric Bellinger,T-Boz",110.0,03:03
I Heard The Angels Singing,Eric Bibb,110.0,04:28
Ain't Nobody's Business If I Do,Eric Clapton,105.0,03:41
Do You Believe In Me,Eric Gadd,105.0,04:18
Walking The Back Streets,Etta James,118.0,07:08
Supermarket Blues - 890128,Eugene McDaniels,104.0,04:10
GOODMORNING Goodbye,FRENSHIP,107.0,04:26
When I Feel Like It,"Fabolous,2 Chainz",115.0,04:18
Lost Stars,Faded Paper Figures,101.0,04:51
Keep the Faith,Faith Evans,101.0,04:35
San Fransisco B.C.,Fat Freddy's Drop,100.0,06:10
Silver Wolves,Fat Freddy's Drop,100.0,06:10
Unbreakable,Faydee,105.0,04:42
Sealion,Feist,115.0,03:39
You  Me,Feldberg,114.0,03:52
Gorilla,"Felly,Gyyps",108.0,04:20
How Many Of You Are In There?,"Fewjar,Camilla Fascina",102.0,04:14
So What,"Field Mob,Ciara",117.0,03:36
Disappointed,Field Music,108.0,03:04
Can You See,Fifth Harmony,100.0,03:57
Home Again,First Aid Kit,101.0,04:06
Sister,Fleetwood Mac,115.0,04:43
Tango in the Night,Fleetwood Mac,115.0,03:46
The Green Manalishi With the Two Prong Crown,Fleetwood Mac,102.0,04:37
Skin And Bones,Foo Fighters,101.0,04:02
A Lovesong for Whoever,Fran Vasilić,110.0,03:19
My Kingdom for a Horse,Frank Turner,119.0,04:52
War,Frankie Goes To Hollywood,110.0,06:13
The Seasons,Freedom Fry,118.0,04:15
Hot Potato,Freestyle Fellowship,114.0,03:37
Salam Alaykum,French Montana,115.0,04:07
Sleeping Limbs,"From Indian Lakes,Classy Williams",116.0,03:08
Did We Change,"From Indian Lakes,Lynn Gunn",100.0,03:28
Bow Wow Wow,Funkdoobiest,103.0,04:14
Day After Day,"Furkan Sert,Elnur Mikayilov",100.0,03:45
Afterlife,Future,108.0,03:34
Virginia Slims,Futurebirds,116.0,05:43
Just Believe,G-Eazy,110.0,04:02
Big Ben,"G-Eazy,Preme",111.0,03:06
Glad We Found It,GAIKA,112.0,03:46
Other Side,GAITS,100.0,03:51
Giana,GAWVI,102.0,03:48
Not Afraid,GJan,110.0,03:08
Sus,GameTunes,115.0,03:26
Bombers,Gary Numan,116.0,05:33
Shes Got Claws,Gary Numan,105.0,04:56
This Is Emotion,Gary Numan,112.0,04:04
Only I,Gary Valenciano,111.0,04:20
6:30,"Geko,NSG",100.0,03:33
The Car Song,Geordie Kieffer,100.0,03:26
Every Valley,"George Frideric Handel,The New London Chorale,Tom Parker",103.0,03:25
Maya Love,George Harrison,117.0,04:22
Cant Fake the Feeling,Geraldine Hunt,115.0,03:22
Why Wont You Talk To Me,Gerry Rafferty,116.0,04:00
Aint With Being Broke,Geto Boys,101.0,03:44
Blue Cheese,"Ghost Magneto,BG Kenny Lou",113.0,03:23
The Oh So Protective One,Girls,116.0,03:36
Vomit,Girls,118.0,06:23
God Rest Ye Merry Gentlemen,Gloria Gaynor,116.0,03:18
Gloria Please,Gloria Tells,102.0,03:42
Rough Soul,"GoldLink,April George",117.0,03:01
Borderstone,Gordon Lightfoot,106.0,03:33
"Spin, Spin",Gordon Lightfoot,106.0,03:33
Night Shift,Gracias,101.0,03:38
Faded,Grieves,107.0,03:53
Home Alone,"Gucci Mane,Cash Out,Young Thug,Peewee Longway",107.0,05:00
Bling Bling,"Gucci Mane,Young Dolph",118.0,03:25
Palms,Gus Dapperton,118.0,04:00
Overexcited,Guster,112.0,03:13
I Will,H.I.M.,118.0,03:25
Summer Girl,HAIM,100.0,03:25
Scared of Me,Haley Smalls,119.0,03:49
You should be sad,Halsey,111.0,03:25
Burbank,Harriet,104.0,04:11
Three Angels,Headstones,116.0,04:04
Straight On,Heart,117.0,05:07
5ves,Heiruspecs,112.0,04:35
Stars In Your Eyes,Herbie Hancock,108.0,06:43
Ask Seek Knock,Hillsong Kids,100.0,03:23
Memory,Hojean,111.0,03:21
All Blue Racks,HoodRich Pablo Juan,115.0,03:20
Stress Relief,"Horseshoe G.A.N.G.,Frost Gamble",106.0,06:38
Easy,Hot Chip,116.0,05:10
Lyrics,House Of Pain,115.0,03:19
On Point,House Of Pain,104.0,03:48
Why Look For The Key,Howard Jones,105.0,03:22
Banker Bets Banker Wins,Ian Anderson,107.0,05:40
Irene Ravin Bomb,Ian Noe,109.0,03:58
Wild Thoughts,"Ibiza DJ Rockerz,Chill Out 2017",117.0,03:24
In Remote Part/Scottish Fiction,Idlewild,106.0,03:50
Forever on Your Side,"Imaginary Future,Kina Grannis",116.0,04:02
Blank Space Remix,Imagine Dragons,102.0,05:03
Stand By Me,Imagine Dragons,102.0,05:03
Constantly,Immature,118.0,05:43
"If Not Now, When?",Incubus,101.0,05:05
Become You,Indigo Girls,108.0,03:45
Diamond Eyes,Inner Wave,104.0,05:16
Congo,Ippy,100.0,03:14
Can I Holla At Ya,J. Cole,100.0,04:52
I know,"J.Star,Yung Chris",100.0,03:20
Oh Holy Night Cover,JKING,101.0,03:09
Wish I Never,JOEY DJIA,119.0,04:38
Love You Twice,Jack Vallier,105.0,03:23
Sorry for Loving You,Jack Vallier,107.0,03:56
For A Dancer,Jackson Browne,105.0,04:48
For a Dancer,Jackson Browne,105.0,04:48
Take This Rain,Jackson Browne,118.0,04:50
23,Jacquees,101.0,04:33
London,Jacquees,105.0,04:46
Electric,Jaden,108.0,03:41
Walk The Line,Jadu Heart,106.0,03:13
Moon,"Jai Wolf,OTR,Wrabel",115.0,03:41
Otherwise,Jake Scott,117.0,03:07
Sparks,James Bay,106.0,03:05
Burden,James Colt,116.0,04:08
The Upgrade Pt. II,James Reyne,109.0,04:13
One More Go Round,James Taylor,108.0,04:40
15 Minutes,Jamie Foxx,118.0,04:06
Make Me Feel,Janelle Monáe,115.0,03:14
Q.U.E.E.N.,"Janelle Monáe,Erykah Badu",106.0,05:10
Bullets,Janine,118.0,03:37
Unstable,Janine,115.0,03:50
How to Forget,Jason Isbell,117.0,04:04
The Life You Chose,Jason Isbell,104.0,04:03
Streetlights,Jason Isbell and the 400 Unit,110.0,04:11
Soulkeeper,Jasper,105.0,03:27
Stranger,"Jay Hayden,KingVodka",118.0,03:54
All In,"Jay Prince,Raheaven",103.0,03:24
Opp Wit a Glock,Jay Saad,100.0,03:12
Cant Help Me Now,Jayden Bartels,101.0,03:27
Stick  Move,Jazz Cartier,109.0,03:51
Jeanette - El Muchacho de los Ojos Tristes English Translation,Jeanette,113.0,03:37
In the Mood,Jeff Bernat,104.0,03:50
Star Track,Jefferson Airplane,113.0,03:08
Love Dont Change,Jeremih,118.0,04:16
Copenhagen,"Jeremih,Sonyae",105.0,03:57
31/32,Jerry Cantrell,114.0,07:23
Summer Love,Jessi Malay,113.0,03:43
You  I Forever,Jessie Ware,115.0,03:58
I Keep / Still Here,Jill Scott,100.0,03:51
The Ghost Song,"Jim Morrison,The Doors",111.0,05:15
Everybody's On The Run,Jimmy Buffett,114.0,03:27
Sunshine in the Music,Jimmy Cliff,111.0,04:50
Fever,"Joachim Pastor,Mischa",115.0,03:32
The City,Jockstrap,101.0,04:43
Colourblind,"Joe Hertz,Collard",115.0,04:26
Save Room,John Legend,112.0,03:55
War of My Life,John Mayer,118.0,04:15
Nobody Gives a Damn About Songs Anymore,John Moreland,114.0,03:15
"Jesus, Are You There?",John Waite,103.0,03:30
Show Me How To Love You,John Waite,119.0,04:54
Touch,John Waite,115.0,03:52
Lets Spend The Night,Johnny Gill,118.0,03:55
The Last Time,"Johnnyswim,Michael McDonald",100.0,03:04
Blessed Is He,Josh Garrels,105.0,04:34
Kuromi face tat,Josh Tatofi,102.0,04:51
Coyote Caller,Joshua James,106.0,03:27
F.E.A.R.,Joywave,101.0,03:01
Possession,Joywave,101.0,03:01
Ndikhokhele,"Jub Jub,Nathi,Rebecca Malope,Benjamin Dube,Mlindo The Vocalist,Tkinzy,Judith Sephuma,Blaq Diamond,Lebo Sekgobela",105.0,05:19
Shut da Fuc Up,Juicy J,114.0,03:22
Soweto Blues,"Juls,Busiswa,Jaz Karis",112.0,04:58
Trouble to Share,Just Jack,112.0,04:00
Heartbreak,Justin Bieber,104.0,04:22
Where Are You Now,Justin Bieber,118.0,04:27
You Dont Know,Justin Stone,118.0,03:16
V.I.P.,"Justin Timberlake,Anna Kendrick,James Corden,Kelly Clarkson,George Clinton,Mary J. Blige,Anderson .Paak,Rachel Bloom,Kenan Thompson,Anthony Ramos,Red Velvet,Icona Pop,Kunal Nayyar,Sam Rockwell",106.0,04:00
Goodlove,Justine Skye,104.0,04:09
Cant Stop Her Grind,K CAMP,112.0,03:09
Underrated,K CAMP,115.0,03:53
Gasface Refill,KMD,104.0,03:45
Who Me? With an Answer from Dr. Bert,KMD,106.0,03:31
Nitty Gritty,"KMD,Brand Nubian",110.0,05:35
Frfr,"Kalan.FrFr,G Herbo",100.0,03:26
Windows,"Kamaiyah,Quavo,Tyga",100.0,03:55
Nina Chop Chance The Rapper Version,Kanye West,110.0,03:35
Remote Control,Kanye West,110.0,03:18
Violent Crimes,Kanye West,110.0,03:35
Lay It On Me,"Kasbo,Keiynan Lonsdale",100.0,03:44
Ill Make You Love Me,Kat Leon,110.0,03:28
One and Only Original Flavor Flav,Katchafire,101.0,04:57
Protovision Red Sky Mix,Kavinsky,110.0,03:25
When I Go,Keaton Simons,105.0,03:24
How Can They Live Without Jesus?,Keith Green,115.0,03:05
I Wonder Where You Are Tonight,Keith Whitley,109.0,03:03
You Dont Have To Worry,Kelly Price,103.0,03:36
One More Habit,Kelsey Waters,100.0,03:25
PP 1.5,Kendrick Lamar,101.0,04:34
The Best Rapper Alive,Kendrick Lamar,101.0,04:34
Suddenly,Kevin Krauter,100.0,04:10
Cable Guy,Keyshia Cole,117.0,04:15
Feminist Pirate Chantey,Keyshia Cole,117.0,04:15
It Gets Better,Keyshia Cole,117.0,04:15
Nothin,Keyshia Cole,117.0,04:15
Take me away,Keyshia Cole,117.0,04:15
Toronto,Keyshia Cole,117.0,04:15
Time You and I,Khruangbin,105.0,05:42
Mature Nature,Kid Cudi,106.0,03:55
La Raza Part II,Kid Frost,107.0,03:29
100 Different Ways,"Kid Ink,Hardhead,Vee tha Rula",118.0,04:24
Yo Da Lin In The Valley,Kid Rock,105.0,04:18
Kids In America,Kids In America,118.0,03:05
Numb,"Kiiara,DeathbyRomy,PVRIS",115.0,03:23
Delusional,King Lil G,116.0,03:40
Dusty,Kings of Leon,105.0,04:20
Crazy One More Time,Kip Moore,119.0,04:25
Something About The Name Jesus,Kirk Franklin,101.0,06:08
They Dont Know,Kirsty MacColl,112.0,03:06
Never Mind,"Ko-Jo Cue,Boyd",107.0,03:57
Afterparty,Koffee Brown,105.0,03:34
Shoes,Kommode,106.0,03:46
A So Mi Tan,Konshens,109.0,03:21
Absurd May 21st,Kora,110.0,04:27
Age Aint Nothing But a,Kora,110.0,04:27
The Champion,Kora,110.0,04:27
The Hitcher,Kora,110.0,04:27
Another Brick in the Wall Pt. 1 2 3,Korn,103.0,07:07
Europe Endless,Kraftwerk,110.0,09:41
Runaway,"Krewella,Riaz Qadri,Ghulam Ali Qadri",107.0,06:24
Silver Mantis,"Kris Kristofferson,Rita Coolidge",108.0,05:32
Getting My Dick Sucked,Krucifix Klan,115.0,04:00
Intoxicated Calls,Kurosuke,100.0,03:35
Happy Now,"Kygo,Sandro Cavazza",118.0,03:31
Kelly,Kyle Falconer,107.0,04:27
All I See,"Kylie Minogue,MiMS",101.0,03:51
Too Blind To See It,Kym Sims,119.0,03:31
Let U Go,"Kyngs,Fagin",110.0,03:31
Rambo,Kyyngg,111.0,03:51
What the Fuck is a Papoose,L.A.B.,100.0,03:44
Thats My Man,LIZ,114.0,03:47
Impress Myself,LOVA,110.0,03:16
Empty House,"LU2VYK,Jex",118.0,03:33
Sexotheque,La Roux,117.0,04:18
Big Bubbles No Troubles,La-Le-Lu,100.0,03:38
Faygo shawty,Ladi6,102.0,03:10
No Floods,Ladi6,102.0,03:10
Water Damage,Ladi6,102.0,03:10
I Did With You,Lady Gaga,116.0,03:04
I Cant Wait,Lalah Hathaway,103.0,03:49
Live Tomorrow,Laleh,112.0,03:35
Sleeping in the Benz,Landon Tewers,119.0,03:25
Flickering,"Lapalux,JFDR",104.0,03:31
4EVA,"Lapalux,Talvi",111.0,03:34
Donny the Retard,Larry Poppinz,117.0,03:35
You,Lastlings,100.0,03:53
Heartbreaker,"Laura White,Ms Banks",102.0,04:08
Atom Bomb,Lauren Cimorelli,115.0,03:28
Staff Only,Lauren Ruth Ward,113.0,04:46
Kool Kid,Layton Greene,117.0,04:39
The Mind,"Le Winter,Hampus Ewel",119.0,03:18
Drinking Class,Lee Brice,109.0,03:27
Living In A Fantasy,Leo Sayer,103.0,04:24
The World Has Changed,Leo Sayer,118.0,03:54
Where Did We Go Wrong,Leo Sayer,107.0,03:55
Hot Pink,Let's Eat Grandma,103.0,04:08
MOOD,Lex Amor,112.0,04:07
Growing Pains,Lexii Alijai,102.0,03:10
Viral Moment,Lil Durk,107.0,03:12
Bad Intentions,"Lil Loski,Joei Razook",116.0,03:02
New Fire,Lil Macks,105.0,03:07
Jousting,"Lil Tracy,marvy ayy",116.0,03:37
Ghosts,Lillian Hepler,118.0,03:27
Palm Trees,Lily Elise,116.0,03:34
Hurt So Bad,Linda Ronstadt,100.0,03:16
Synapse,Linea Aspera,116.0,04:16
Fite Dem Back,Linton Kwesi Johnson,116.0,04:26
I Wonder If I Take You Home,"Lisa Lisa & Cult Jam,Full Force",115.0,06:44
When We Pull Up,"Lisi,HP ONIT,Hp Boyz",103.0,03:29
Ice Cream Girl,Lloyd Cole,106.0,03:04
That Boy,Lloyd Cole,109.0,04:42
Bound for the Floor,Local H,119.0,03:42
Fake Love x Sneakin,Lomez Brown,110.0,03:42
Hello Young Lover You Aint Gonna Get to My Heart,Lomez Brown,110.0,03:42
Trouble,Lomez Brown,110.0,03:42
Wildest Dreams,Lonnie Gordon,100.0,03:18
Make My Dreams Come True,Lontalius,104.0,03:30
Don't Leave Me Alone,"Lord Submissive,lxrd rebeliouz",100.0,04:21
In Luv With U,Los Amigos Invisibles,110.0,04:05
Dont Call,Lost Kings,104.0,03:16
UnderCover Lover,LouGotCash,104.0,03:32
Too Young,Louis Tomlinson,100.0,03:49
Im So Glad That Im a Woman,Love Unlimited,119.0,04:01
Second Nature,Lucius,107.0,03:10
Slowmo,Lukas Rieger,115.0,03:22
Gutter,Lunatic Soul,105.0,08:41
Kendall Jenner,Luvvvnomore,119.0,03:19
Buzzin,"Lyrica Anderson,The Game,YG",104.0,03:31
Wani Aba,"M.anifest,Bisa Kdei",100.0,03:40
Pump Up the Volume,M/A/R/R/S,113.0,06:29
Yo Sweetness,MC Hammer,118.0,04:36
Good Guys,MIKA,100.0,03:23
Different Strokes,"MIST,IMRHAN",100.0,03:29
Gangsta Love,MO3,118.0,04:07
Gangsta Love 2,MO3,118.0,04:07
Tough Love,MOE,115.0,03:12
Centerfold,MOTHXR,100.0,04:56
Eastriverstatepark,MOZIAH,110.0,03:48
My Way,MRVZ,115.0,03:39
Hands Off,MUNA,104.0,03:39
The adventures of Al Boo Boo,Mac Dre,100.0,03:44
Deleted,Mackenzie Nicole,112.0,03:37
Hide the Hurt,Macy Gray,118.0,03:35
La Petite Jeune Fille,Madonna,110.0,05:51
Tunnel Vision,Mads Langer,104.0,03:24
Why,"MagSonics,Jonna Hjalmarsson",110.0,03:20
OG Heartthrob,Majid Jordan,100.0,04:28
Cool Party,Mal Blum,116.0,04:17
Kontrol,Maleek Berry,114.0,03:26
Charlie,Mallrat,115.0,03:10
Fencewalk,Mandrill,106.0,05:32
Id Rather Lose,Mandy Moore,113.0,03:45
Astronaut Something About Your Love,Mansionair,106.0,03:22
Ridin,Manu Crooks,108.0,03:45
Water,"Marc E. Bassy,MILLS & RELO",116.0,03:18
Jacket Over Hoodie Over Shirt,Marco Aziel,115.0,03:54
Blitz,Marco XO,105.0,03:56
Midas,"Maribou State,Holly Walker",115.0,03:38
Good Intentions,Marika Hackman,110.0,03:37
No One Can,Marillion,107.0,04:41
Jigsaw,"Marillion,Andy Bradfield,Avril Mackintosh",113.0,06:49
Cruci-Fiction in Space,Marilyn Manson,100.0,04:56
The Ragpickers Dream,Mark Knopfler,111.0,06:12
Parakeet Prison,Mark Kozelek & Jimmy LaValle,100.0,05:10
Paris,Mark Paris,106.0,03:30
Bow Chicka Wow Wow Wow,Mark Williams,106.0,03:17
Jay White,Mark Williams,106.0,03:17
Out Of Goodbyes,"Maroon 5,Lady A",104.0,03:16
Ma Ma Ma,"Marques Houston,Joe Budden,Pied Piper",107.0,04:03
Dancing in the City,Marshall Hain,102.0,03:49
In a Manner of Speaking,Martin Gore,110.0,04:12
Thank You for It All Single Version,Marvin Sapp,102.0,04:24
Im over it now,Marvin Winans,105.0,04:46
Pay Attention To Me,Masaya,115.0,03:39
Smmr 18,MashBeatz,102.0,07:52
Atlas Air,Massive Attack,106.0,07:48
Oh Really?,Masta Artisan,105.0,04:22
Bad Ones,"Matthew Dear,Tegan and Sara",104.0,04:32
We Own the Night,Matthew Morrison,106.0,04:12
Broken Thread,Matthew West,111.0,03:07
Cant Get You Off My Mind,Mattybraps,104.0,04:11
Praise His Holy Name,"Maurice Joshua,The Whispers",102.0,03:45
Janky,Maxo Kream,114.0,03:17
Designer Drug,Mayer Hawthorne,113.0,03:33
Hair and Skin,Mazzy Star,106.0,03:16
Tell Your Honey,Mazzy Star,106.0,03:16
Broken,McLean,100.0,03:35
Tony Story,Meek Mill,108.0,04:30
Motto,"Meek Mill,Wale",101.0,04:00
Never Be,Meg Mac,100.0,04:13
Failure on My Lips,Mel Parsons,106.0,04:14
The Other Side of the Rainbow,Melba Moore,114.0,05:43
We Make Space Live,Melissa Helser,116.0,13:07
House Party,"Melodic House Machine,Drink Bar Chillout Music,Electro Party",119.0,03:21
Live This,"Merkules,Evil Ebenezer",109.0,03:32
Desperate Heart,Michael Bolton,119.0,03:59
The Edge,Michael Card,109.0,05:48
Antonios Song,Michael Franks,110.0,05:06
Billie Jean Original Home Demo 1981,Michael Jackson,117.0,04:54
Circles,Michael Kaneko,100.0,03:28
I Cant Dance,Michael Seyer,100.0,03:34
Zen,Mickey Shiloh,109.0,03:30
Im Not the One,"Midas Hutch,Maribelle,Evil Needle",110.0,04:24
Tweedle Dee Tweedle Dum,Middle Of The Road,112.0,03:11
Long Hard Ride,Midnight Choir,117.0,03:12
Shotgun Suge vs. Mike P,Mike Braxton,114.0,03:24
Down on the River by the Sugar Plant,Mike Doughty,109.0,03:07
Dont Trust,"Mike WiLL Made-It,Juicy J",105.0,03:22
Dionysian State,Mild High Club,111.0,03:04
Losing You,Milky Chance,110.0,04:32
No Diggity Minimatic Remix,Minimatic,116.0,03:31
Automatic,Miquela,100.0,03:31
Khajiit Like to Sneak,Miracle Of Sound,110.0,03:16
How Deep Is Your Love?,Modern Talking,117.0,05:34
The Homosexual,Momus,111.0,04:44
Nana,Monifah,115.0,04:45
Whats On Tonight,Montell Jordan,112.0,04:36
Alien,"Mood Killer,Fraxiom",110.0,03:03
Keep the Faith,"Moon Boots,Nic Hanson",116.0,04:18
Heavens Only Wishful,MorMor,100.0,04:03
See Yourself,"Moreton,James Vincent McMorrow",117.0,04:04
Super Sex,Morphine,110.0,03:53
We'll Let You Know,Morrissey,117.0,05:13
Lightning,Mortimer,116.0,05:09
Tomorrow Aint Promised,"Mozzy,Rexx Life Raj,Boosie Badazz,E MOZZY",113.0,04:00
Out of the Dark,Mr Twin Sister,113.0,03:20
Dear Dinosaur,"Mr Yipadee,Deano Yipadee,Nursery Rhymes",112.0,03:55
The Rainbow Song,Ms. Lauryn Hill,100.0,05:20
Undisclosed Desires,Muse,116.0,03:55
NYC,NIGHT TRAVELER,118.0,04:22
7 Feathers,Nahko And Medicine For The People,102.0,04:31
Ghosts Embodied,Nahko And Medicine For The People,105.0,07:05
Curiosity,Nao,107.0,03:35
Lost,Natalie Prass,119.0,03:10
Who Knows?,Natasha Bedingfield,108.0,03:46
Moonlight Eyes,Nazareth,117.0,03:35
Drink It Up,Negativland,119.0,03:46
Im a Fuck Boy,"Netherfriends,Blake Rules",107.0,03:10
High in the Sky,"Netherfriends,Yomi,Chris Crack",113.0,03:23
Start Over Again,New Hope Club,115.0,03:25
Truth Is,Niko Khale,100.0,04:16
King,Niykee Heaton,112.0,05:22
Explain The Night,Noa,104.0,04:20
Radar,Noah Slee,110.0,03:05
Story,"Noga Erez,ROUSSO",118.0,03:11
The Fox,North Bloom,114.0,03:02
Free If We Want It,Nothing But Thieves,118.0,03:52
Do It To Myself,Nova Miller,110.0,03:13
Were Yung,OSHUN,106.0,03:45
Sour,OSTON,103.0,03:48
Oshea vs Blizzard,OZKI,114.0,05:54
Shorty Gud,Ocean Wisdom,100.0,03:14
Running On A Treadmill,Oingo Boingo,103.0,03:21
Up All Night,Olivia Nelson,109.0,03:51
Streets Raised Me,"Only The Family,Doodie Lo,Booka600",113.0,03:12
Crazy,"Ornette,Nôze",118.0,03:49
Born This Way The Country Road Version,Orville Peck,118.0,04:18
So Real,Oscar and the Wolf,112.0,04:39
Wait,Over the Rhine,111.0,05:34
Los Angeles Be Kind,Owl John,107.0,03:40
Ozuna - Baila Baila Baila Remix ft. Daddy Yankee J Balvin Farruko  Anuel AA English Translation,"Ozuna,Daddy Yankee,J Balvin,Farruko,Anuel AA",100.0,03:55
Never Fade Away,"P.T. Adamczyk,Olga Jankowska",112.0,04:46
Low Battery,PARTYNEXTDOOR,119.0,04:31
Wild Thoughts Reference,PARTYNEXTDOOR,111.0,03:36
The Letter,PJ Harvey,114.0,03:19
Jiborish Blah Blah Blah,PJ Morton,100.0,03:58
More Paper,"Pa Salieu,Eight9FLY",101.0,03:02
The Taming of a Beast,Pain of Salvation,101.0,06:33
Coming Up Easy,Paolo Nutini,114.0,04:18
One Day,Paolo Nutini,112.0,05:06
Tieduprightnow,Parcels,102.0,04:09
Like Me Better,"Parisalexa,Jaz",115.0,03:06
Hope Ft. Faith Evans,Party Tyme,107.0,04:08
Worship The King,Party Tyme,109.0,06:03
Fire And Ice,Pat Benatar,118.0,03:21
Fire and Ice,Pat Benatar,118.0,03:21
Prisoner Of Love,Pat Benatar,118.0,03:08
Feels So Real Wont Let Go,Patrice Rushen,104.0,06:49
When Am I Gonna Find True Love,Patti LaBelle,114.0,04:22
Father And Daughter,Paul Simon,106.0,04:11
Take Me To The Mardi Gras,Paul Simon,102.0,03:30
Stereo,Pavement,109.0,03:07
Of The Girl,Pearl Jam,115.0,05:07
Wait On Me,Pell,110.0,04:06
The Forgotten Child,Pet Shop Boys,110.0,03:33
Lets See Action,Pete Townshend,111.0,06:31
Dance With Me,Peter Brown,109.0,05:19
She Doesn't Need Me Anymore,Peter Cetera,110.0,04:29
The Family And The Fishing Net,Peter Gabriel,110.0,07:07
Never Going Home,Phantogram,108.0,04:34
Look At Me Now,Phil Collins,116.0,03:26
Cathleen,Phil Lynott,109.0,03:34
Off the Wagon,Philippa Hanna,100.0,03:43
Dope Boy,"Philthy Rich,Rexx Life Raj,ALLBLACK",100.0,03:42
Acid Girl,Phoneboy,116.0,03:30
Lie to Me,"Phonte,Eric Roberson",100.0,03:35
What If,Phora,100.0,04:12
Say You Wanna,Pieter T,100.0,03:25
Samael,Pill Friends,105.0,03:29
Across the World,"Pitbull,B.o.B",113.0,03:49
Drink You Pretty,Placebo,116.0,03:53
Ill Be Yours,Placebo,102.0,03:32
Lilith,"Plaid,Bjork,Mason Bee",101.0,04:38
Prisoner of Your Love,Player,105.0,06:25
Flyer Den A Pelican,Plies,119.0,03:03
You Are The Answer,Point Of Grace,106.0,03:51
Futile,Porcupine Tree,112.0,06:03
All My Dreams,Prince,119.0,07:23
Sticky Like Glue,Prince,102.0,04:46
Double Vision,"Prince Royce,Snoop Dogg",100.0,03:30
Undisputed,"Prince,Chuck D",112.0,05:46
Eulogy,Prof,111.0,03:55
Perfume,Prof,110.0,04:23
Heaven For Everyone,Queen,110.0,05:36
Take You Down,R. City,107.0,04:06
Be Honest Remix,"R.LUM.R,Attom",104.0,04:09
Repeating Motion,"RAC,Karl Kling",116.0,04:22
Dont Leave the Light On,"REVOKE,Tom Cantillon",116.0,03:56
More Than A Fool,RIVVRS,110.0,03:16
Want Me Broke,RJMrLA,100.0,03:35
Notice It,RaRa,116.0,03:47
House Of Cards,Radiohead,112.0,05:28
Chunky Monkey,"Ralfy the Plug,Kellz,Drakeo the Ruler",100.0,04:30
I Want You Around,Ramones,118.0,03:04
So Ready,Raphael Saadiq,116.0,04:19
Closer Ode 2 U,Ravyn Lenae,104.0,03:16
Someone Else,Rayless,105.0,03:04
Moved On,"Rayven Justice,Waka Flocka Flame",112.0,04:22
Red Velvet - All Right English Translation,Red Velvet,106.0,03:45
Red Velvet - Knock On Wood English Translation,Red Velvet,106.0,03:45
Red Velvet IRENE  SEULGI - Feel Good English Translation,Red Velvet,106.0,03:45
Better on the Outside,Red Vox,112.0,03:22
Back Again,"Reflection Eternal,Res",105.0,03:25
Avenues,"Refugee Camp All-Stars,Pras,Ky-Mani",104.0,04:18
It's Hard To Say Goodbye,Regine Velasquez,119.0,04:19
INSANITY AMV NEUVOS 2013,ReiVaX,103.0,03:08
Play with Me,Rendezvous At Two,107.0,04:12
Your World,Richard Marx,108.0,05:53
Cant Be Broke,"Rick Ross,Yungeen Ace,Major Nine",107.0,04:13
Fight For You,Rico Love,100.0,03:52
I Wanna Fall In Love Again,Robin Bengtsson,107.0,03:02
Another Heartache,"Rod Stewart,Bob Ezrin,David TIckle",110.0,04:29
Intro Trap Symphony Version,Roddy Ricch,117.0,03:16
Inner City Blues,Rodríguez,119.0,03:26
Having Fun All Wrong,Roger Creager,115.0,04:06
I Know A Girl Called Jonny,Rowland S. Howard,107.0,03:51
Jane,Roy Blair,110.0,03:37
Hey Doll,RuPaul,108.0,03:04
CHINA WYTE,Ruben Slikk,113.0,03:08
Playbill$,Ruby Ibarra,117.0,03:33
Live In Me,Rufus & Chaka Khan,107.0,03:54
Gbese,Runyakitara Anglicans,105.0,04:13
Big Shot,Russell B. Anthony,104.0,03:14
Dreaming,Rylo Rodriguez,116.0,03:22
Incapable,Róisín Murphy,114.0,08:25
Something More,Róisín Murphy,105.0,04:00
Freakin Out,SAFIA,100.0,03:50
Codependence,SAINt JHN,102.0,03:54
Virtus Domum,SAKIMA,115.0,03:03
Just Wanna See,SHAED,117.0,03:43
Give You Up,SIX60,110.0,03:21
Newest Industry,SIX60,110.0,03:21
Lose Lose Lose,SWMRS,112.0,04:00
Green  Gold,SZA,100.0,04:09
Swing My Way,Sabrina Carpenter,107.0,03:06
Sirens,"Sadistik,Wicca Phase Springs Eternal",106.0,03:44
Capital Bra  Samra - Zombie English Translation,"Samra,Nevergreen and Graddus",110.0,04:17
Asleep On The Train,San Fermin,102.0,03:48
Sign Your Name,Sananda Maitreya,109.0,04:36
Who Loves You,Santana,113.0,03:19
Wings Of Grace,Santana,117.0,03:58
Dopamine,Santino Le Saint,106.0,03:21
Satellite Call,Sara Bareilles,105.0,04:50
House on Fire,Sara Phillips,102.0,03:11
Say So,Sara Watkins,110.0,04:08
Sauce Dat Freestyle,"Sauce Walka,Sauce WoodWinnin",112.0,03:58
King of New York,Schoolly D,102.0,04:35
Juice,"Scott Bradlee's Postmodern Jukebox,Mario Jose",106.0,03:48
F. O. M. O.,Scotty Sire,100.0,03:25
Real Girls Get Down On The Floor,Sean Leon,116.0,03:35
Hands to Myself,Selena Gomez,111.0,03:20
Pose Interlude,Selena Gomez,111.0,03:20
The aftermath,Senta The Artist,110.0,03:11
Lucky Day,"Shaggy,Brian & Tony Gold",102.0,03:19
Mad Mad World,"Shaggy,Collie Buddz,Sizzla",100.0,03:51
Waiting for the Day,Shai,107.0,04:45
Bitch to the Boys,Shakatak,110.0,06:27
Good Stuff,Shakira,100.0,03:17
Ride,"Shango,Vader,Mako",116.0,06:27
Power to She,"Shekhinah,Rouge",110.0,03:26
Forever Young,Shona Laing,112.0,03:27
Taken For Granted,Sia,100.0,04:35
Hollywood Tonight Original Version,Singer's Edge Karaoke,114.0,04:32
Kiss the Carpet,Sisters of Mercy,112.0,05:55
Juicy Fruit,Sizzy Rocket,101.0,03:03
I Own America Part I,Slick Rick,103.0,03:09
Impress The Kid,"Slick Rick,S&S",103.0,03:34
Cant Pick Up,Smokepurpp,118.0,03:19
You Dont Know What Its Like,Smokey Robinson,104.0,03:55
Winners,"Smoko Ono,Chance the Rapper,Yxng Bane,Joey Purp",100.0,03:32
Han Solo,"Smug Mang,Black Smurf",100.0,03:15
So Many Pros,Snoop Dogg,117.0,04:06
Parachute,SonReal,114.0,03:24
Long Time,Soraya,116.0,03:27
Big Dawg,Sosamann,117.0,03:28
Circles,Soul Coughing,102.0,03:06
Lets Go Flying,Speed Gang,100.0,03:24
All the Wrong Things,Spence Lee,110.0,04:48
White Collar,Spence Lee,114.0,03:44
Talk,Spencer Sutherland,100.0,03:29
I Want You - You Want Me,Starpoint,114.0,06:59
We Called It Love,Stars,110.0,03:57
CALABASAS,Steely Dan,117.0,03:57
Everything You Did,Steely Dan,113.0,03:55
Crazy Peanuts,Stephen Lynch,106.0,03:08
Go Home,Stevie Wonder,119.0,05:18
I Aint Gonna Stand for It,Stevie Wonder,114.0,04:38
Be Still My Beating Heart,Sting,101.0,05:34
Gangsta Forever,Stitches,110.0,03:03
Down in Flames,Stoney LaRue,113.0,03:52
Brother Louie,Stories,104.0,03:57
Stupido,"Stupid Genius,Tory Lanez",108.0,04:16
Favorite Drug,Styles P,116.0,03:33
Nothing Ever Goes as Planned,Styx,114.0,04:46
Hotel Motel,"Suga Free,DJ Quik,Madd Nation,G.P.",101.0,04:46
I Broke My Arm,Summer Thieves,115.0,03:39
Love Is A Song DFD REMIX,Summer Thieves,104.0,04:03
This Is Not A Feminist Song,Summer Thieves,115.0,03:39
Welcome to Hell,Summer Thieves,115.0,03:39
Let It Go,Summer Walker,113.0,03:11
Goodbye Baltimore The Flute Song,Sunrise Skater Kids,110.0,03:06
Hurry Up,Superfruit,117.0,03:27
Watching the world,Surahn,103.0,03:50
I Need Ya,Survivor,109.0,04:03
The Best Thing,Survivor,109.0,04:03
Honey,Swim Deep,112.0,03:39
Everythings A Miracle,Swimming With Dolphins,116.0,05:41
Blue Bayou,Swiss,102.0,03:36
Innocence Again,Switchfoot,117.0,03:28
No Relationship Advice,Sy Ari Da Kid,102.0,03:31
Lisa Bonet,Sylvan LaCue,102.0,03:46
You Got Me,"T-Pain,Akon",100.0,03:35
After You Cry,"THE ANXIETY,WILLOW,Tyler Cole",103.0,03:33
Aye Muthafucka,TLC,115.0,03:16
Fastlane,"TLE Cinco,Clever",113.0,04:31
Trollsex,"TROLLGUTEN,Maja Helders",114.0,04:18
Someone,TSS,102.0,04:54
Turning Me Cold,"TY,Pieter T",105.0,03:58
This Must Be the Place Naive Melody - Live,Talking Heads,114.0,04:57
Canyons Sunrise Reprise,"Tame Impala,Canyons",102.0,07:45
Do Me Like That,Tammy Rivera,119.0,04:14
I.C.C.Y.M.F.L,"Tanerélle,Neon Phoenix,City James",116.0,04:13
Anxious,Tangina Stone,110.0,03:26
Late Night Snack,Taylor Girlz,118.0,03:06
Macavity,Taylor Swift,115.0,05:11
Lowdown,"Tech N9ne Collabos,Darrein Safron,Tech N9ne,Ubiquitous",100.0,04:50
Hold on Me,"Tech N9ne,Kate Rose",112.0,04:19
Sheets,Tegan and Sara,105.0,03:37
Nobody Else Gonna Get My Love,"Terrell Grice,David Simmons, Jr.,George Lovett,Gene Noble",100.0,04:39
I miss You,Teuira Williams - T'Zar,105.0,04:06
Not this time,The 2 Bears,105.0,03:02
Daybreak Over The Ocean,The Beach Boys,106.0,04:19
Thats Why God Made The Radio,The Beach Boys,114.0,03:20
Holligans Don't Fall In Love,The Beautiful South,108.0,03:35
Rotterdam,The Beautiful South,108.0,03:35
Nothing Comes Free,The Big Hash,109.0,03:04
Explode,The Cardigans,118.0,04:05
Young,The Chainsmokers,103.0,03:44
Every Time You Go Away,"The Chainsmokers,ILLENIUM,Lennon Stella",100.0,03:29
Spill Blood On Fire,The Chills,115.0,03:28
Strangers,The Chills,115.0,03:28
Virus,The Chills,115.0,03:28
Mirror Ball,The Crayon Fields,118.0,03:14
Sleep Tight,The Creepshow,110.0,03:55
The Holy Hour,The Cure,115.0,04:26
Will You Please Be Quiet Please,The Districts,106.0,03:13
"Another Park, Another Sunday",The Doobie Brothers,113.0,04:27
Greenwood Creek,The Doobie Brothers,109.0,03:05
Song To See You Through,The Doobie Brothers,103.0,04:07
There Goes My First Love,The Drifters,118.0,03:02
Hexen Definitive / Strife Knot,The Fall,115.0,06:59
The Spiderbite Song,The Flaming Lips,101.0,04:02
Pretty Girl,"The Flavr Blue,Ymtk",100.0,03:04
Niggas Know,"The Game,Drake",108.0,05:34
Cold Air,The Hics,115.0,03:56
Ride On,The High Kings,119.0,04:17
Christmas Jammies,The Holderness Family,108.0,03:22
Lady Of The Night,The Hollies,106.0,03:34
Rebound,The Human League,110.0,04:00
The Real Thing,The Human League,114.0,04:17
A Simple Design,"The Juan Maclean,Purple Disco Machine",119.0,07:26
The Things We Do For Love,The Karaoke Channel,110.0,03:21
Rut,The Killers,117.0,04:24
Why I Cry,The Magnetic Fields,107.0,03:37
Hang On Sloopy Three verse version,The McCoys,115.0,03:51
Bloody Tears,The Megas,118.0,03:32
Out of Time,The Megas,110.0,04:51
Last Train,The Midnight,110.0,04:22
Take The L,The Motels,115.0,03:42
Lizard Suit,The Mountain Goats,106.0,04:15
Wolf Count,The Mountain Goats,118.0,03:49
Pomme - 1996 English Translation,The Orb,110.0,09:02
Im Doing Fine Now,The Pasadenas,116.0,03:32
Peace Of Mind,The Pilgrim,115.0,04:00
Mouth Pressure,The Pleasure Principle,109.0,03:05
Lullaby Of London,The Pogues,113.0,03:31
Hey Nonny Nonny,The Poxy Boggards,108.0,03:22
Common Free Style,"The RH Factor,Common",104.0,05:57
Cops And Robbers,The Rolling Stones,114.0,03:44
Little Red Rooster,The Rolling Stones,109.0,03:05
Heaven,"The Rolling Stones,Bob Clearmountain",114.0,04:22
Ring of Fire,The SIGIT,110.0,04:33
5 minutes past loneliness,The Sandmen,112.0,03:44
Confessions of a Dopamine Addict,The Smashing Pumpkins,107.0,03:13
Dont Take My Kindness For Weakness,The Soul Children,106.0,03:59
Friends in Low Places 25th Anniversary Edition,The Sounds Of Garth Brooks,111.0,03:51
Someday,The Strokes,106.0,03:03
Doctor Doctor,"The Stupendium,Rustage",100.0,04:43
Time Wont Leave,The Temperance Movement,108.0,03:51
Three Marlenas,The Wallflowers,107.0,04:59
New Girl Toms Song,The Walters,117.0,03:35
30 Days,The Warratahs,103.0,04:26
High notes,The Weeknd,102.0,07:39
Party,The Weeknd,102.0,07:39
Lets See Action,The Who,111.0,03:59
Lost and Found,Theo Katzman,118.0,03:04
Randolph's Tango,"Thin Lizzy,Derek Varnals",113.0,03:53
Heart-Shaped Box,This Wild Life,115.0,03:28
A Brain in a Bottle,Thom Yorke,118.0,04:40
Dont Turn Away,Thomas Dolby,107.0,05:07
Honest,Thousand Foot Krutch,105.0,04:10
The Groundhog Song,Thundamentals,118.0,04:41
Altitude,Tiana Major9,100.0,03:32
Compromised,Tim Atlas,109.0,03:46
Mighty Sound,Tim Be Told,114.0,03:46
Sweet Surrender,Tim Buckley,109.0,06:47
How the Body Falls Apart/Your Lips And Me,Tim Finn,101.0,03:53
Grown Men Dont Cry,Tim McGraw,102.0,03:55
Drug Dealer,"Timbaland,Justin Timberlake",116.0,03:52
You Set My Heart On Fire,Tina Charles,104.0,03:12
Private Dancer,Tina Turner,115.0,07:14
Cut It Out,Tink,100.0,04:10
Go brazy 3,Tink,118.0,03:56
On to the Next One,Tink,117.0,03:18
When It Rains,Tink,110.0,04:36
We Are The Same Susanne,Tobias Forsner,112.0,04:18
The Old Side Of Town,Tom T. Hall,109.0,03:04
As Above So Below,Tom Tom Club,114.0,05:23
Gold,Tommy Newport,100.0,03:14
Take It There,"Tone Stith,Ty Dolla $ign",117.0,04:11
Because Youre Beautiful,Toni Childs,118.0,04:40
261.5,Tony! Toni! Toné!,102.0,04:08
Abnormally Attracted to Sin,Tori Amos,117.0,05:32
Enjoy it now,Tortured Soul,116.0,05:35
10 Times,Tory Lanez,107.0,03:57
4PM in Calabasas,Tory Lanez,105.0,03:46
Dancin,Tory Lanez,105.0,03:46
Enchanted Waterfall,Tory Lanez,105.0,03:46
Hypnotized,Tory Lanez,102.0,03:11
Jerry Sprunger,Tory Lanez,105.0,03:46
Keisha,Tory Lanez,107.0,03:57
Konichiwa,Tory Lanez,105.0,03:46
Look No Further,Tory Lanez,105.0,03:46
Never Was,Tory Lanez,105.0,03:46
Stripclub Las Vegas,Tory Lanez,105.0,03:46
Tory Lanez Freestyles on Flex | Freestyle 162,Tory Lanez,107.0,03:57
Woods,Tory Lanez,105.0,03:46
Award Shows,Touchline,117.0,03:35
Goin' Down To Memphis,Townes Van Zandt,108.0,04:11
It's Ok,Tracy Chapman,112.0,04:00
Closer,Travis,108.0,04:00
Your Last,Tre Coast,100.0,03:17
Love Jones,"Tremaine Trotter,Love Jones",101.0,03:25
Two Times,"Trevor Jackson,Diggy",119.0,03:09
Do It Again,Trevor Something,104.0,03:27
Single Again,"Trina,Lil Wayne,Rick Ross,Plies",111.0,03:01
Who We Are,Tristan Prettyman,108.0,04:19
Valley of the Moon,Turnover,103.0,04:46
Surgery,Two Door Cinema Club,100.0,04:36
Blow Up Your TV,Tyler Cole,105.0,04:25
Money,"Typical Nick,Tate Kobang",115.0,03:55
Leave,Tyrese,113.0,04:54
Waiting on You,Tyrese,113.0,04:54
Desert of Our Love,U2,110.0,04:58
Hallelujah (Here She Comes),U2,108.0,03:59
Peace On Earth,U2,102.0,04:48
Missin U,USHER,117.0,04:09
Pop the Glock,Uffie,112.0,03:30
Logical Progression,Uriah Heep,116.0,03:30
Mistress Of All Time,Uriah Heep,116.0,03:30
Misty Eyes,Uriah Heep,119.0,04:15
The Denied Stone,Vanessa Bell Armstrong,119.0,05:39
Zig Zag Stories,Vanilla Ice,116.0,04:31
All I Wanna Do,Vedo,102.0,03:05
Sober,VeeAlwaysHere,105.0,04:02
We Sell Brown,Versatile,102.0,04:21
All Dressed Up,Veruca Salt,110.0,05:54
Deliverance Is Available,Vicki Yohe,105.0,05:01
Never Alone,Vince Gill,118.0,03:35
We Won't Dance,Vince Gill,106.0,04:37
745,Vince Staples,119.0,03:47
Yeah Right,Vince Staples,118.0,03:08
DUI,Vũ Cát Tường,105.0,03:18
Going Off,Waka Flocka Flame,113.0,03:17
Slippin,Waka Flocka Flame,112.0,04:00
Betrayal,Wang Chung,100.0,04:42
Bang Bang,Warhaus,106.0,04:16
Midnight Dipper,Warmduscher,106.0,03:05
Sunrise Sunset,We Are Trees,119.0,04:44
Queen Of My Heart,Westlife,109.0,04:19
We Are One,Westlife,118.0,03:42
All the Ways,"Wet,Branchez",112.0,03:35
Everything She Wants,Wham!,115.0,05:02
Youll Never Stand Alone,Whitney Houston,104.0,04:20
Take Good Care of My Heart,"Whitney Houston,Jermaine Jackson",112.0,04:15
Gun Shy,Widowspeak,106.0,04:11
Discord Song,Wilbur Soot,105.0,03:59
Your New Boyfriend,Wilbur Soot,105.0,03:59
Paia,Wild Ones,110.0,03:37
Please and Thank You,Wildcat! Wildcat!,114.0,04:39
Here I Go,"Wildflowers,Jason Dering",116.0,03:49
SwaG OD,"Will84,S.W.M",115.0,03:22
Tryin To Love Two,William Bell,107.0,03:27
Love And High,Willjamjam,105.0,03:28
We Can Be Strong,Willy Mason,110.0,03:55
Project Redo,"Winston Surfshirt,Channel Tres",117.0,04:29
To Get To Know You,Winterbourne,100.0,03:15
SPIDERBLOOD,Witchouse 40k,100.0,03:31
Beautiful People,Wiz Khalifa,108.0,03:19
Y U Mad,"Wiz Khalifa,Megan Thee Stallion,Mustard,Ty Dolla $ign",100.0,03:31
Lemons,Woodlock,110.0,03:37
Protect Ya Neck Shao Lin Version,Wu-Tang Clan,102.0,04:38
Switching Gears,Wulf,113.0,03:02
Dont Stay,X Ambassadors,102.0,03:09
Fall Out The Sky,"XV,MIKE SUMMERS",111.0,03:32
Wulf Titan,Xavier Wulf,119.0,03:07
Enemies  Friends,Xzibit,113.0,04:01
Letter From Lucci,YFN Lucci,103.0,04:44
459,YG,100.0,03:33
Bitches Aint Shit,YG,100.0,03:33
Stunna,"YG,Kaliii,Stunna Girl",104.0,03:11
Dont Come to LA,"YG,Sad Boy,AD,Bricc Baby",100.0,03:35
San Francisco,"YOG$,Caroline Pennell",110.0,03:05
BBAF,Yanga Chief,108.0,03:14
Good Times,Yazoo,109.0,04:20
Silly Me,Yeasayer,113.0,03:22
Only in the West,Yeek,117.0,03:16
HillBilly Einstein,Yelawolf,112.0,05:21
The Vanishing of Peter Strong,Yello,108.0,03:16
Weekend,"Yo Gotti,Moneybagg Yo",111.0,03:08
Your Light,Yoe Mase,112.0,05:01
Alwaysness,Yolanda Adams,106.0,05:05
1-4-5,You Won't,102.0,03:29
Inside My Head,Young MC,104.0,07:05
Homies,Young Nudy,111.0,03:05
I Thought,YoungBoy Never Broke Again,112.0,03:25
Bruise,Yumi Zouma,118.0,03:52
Dear Ex,Yungrichway,110.0,03:03
In The End,Yusuf / Cat Stevens,103.0,04:02
Needed Time,Yxng Bane,104.0,03:16
Go Away,Zack Gray,108.0,03:32
Do I Make You Nervous?,Zepet,115.0,03:29
Prologue,Zeph,103.0,03:55
Hey Mr. D.J.,Zhané,101.0,04:12
Paranoia,Zvrg,107.0,04:45
Break My Heart,carpetgarden,110.0,03:57
Dominoes,clipping.,118.0,05:58
Stick to Drawing,conscience,100.0,03:12
Play Good Music at My Funeral,iamnotshane,101.0,03:11
Pretty When U Cry,ieuan,110.0,03:40
Vinyl,"love-sadKID,Forrest.,atlas",115.0,03:26
A Million Miles,mansionz,112.0,05:03
Tortoises All The Way Down,mewithoutYou,107.0,04:33
Jimmy,of Montreal,104.0,03:46
Enderman,"reptilelegit,Minecraft King27",115.0,03:36
Deployed,"sir Was,Little Dragon",108.0,03:58
Numbers,"tobi lou,FARADA",117.0,03:16
Loser 00,✦ pink cig ✦,116.0,03:18
Cool of Lullaby,落日飛車 Sunset Rollercoaster,119.0,05:22
Bass For My Thoughts,070 Shake,100.0,06:55
Hot and Wet Remix,112,102.0,03:13
If I Hit,"112,T.I.",105.0,03:55
Postures Leave Your Body Behind,13th Floor Elevators,111.0,06:17
Banned in the U.S.A.,2 LIVE CREW,116.0,04:24
Check it Out Yall,2 LIVE CREW,102.0,05:03
Naughty,"23 Unofficial,Not3s",108.0,03:23
Couldnt Say Sorry,"24hrs,blackbear",110.0,03:30
If You Want It,2nd II None,107.0,03:46
Dont Worry About How It Looks,"360,Joelistics",100.0,03:41
Steppin To The A.M.,3rd Bass,103.0,04:50
U Know Whats Up,"4*TOWN (From Disney and Pixar’s Turning Red),Jordan Fisher,Finneas O'Connell,Topher Ngo,Grayson Villanueva,Josh Levi",110.0,03:08
Summer Up,"5 Reasons,David Kosteljanetz",105.0,05:05
Wont Stop,"A Certain Ratio,Bernard Sumner",115.0,06:48
People Crying Every Night,A R I Z O N A,100.0,03:41
Sunday Night,A-Reece,107.0,04:51
Pride,ABRA,110.0,05:10
SOMETHINGS UP,ADÉ,117.0,03:47
Road Run,"ALLBLACK,Shoreline Mafia",101.0,03:20
Gentle Earthquakes,AURORA,118.0,03:47
Purge,"Aarne,Lil Keed,Mykko Montana",112.0,03:25
Theifs Theme,Aaron Kamm and the One Drops,111.0,04:57
3:AM,Abhi//Dijon,110.0,04:42
Everything On Me,Abillyon,113.0,03:49
Thanos,"Abstract,Craig McAllister",110.0,03:59
Dont Invest in Me,Adam Melchor,116.0,05:12
Melanin,Afro B,103.0,03:12
Girls,Afroman,100.0,06:01
Palmdale Palmdale Sessions,Afroman,100.0,06:00
If Im Not Your Lover,Al B. Sure!,104.0,04:05
"Dancin', Shaggin' On The Boulevard",Alabama,103.0,04:43
I Told You So,Aldous Harding,119.0,04:00
303-905-5535,"Alec King,Skizzy Mars",100.0,03:14
Comfortable,Alessia Cara,108.0,04:17
You Let Me Down,Alessia Cara,118.0,03:13
Lost My Job,Alex Chilton,116.0,03:09
Majesty,"Alex Cruz,Brascon,Rubenson",117.0,03:52
The Cult Of Lord Jesus H. Christ,Alex G,106.0,03:17
Sweet Afterglow,"Alex Germys,Myah",110.0,03:43
Capping,Alfred Lilyblade,100.0,03:02
Alma Mater,Alice Cooper,108.0,04:26
Mystery Light,Alice on the roof,106.0,03:08
I Want To Thank You,Alicia Myers,112.0,03:49
Breakdown And Cry Lay Down And Die - Goodbye,Alien Sex Fiend,102.0,06:55
These Arms,All-4-One,112.0,05:01
Victory Of Love,Alphaville,119.0,04:17
Duvan,Amason,119.0,03:54
Cinderella,America,113.0,03:57
Born to Lose,American Football,111.0,04:53
Baba,Aminé,113.0,03:09
Alternative 4,Anathema,118.0,05:49
Mind of a Junkie,Anders Osborne,112.0,07:29
The Rain,"Andras,Oscar Key Sung",115.0,03:11
Phat Ass,"Andre Nickatina,Speaker Child",100.0,04:12
Falling For the Beat,Andrew Ripp,105.0,03:19
Remind You,Andy Grammer,105.0,04:27
Im Leaving,Ann Marie,103.0,04:27
Decline,"Ann Marie,Sonta",119.0,03:07
Own2,April + VISTA,115.0,03:37
Culture War,Arcade Fire,106.0,05:23
Contact High,Architecture In Helsinki,116.0,03:38
Ammi Ammi,"Archy Marshall,Jamie Isaac",110.0,03:29
Dont Forget Whose Legs Youre On,Arctic Monkeys,108.0,03:35
Cold,Arizona Zervas,100.0,03:43
FML,Arizona Zervas,100.0,03:43
Who,Arizona Zervas,100.0,03:43
Girlfriend,Ashanti,110.0,03:30
Honey I Love You,Ashford & Simpson,101.0,05:12
Im Good At Leavin,Ashley Monroe,113.0,03:14
Perfect Lie,Ashton Irwin,116.0,04:14
You Me And The Moon,Aston Merrygold,102.0,03:59
Like a Stone,Audioslave,108.0,04:53
Professor Whiskers,Aunty Donna,105.0,03:37
Darken Her Horse,Austra,100.0,05:21
Avarice,Avalanche City,100.0,03:12
Touch Me,Avicii,110.0,03:06
Fuck You,"Aye One,Lowkey",112.0,03:22
One Word,Ayesha Erotica,115.0,04:07
Goodbye,Azizi Gibson,110.0,03:50
Sex Message,Azizi Gibson,105.0,03:40
DOWN,"BAYNK,Golden Vessel,Akurei",117.0,03:14
Donuts In A Lambo,BEEZ,105.0,04:42
Blood on the Asphalt,BIGBABYGUCCI,115.0,03:12
UndergroundLegends,BONES,107.0,04:31
Dust,BROODS,108.0,04:02
No One Else Comes Close,Backstreet Boys,113.0,03:43
For Ya,Bandana Split,100.0,03:14
The Sin Is Near,"Bang Gang,Bloodgroup",118.0,04:36
Dirty Game Remix,"Bankroll Fresh,YFN Lucci",118.0,04:12
Another Man,Barbara Mason,112.0,06:54
You See the Trouble with Me,Barry White,115.0,03:29
Happy Ever After,Bee Gees,115.0,06:17
I Love You Too Much,Bee Gees,105.0,04:27
Were All In This Together,Ben Lee,102.0,04:39
Loose,"Benny Blanco,Spank Rock,Amanda Mallory",100.0,03:33
Drnuk,Berhana,101.0,03:06
Happy Birthday English Christian song,Bernice Offei,112.0,04:44
My Eye On You,Bette Midler,104.0,04:02
Stop Thinking About You,Betty Who,103.0,03:59
Shevanel Take 2,Between The Buried And Me,119.0,03:13
All Who Remain,Beware Of Darkness,108.0,03:44
Dangerously,Beyoncé,100.0,04:53
Mine,"Beyoncé,Drake",103.0,06:18
27,Biffy Clyro,103.0,03:29
Opaque,Biffy Clyro,108.0,04:07
Aint No Stoppin Us Now,Big Daddy Kane,113.0,03:21
French Fries,"Biga*Ranx,Blundetto",112.0,03:14
America,Bill Callahan,107.0,05:33
I Want to Spend the Night,Bill Withers,105.0,03:41
La de da de da de da de day oh,Bill Wurtz,104.0,03:10
Slipping Away Original Mix,Billie Eilish,105.0,03:30
Big Man on Mulberry Street,Billy Joel,114.0,05:27
Isobel,Björk,100.0,05:47
Show Me,Black Atlass,108.0,03:25
Flava,"Black Coffee,Tellaman,Una Rams",100.0,04:29
Be Free,Black Eyed Peas,113.0,04:06
If You Want Love,Black Eyed Peas,110.0,04:55
Sumthin for That Ass,Black Eyed Peas,106.0,03:51
FEEL THE BEAT,"Black Eyed Peas,Maluma",105.0,03:57
Own Ting,"Black Josh,Lee Scott,Sniff,ELIZA,Jesse James Solomon",119.0,03:43
Hate That You Know Me,Bleachers,109.0,03:05
Bacall,Blue Noir,104.0,04:06
I Can Tell,Bo Diddley,118.0,04:27
Hands To Hold,Bob Moses,113.0,07:34
Desensitized,Bobby Raps,114.0,03:39
Im Missing You,Bobby Tinsley,116.0,04:18
Never Leave You My Angel,Bobby V.,111.0,04:45
Bel Ami,Boney M.,109.0,03:10
Going Back West,Boney M.,119.0,03:09
Real Man,Bonnie Raitt,108.0,04:27
Blackman in Effect,Boogie Down Productions,101.0,04:40
Kurt Vonnegut,Born Ruffians,111.0,04:03
I Dig You,Boss Hog,113.0,03:14
Like Me,"Boy & Bear,annie hamilton",113.0,05:05
The Crying Game,Boy George,100.0,03:22
Never,Boyz II Men,110.0,04:48
Beauty School Dropout,"Boyz II Men,Grease Live Cast",112.0,03:52
Underneath,Brandyn Burnette,108.0,03:35
July,"Breathe Carolina,FRND",115.0,03:24
I Still Believe,Brenda K. Starr,118.0,03:52
In the Grey,Bridget Kelly,112.0,03:17
Breathe On Me,Britney Spears,112.0,03:43
Adrenaline,Brooke Williams,100.0,03:26
Fresh Air,Brother Ali,108.0,04:42
I Wanna Marry You,Bruce Springsteen,110.0,03:26
Take Me Back,Bryan Adams,111.0,04:41
Overtime,Bryson Tiller,106.0,03:38
Gotta Have It,Burna Bandz,100.0,04:01
Hallelujah,Burna Boy,102.0,04:53
Hem of Your Garment,CAKE,119.0,03:35
Rock 'n' Roll Lifestyle,CAKE,118.0,04:14
Inspector Royale,CG5,104.0,03:09
Would You Be My Baby,CHIC,108.0,03:34
Mansa Musa,"Calid B.,Cheri Soul,Limitless Soundz,Sleepybrotha",109.0,03:18
Youre mine,CalledOut Music,104.0,03:39
Confessions,"Cam'ron,Mase",100.0,04:01
Shes Strange,Cameo,109.0,07:11
Janina,Capture,100.0,03:10
2:24,Car Seat Headrest,115.0,05:04
Deadlines Thoughtful,Car Seat Headrest,115.0,05:51
Drunk Drivers/Killer Whales,Car Seat Headrest,117.0,06:14
Golden Years,Car Seat Headrest,102.0,04:34
Times to Die 2012 Version,Car Seat Headrest,115.0,05:04
For a Little,"Carda,SØPHIA",114.0,03:09
Shes A Bad Mama Jama Shes Built Shes Stacked,Carl Carlton,114.0,03:55
Why Did You Lie?,Carlie Hanson,110.0,03:03
We Dont Talk About Bruno Oscars Cover,"Carolina Gaitán - La Gaita,Mauro Castillo,Adassa,Rhenzy Feliz,Diane Guerrero,Stephanie Beatriz,Encanto - Cast",103.0,03:36
Im Hip,Cash Kidd,105.0,05:01
Soul Snatcher,"Cash Kidd,Jaiswan",100.0,04:02
Cooking In Da Kitchen,"Cassper Nyovest,The Game",100.0,04:04
4 Tha Scrilla,"Celly Cel,E-40,B-Legit",100.0,04:11
97 Avalon,Charlie Burg,110.0,06:04
Sex to Me,Charlotte Cardin,102.0,03:36
Im So Sorry,Chase Anthony,106.0,03:50
Good,Che Ecru,111.0,03:05
Gonna Raise Hell,Cheap Trick,116.0,09:20
Three Words Away,Chelsea Cutler,102.0,03:23
You Are Losing Me,Chelsea Cutler,100.0,03:27
I Found You Love (With Greg Allman),Cher,108.0,03:59
If I Could,Cher,108.0,03:59
Let This Be A Lesson To You,Cher,105.0,03:16
Riot,Cher,108.0,03:59
Working Girl,Cher,116.0,03:58
That Boi,Cherish,103.0,04:22
Unsure,Chloe Gilligan,100.0,03:04
Ballin,Chris Brown,116.0,04:25
'Disco' La Passione,Chris Rea,110.0,04:03
Because Of You,Chris Rea,104.0,03:34
It's Over,Chris Rea,110.0,04:03
Only With You,Chris Rea,113.0,03:44
Shirley Do You Own A Ferrari?,Chris Rea,110.0,04:03
Perchin,Chris Travis,117.0,03:35
Like I Do,"Christina Aguilera,GoldLink",106.0,04:49
Like Me,"Christina Milian,Snoop Dogg",101.0,03:51
Safe and Holy,Christine and the Queens,116.0,04:07
The walker,Christine and the Queens,107.0,04:16
One Knight,Christopher Wilbourn,118.0,03:26
On the Wall,Chromatics,102.0,08:21
Stuck on You,Ciara,100.0,04:10
Alive,Cimorelli,106.0,04:19
Heartbreak Station,Cinderella,115.0,04:28
Battle My Love,Circa Survive,112.0,03:34
Paradise,City and Colour,119.0,03:38
It's Alright Now,Cliff Richard,110.0,03:51
Lucille,Cliff Richard,113.0,03:39
Half Way Up,Clint Black,117.0,03:57
Trust,"Cloud Mac,Nodfather",103.0,04:42
Im Not the Devil,Cody Jinks,118.0,03:35
Back To You,Cody Simpson,115.0,03:36
Dont Turn Back,Colby O'Donis,110.0,04:07
Aww Man,"Coldheartedsavage,Rylo Rodriguez,Lil Quill,Yung Mal",115.0,03:20
Big Iron,Colter Wall,113.0,04:24
Desert Island Questionnaire,Conor Oberst,112.0,05:40
House On Old Lonesome Road,Conway Twitty,106.0,03:45
Only Takes A Night,Conway Twitty,103.0,03:24
Kind of Freak,Cool Company,104.0,03:45
Gettin Down on the Mountain,Corb Lund,107.0,03:28
Rye Whiskey/Time To Switch To Whiskey,Corb Lund,107.0,03:28
Sun Comes Up Its Tuesday Morning,Cowboy Junkies,106.0,03:56
White Room,Cream,110.0,04:58
Alive,"Croosh,Matt Burton",114.0,03:26
Oh What a Feeling,Crowbar,118.0,04:19
Fingers Of Love,Crowded House,111.0,04:25
Big Star,Current Joys,107.0,03:22
Little Child Runnin Wild,Curtis Mayfield,111.0,05:26
Faux Fur,Cyrus,105.0,03:12
Dweet Now,D1 Optimum,102.0,03:37
ThruYa,DAT ADAM,102.0,03:29
Things are fixin to get real good,DERYL DODD,110.0,03:28
Finer Things,"DJ Felli Fel,Kanye West,Jermaine Dupri,Fabolous,Ne-Yo",101.0,04:12
Tr3nd1ng T0p1c,DJ IC,117.0,06:33
Youz a Ganxta,DJ Quik,102.0,04:21
Give Me Honey,DOPE LEMON,107.0,03:38
Hey You,DOPE LEMON,103.0,04:38
Sympathy,"Daley,Swindle",100.0,03:50
Waking up with You,Daniel De Bourg,100.0,03:56
Temptations,Daniel Di Angelo,103.0,03:11
Tell Me,Danity Kane,105.0,03:39
Blame It All On Me,Danrell,100.0,03:26
Trill,Dappy,110.0,03:47
Wont,Darci,108.0,03:06
In Some Shit Part 1,Dave,117.0,03:02
When the Wind Blows,David Bowie,106.0,03:34
Silver Lady,David Soul,111.0,03:44
Expo 86,Death Cab for Cutie,105.0,04:11
Say Ahhh...,Deee-Lite,104.0,04:10
Splash,Deep Ends,100.0,03:35
Melon Cake,Demi Lovato,110.0,03:32
Freelove,Depeche Mode,103.0,06:10
Nothings Impossible,Depeche Mode,110.0,04:21
Stories Of Old,Depeche Mode,115.0,03:14
632-5792,Destiny's Child,116.0,04:28
Blue Eyes,Destroyer,112.0,04:07
It's Your Move,Diana Ross,117.0,03:35
Can't Buy Me Love,Diana Ross & The Supremes,107.0,03:31
Quiet Times,Dido,110.0,03:17
For Corners,"Digable Planets,Monica Payne,Sulaiman",100.0,07:02
Fear the Fever,Digital Daggers,110.0,03:48
Sober,"Dillistone,Yellow",116.0,03:23
Millionaire Blues,Dire Straits,110.0,04:23
Break-Thru,Dirty Projectors,104.0,03:47
Moog for Love,"Disclosure,Al Green",105.0,03:15
Masterpiece,"Disclosure,Jordan Rakei",110.0,04:01
LOONA - PTT Paint The Town English Translation,Doja Cat,100.0,03:51
Say So Jax Jones Midnight Snack Remix,Doja Cat,100.0,03:51
The End Of The Innocence,Don Henley,117.0,05:15
You Can't Make Love,Don Henley,107.0,03:33
Let Me,"Donae'o,Young T & Bugsey,Belly Squad",105.0,04:00
What I Do,Donald Fagen,107.0,06:00
You Burned Me,Donna Missal,102.0,03:41
Eyes,Donna Summer,112.0,04:47
Perfect,Doria Roberts,103.0,04:13
Weve Come A Long Way,Dorothy Norwood,106.0,04:24
Maria,Double A-Ron,100.0,03:21
Death  Birth Freestyle,Dr. Reknaw,108.0,03:16
Dewey Knitwell,Dr. Reknaw,112.0,04:09
Snickers Or Reeses Pick Up The Pieces,Dr. Reknaw,112.0,04:09
You Know You Know,Drake,114.0,04:35
Its Regular,Drakeo the Ruler,101.0,04:22
Cold Man,Drax Project,116.0,04:36
Pain  Depression,Drax Project,116.0,04:36
Crawling,Dream State,105.0,03:32
Dont Be A Fool,Dreamer Boy,115.0,03:26
Pimp of the Year,Dru Down,101.0,04:14
These Are The Times,Dru Hill,110.0,04:08
There Once Was a Pirate,Duncan Sheik,115.0,03:20
A Matter of Feeling,Duran Duran,104.0,05:57
Whip It Up,"E-40,Gucci Mane,Yv",103.0,03:16
A Place Where We Belong,"EB 4010,Hori Shaw,KRUZI",118.0,03:44
Heartache Tonight,Eagles,113.0,04:25
Snuff Out The Light Yzmas Song,Eartha Kitt,101.0,03:37
Hands  Feet,"Ecclesia,Andrew Padilla",118.0,04:12
Higher Places,"Ecclesia,Sarah Elkins",100.0,03:33
Graves,Echos,106.0,03:10
The Room at the Top of the Stairs,Eddie Rabbitt,108.0,03:39
Charge,Elbow,104.0,05:16
Let Go,Elderbrook,118.0,04:01
Dear to Me,Electric Guest,118.0,04:01
Big Deal,Eli Sostre,115.0,05:54
Birds Chirping,Eli Sostre,118.0,03:31
Mother Dont Cry,Ella Vos,103.0,04:00
The Valley,Ellie Holcomb,100.0,03:48
Slave,Elton John,118.0,04:22
Fooled Around and Fell in Love,Elvin Bishop,113.0,04:36
Joe Porterhouse,Elvis Costello & The Attractions,103.0,03:29
New Lace Sleeves,Elvis Costello & The Attractions,109.0,03:46
Two Little Hitlers,Elvis Costello & The Attractions,114.0,03:13
The Kids Unreleased Demo,Eminem,107.0,04:24
Say What You Say,"Eminem,Dr. Dre",113.0,05:09
Shadows of My Name,Emma Ruth Rundle,109.0,03:30
Pancho  Lefty,Emmylou Harris,117.0,04:49
My People,Emtee,108.0,04:46
Because Our Love Is Real,Erasure,105.0,03:39
Crown Of Thorns,Erasure,100.0,03:59
Cant Let You Do It,Eric Clapton,100.0,03:50
Waterloo Sunset,Ethan Hawke,106.0,03:35
Regrets,"Eurythmics,Annie Lennox,Dave Stewart",118.0,04:43
The Thought Of You,"Eurythmics,Annie Lennox,Dave Stewart",106.0,04:35
Charlie,Everyone You Know,108.0,03:17
Troubled Mind,Everything But The Girl,102.0,03:34
Complicated,Eves Karydas,109.0,03:17
I Cant Keep You,Ex:Re,113.0,04:17
Last Hour,Extreme,103.0,05:37
Watch You Go By,Ezra Furman,105.0,04:09
Chicago Legends,FBG Duck,114.0,03:06
Who Stole the Pebble,FU-Schnickens,106.0,03:33
Lady Shave,Fad Gadget,111.0,05:41
Best Man,Faith Evans,101.0,04:35
Big Momma Thang Original 2Pac  Faith Evans Diss,Faith Evans,101.0,04:35
No Time For It,Fantasia,101.0,03:25
Law Of Life,Farah,105.0,07:25
Highway to Hell,Father,113.0,03:11
Structured,Fewjar,112.0,04:13
So Fly,Fieh,105.0,04:59
Tymps The Sick in the Head Song,Fiona Apple,110.0,04:03
Never Win,Fischerspooner,112.0,03:59
With You,"Flight Facilities,GROSVENOR",116.0,03:40
No Option,Flipp Dinero,113.0,03:49
Ms. Stress,Floetry,113.0,03:52
Dont wanna talk about my feelings,Foley,105.0,03:43
Cadillac,Foster The People,106.0,03:50
Cherish,Four Tops,113.0,03:11
When She Was My Girl,Four Tops,100.0,03:26
Go Down Together,Foxing,114.0,03:15
Stitches And Burns,Fra Lippo Lippi,118.0,04:21
Cornbread,Freestyle Fellowship,105.0,04:20
Doo Be Doo,Freshlyground,104.0,05:11
Pala,Friendly Fires,113.0,04:00
Argument,Fugazi,104.0,04:27
News or Something,Future,110.0,03:33
Love Is Tears,GENTS,109.0,04:10
Sorry In Advance,GRAACE,104.0,03:54
Valentine,GV Honcho,114.0,04:13
Number On My Phone,Gabriella Whited,100.0,03:44
Dance,Gary Numan,105.0,04:56
Dead Heaven,Gary Numan,100.0,05:23
The 1930's Rust,Gary Numan,116.0,03:55
Playing the Game,Gentle Giant,109.0,06:45
Round Here,George Michael,103.0,05:55
Everytime You Throw Dirt On Her (You Lose A Little Ground),George Strait,111.0,03:20
Lonesome Rodeo Cowboy,George Strait,112.0,04:25
Merry Chistmas Strait To You,George Strait,111.0,03:20
Destinations,Gesaffelstein,102.0,03:36
Darkside Freestyle,Ghetts,102.0,04:44
DeadCelebs,Ghostemane,109.0,03:19
Cant Get You Out of My Mind,Gilbert O'Sullivan,105.0,03:24
Sex,"Ginuwine,Solé",106.0,03:50
Best Ecver,Girl Pusher,105.0,03:58
"Hello Twelve, Hello Thirteen, Hello Love",Glee Cast,111.0,03:01
Held,Gleemer,105.0,03:39
I Will Survive,Gloria Gaynor,116.0,03:18
No Lie,Glowie,106.0,03:58
Ultimate Syndrome,"Gnucci,Tami T",100.0,04:06
Everythings For Sale,"Godfather of Harlem,Belly,G Herbo,Wale",115.0,03:29
Friday,Goldspot,118.0,04:47
East Of Midnight,Gordon Lightfoot,109.0,03:57
Stay Loose,Gordon Lightfoot,109.0,03:57
Talk Good,Grace VanderWaal,102.0,03:01
Time Machine,Grand Funk Railroad,111.0,03:43
Miner at the Dial-a-View,Grandaddy,110.0,05:21
Way We Wont,Grandaddy,114.0,04:21
Jesse,"Grandmaster Flash,Grandmaster Melle Mel,The Furious Five",109.0,05:08
Dancing In The Street,Grateful Dead,114.0,16:31
Row Jimmy,Grateful Dead,105.0,11:14
Say It Again,Griff,105.0,03:36
Philanthropy,"Groundhog Day The Musical Company,Tim Minchin",105.0,05:02
Bucket List,Gucci Mane,101.0,03:29
Walk the River,Guillemots,112.0,05:08
Cash War,Gunna,108.0,03:15
POW,"Gunna,Drake",119.0,03:13
My Heart,"Guy Gerber,Diddy",116.0,06:34
Between The Lines,"Gwen Bunn,Faith Evans",104.0,03:43
Lucy,"Gyyps,Felly",118.0,03:48
Shoot Em Up,H-Town,119.0,04:51
Racks,"H.E.R.,Cordae",115.0,03:41
More Like You,Hazel English,118.0,04:15
Winse,"Healy,YOG$",106.0,04:16
White Lightning And Wine,Heart,117.0,03:53
Sleepy Joe,Herman's Hermits,103.0,03:11
Keep You Kimi,"Hird,Yukimi Nagano",110.0,06:28
Try Everything,Home Free,116.0,03:17
Girls It Aint Easy,Honey Cone,112.0,03:14
Wasting All My Time,Hoodie Allen,100.0,03:04
Every 1s a Winner,Hot Chocolate,108.0,04:49
Valentines Part 2 POPISCOVILLE,Hot Toddy,110.0,06:33
Lately,"House Party,Fetty Wap",110.0,03:49
Peasants,Houses,103.0,06:19
Indian Summer,How Sad,105.0,04:38
Landmine,I Know Leopard,112.0,03:43
Goodbye Sun,I Monster,100.0,04:12
High Rollers,ICE-T,101.0,04:36
Im Your Pusher/Pusherman,ICE-T,108.0,05:35
Tuff Baby,Iggy Pop,118.0,04:27
Friction,Imagine Dragons,104.0,03:21
How Bad Can a Good Girl Be,Imelda May,116.0,03:27
Angel,Inc.,106.0,03:59
Ninety Six Hours,Indiana,102.0,03:06
Perfect World,Indigo Girls,111.0,03:34
Porcelain Fists,Ingrid and the Ministers,116.0,04:21
Jawbreaker,"Injury Reserve,Rico Nasty,Pro Teens",111.0,03:28
Ghetto Zone,Insane Clown Posse,114.0,06:00
Mind Over Time,Interpol,109.0,04:48
Its All on me,Irwin Myers,110.0,03:57
Life,Isam B,104.0,03:28
Simply Falling,Iyeoka,112.0,03:58
Faded,Izzy Bizu,107.0,03:30
Gorgeous,Izzy Bizu,106.0,03:20
Northside Killers,"J Swey,Azide,Bromar",111.0,03:36
Close Your Eyes,J-Soul,114.0,03:35
​h u n g e r . o n . h i l l s i d e,J. Cole,100.0,04:52
Shes All I Got,J. Cozier,100.0,03:31
Sweet One,JAY1,106.0,03:37
BANDZ,"JAYZO685,LEWIS ON DA TRACK",100.0,04:03
Lies,"JG,Caskey",110.0,03:04
When the Darkness Comes,JP Cooper,103.0,04:02
I Miss You,JP Saxe,110.0,03:37
Honeymoon,"Jabberwocky,Tessa B",117.0,04:01
Pressure,Jackboy,114.0,03:28
Rollin,"Jackie Chain,Big Sean,Kid Cudi",114.0,07:21
Kids on the Corner,Jacob Banks,105.0,03:25
Kunyaq / Cuñaq English translation,Jacob Groening,100.0,06:16
Nothing Is Impossible,Jah Cure,104.0,03:25
Virgin,Jah Vinci,118.0,03:52
September,James Arthur,103.0,03:40
Boys  Girls,James TW,110.0,03:23
Miracle of Love,Jamie Lawson,103.0,04:28
Living In Limbo,Jane Birkin,118.0,04:19
Dirty Computer,Janelle Monáe,115.0,03:14
Take a Byte,Janelle Monáe,103.0,04:07
Go Deep,Janet Jackson,102.0,04:42
We Could Be Better,Janine,113.0,03:59
Good Mother,Jann Arden,106.0,04:58
Godzilla,"Jarren Benton,B.o.B,Oba Rowland",119.0,03:35
Todays My Day,Jarv,104.0,04:56
From Auschwitz To Ipswich,Jarvis Cocker,119.0,03:51
My Kind,Jason Mraz,113.0,04:56
I Got This,Jay Park,103.0,03:46
Where You Belong,"Jay Prince,Jordan Rakei",110.0,03:55
Tiff,"Jay Samson,Samson Squad,Stallyano",105.0,03:09
Allo Allo,Jaylann,100.0,03:38
Tales,Jazz Cartier,108.0,03:22
Snow Season,Jeezy,102.0,03:24
Strip Club,"Jeezy,Shawty Redd",100.0,04:10
Getting Better All the Time,Jeffrey Osborne,103.0,04:44
Mile In These Shoes,Jennifer Lopez,119.0,03:16
I Did,"Jeremih,Feather",110.0,04:06
Heavy,Jeremy Zucker,102.0,03:12
Vegetables,"Jesse Boykins III,Syd,WILLOW",116.0,04:07
Nice  Slow,Jesse Green,111.0,03:04
April Flowers,Jesse Jo Stark,100.0,03:43
Illusion of You,Jihae,100.0,04:02
Imagination Crown Royale Suite,Jill Scott,100.0,03:51
The Thickness,Jill Scott,100.0,03:51
So Good to Me,"Jimmy \Bo\"" Horne""",114.0,03:36
This Time,JoJo,102.0,03:28
Til Kingdom Come,"Joanne Cash,for KING & COUNTRY",100.0,04:15
JODECI BABYBWOY,Jodeci,112.0,05:02
Somebody Gotta Be on Top,Joe,118.0,04:11
Breaking Us in Two,Joe Jackson,109.0,04:50
Helen of Troy,John Cale,100.0,04:19
Is He Strange,John Grant,115.0,05:17
Sugar Lump,John Martyn,109.0,03:39
Don't Lose Any Sleep,John Waite,105.0,03:47
Missing Me,John Waite,105.0,04:29
Rowboat,Johnny Cash,119.0,03:44
Linden lea,Johnny Flynn,105.0,03:32
I Want Your Heart,Jon Thurlow,103.0,03:52
Hesitate,Jonas Brothers,118.0,03:28
You Wouldnt Know,"Jonathan Coulton,Ellen McLain",118.0,03:17
Cool Runnings,"Jonwayne,Zeroh",117.0,03:53
Chess,"Joon Moon,Opium Factory",104.0,03:03
Exam Time,Jordindian,112.0,04:11
Do You Think About Me,Josefine,108.0,03:46
Feelings,Josephina,102.0,03:02
In the Blank Space,"Josin,Roosevelt",110.0,06:13
Smoking On That Loud Pack,"JuCity,NajWalk",117.0,03:31
ODoyle Rules,Judah Kelley,115.0,03:38
Leadlight,Julia Jacklin,111.0,03:42
Mad Tea Party,"Julien Dyne,Ladi6,Lord Echo",118.0,03:57
Give You Love,"Juls,L.A.X",100.0,03:54
Pronto,"July 7,Jalen Santoy",101.0,03:45
Ex-Ample,K. Forest,105.0,03:48
Time for You,K.Flay,110.0,04:05
Take Me To The Moon,"Kadebostany,Valeria Stoica",113.0,03:12
Do a Bitch Rico Nasty Remix,"Kaliii,Rico Nasty",112.0,03:18
Twitter Poetry,Kanye West,110.0,03:35
Violent Nights Demo,Kanye West,110.0,03:35
Alone,Katastro,113.0,03:38
Take It How You Wanna,Katchafire,101.0,04:57
Life in Pink,Kate Nash,110.0,04:15
Hackensack MTV Unplugged,Katy Perry,117.0,03:01
Never Let You Go,Keenan Te,115.0,03:22
Love Of My Life,Keith Martin,112.0,04:17
Something Just Aint Right,Keith Sweat,106.0,05:15
There You Go Tellin Me No Again,Keith Sweat,112.0,05:09
If You Wanna Stay,Keith Urban,110.0,04:29
Mirror Mirror,Kelly Price,100.0,03:47
All The Stars Album Version,Kendrick Lamar,101.0,04:34
Compton State of Mind,Kendrick Lamar,101.0,04:34
French Kissing Life,Kenny Chesney,118.0,04:02
No Shoes No Shirt No Problems,Kenny Chesney,118.0,03:29
Hard Man to Love,Kevin Fowler,114.0,04:02
Precious,Kevin Garrett,117.0,04:27
Fuckin Right,Kevin Gates,109.0,03:18
Type of Girl,"Kevin Gates,Kosa",100.0,04:13
Remember Part 2,Keyshia Cole,111.0,04:59
You Got This,Keyshia Cole,117.0,04:15
Do This My Way,Kid 'N Play,115.0,04:47
Latin Kings,Kid Frost,107.0,03:29
Thats On You,Kid Ink,105.0,03:30
Hotel,"Kid Ink,Chris Brown",103.0,03:38
Gassed Up,"Kid Ink,Fetty Wap",103.0,03:44
Small Talk,Kid Quill,100.0,04:03
Im Still Here Jims Theme,Kids R Us Band,111.0,04:08
Birds,Kiki,115.0,03:18
This Test Is Your Storm,Killa Knox,114.0,07:56
Skeletons,Kilo Jugg,119.0,03:49
New Day,Kimie Miner,105.0,03:26
Jolly Sailor Bold,"KinKai,Meron T,Origamik",105.0,05:02
Texas Cups Cali Blunts,"King Lil G,Bun B",117.0,03:02
No Flaws,King Von,100.0,03:08
Still (In Control),"Kirk Franklin,Doug Williams,Melvin Williams",108.0,05:12
Good To Go,Klangkarussell,119.0,04:21
Yonder,Klone,110.0,07:32
Purp,Kodak Black,112.0,04:00
Now is the Time,Kora,110.0,04:27
Rely on Me,Kora,110.0,04:27
Silly Girls,Kora,113.0,05:16
Steak and Black Onions,Kora,110.0,04:27
Without You,"Kranium,Queen Naija",105.0,03:25
Not Everyone Knows,"Kris Kristofferson,Rita Coolidge",117.0,03:07
Hysteria,Kurt Vile,106.0,05:22
Learn How to Use It,"Kyddiekafka,Foreign Forest",104.0,03:04
Everything Is Beautiful,Kylie Minogue,100.0,03:25
Naked,"L Devine,INDIIA",105.0,03:37
Take It to the Top,LEISURE,103.0,04:32
Western World,"LION BABE,Raekwon",104.0,04:13
Scripted Reality,LOVA,107.0,03:05
Down,Ladi6,102.0,03:10
Holy Water,Ladi6,102.0,03:10
Im here ft. UNIT,Ladi6,102.0,03:10
LIFE IS PUKE 20000 1995 DEMO,Ladi6,102.0,03:10
Like A G6 Remix by 50 Cent,Ladi6,102.0,03:10
Sexy Ladee,Ladi6,102.0,03:10
Hair Body Face,Lady Gaga,115.0,03:22
Superstar,Lady Gaga,100.0,03:31
Saving All My Sinning,Lake Street Dive,100.0,03:43
Dont,Larkin Poe,113.0,03:04
White Christmas,LeAnn Rimes,100.0,03:43
Vision Of You,Lea Salonga,100.0,04:42
The International Zone Coaster,Leaders of the New School,116.0,05:05
Inspection Check One,Leftfield,100.0,06:29
Sweet Bod Demo,Lemon Demon,110.0,04:10
Hunk of Heaven,Lemuria,104.0,04:22
Big Tires,Lenny Cooper,119.0,03:35
'til You Come Back To Me,Leo Sayer,107.0,04:09
Trust Me,Lil Gotit,104.0,03:41
Tighten Up,Lil Keed,107.0,03:59
16 Lines,Lil Peep,106.0,04:04
Bring Out the Freak in You,Lil Rob,110.0,03:49
Fires  Desires,Lil Simia,116.0,03:59
COLLAPSE AND APPEAR,Lil Ugly Mane,116.0,06:49
LEAN GOT ME FUCKED UP,Lil Ugly Mane,105.0,04:12
I Think I Love Her,"Lil Wayne,Bobby V.,Kidd Kidd",112.0,04:46
Grindin,"Lil Wayne,Drake",104.0,05:06
Im In Love,Lillo Thomas,114.0,04:42
I Think It's Gonna Work Out Fine,"Linda Ronstadt,James Taylor",104.0,04:01
Dialate Xero Demo,Linkin Park,106.0,03:24
Go Your Own Way,Lissie,114.0,03:34
Go West,Liz Phair,102.0,03:17
Half Of Everything,Lloyd Cole,108.0,07:03
Mystic Lady,Lloyd Cole,109.0,03:03
Bloodline,Locksmith,116.0,03:11
Metropolis Commentary Version,"Logic1000,Rochelle Jordan",114.0,03:28
Eagle,Lomez Brown,110.0,03:42
Lover,Lomez Brown,110.0,03:42
My Life,Lomez Brown,110.0,03:42
Kick In The Head,Lontalius,118.0,03:10
Flow On New Symphony,Lords Of The Underground,107.0,04:24
River of Forgetfulness,Lostboycrow,100.0,04:37
Zanna,"Luc Van Acker,Anna Domino",105.0,03:09
Taxman,Lucky Dube,107.0,04:35
Forever Half Mast,Lucy Dacus,110.0,04:02
Priceless,Lud Foe,107.0,04:38
If I Was The One,Luther Vandross,112.0,04:19
Material Things,"Lyrica Anderson,Wiz Khalifa",107.0,03:17
Free,M. Scorgie,100.0,03:44
Backhouse Bounce,MANILA GREY,114.0,03:20
Life Is Strange,MARINA,116.0,03:16
Crime Story,MC Hammer,118.0,05:09
Pump It Up Heres the News,MC Hammer,116.0,04:34
Indictments,"MO3,Boosie Badazz",114.0,04:12
Benediction,"MOKOMOKAI,The Hongi Slicker",115.0,04:24
Roses,MacKenzie Bourg,118.0,04:36
Shoot To Kill,Mad Lion,100.0,03:38
No Words,Madeline Juno,110.0,03:42
Song in My Head,Madison Cunningham,119.0,04:40
American Life,Madonna,102.0,04:57
Light On,Maggie Rogers,102.0,03:53
Stop The Breaks,Magic In Threes,115.0,05:21
The Bizness,"Major League Djz,Elaine,Yumbs",113.0,05:52
Mood,Majoreking,108.0,03:53
Should I Try,Malena Zavala,115.0,03:35
Say It,"Malz Monday,Kota the Friend",100.0,03:35
Jump Around The Room,Mamdoffical,100.0,03:02
Numb,Mani Orrason,102.0,03:57
Blue Pill,Marc Goone,119.0,03:45
My Puss,Margaret Cho,100.0,03:26
Emotions and Math,Margaret Glaspy,109.0,03:17
If Only,Maria Taylor,115.0,05:00
Cool On You 2007,Mariah Carey,100.0,03:11
Dreamlover,Mariah Carey,101.0,03:53
One Mo Gen,Mariah Carey,110.0,03:25
There for Me,Mariah Carey,112.0,04:14
Your Ghost,Marianas Trench,116.0,03:40
Hope For The Future,Marillion,104.0,05:10
You Were The One,Mario Jose,115.0,03:19
Boom,"Mario,JUVENILE",105.0,04:06
Park East Teacher Testimonial,Marissa M,104.0,03:32
Molino,Mark Johns,119.0,03:38
Dont Forget Me,Mark Lanegan,110.0,03:13
Goodbye to Beauty,Mark Lanegan,103.0,03:15
Uptown Funk Trinidad James Remix,"Mark Ronson,Bruno Mars,Trinidad James",115.0,04:22
Thinkin Bout You Remix,Marlon Williams,107.0,03:16
Thank You for It All,Marvin Sapp,102.0,04:24
Trick Dice,"MashBeatz,25K,Flow Jones Jr.,Maglera Doe Boy,Wordz",117.0,04:12
Sleeping at the Wheel,Matchbox Twenty,112.0,03:48
Holy,Matt Maher,110.0,04:15
Walking Miracles,Matthew West,102.0,03:04
The Proposal,Matty Mac,108.0,03:10
Love Dont Cost a Thang,"Maty Noyes,Franke,Lemaitre",104.0,03:35
Touch The Road,Mavado,105.0,03:24
Feelings,Maximillian,103.0,03:49
Nobody Knows What You Feel Inside,"Maze,Frankie Beverly",119.0,05:39
Headlines,McClenney,102.0,03:15
Tuesday Morning,Melissa Etheridge,105.0,04:49
No Lights on the Horizon,Metric,109.0,06:34
Plead The 5th,"Metro Boomin,Travis Scott,Young Thug",119.0,03:14
Insecurity,Metronomy,110.0,03:53
The Most Immaculate Haircut,Metronomy,106.0,04:30
Uneasy,"Metronomy,spill tab",118.0,03:23
Luv Is Not Enough,"Miami Horror,Forrest Mortifee",114.0,03:17
When Sly Calls,Michael Franks,108.0,05:53
Morning Glow,Michael Jackson,101.0,03:37
Rock with You,Michael Jackson,114.0,03:40
Next,Michele Morrone,104.0,04:11
(Love Will) Turn Back The Hands Of Time,"Michelle Pfeiffer,Maxwell Caulfield",106.0,03:36
Fall Through,Mick Jenkins,118.0,03:53
Face Down,Mick Middleton,107.0,03:30
The Man Who Sold the World,Midge Ure,113.0,05:43
W Y O What You On,"Mike WiLL Made-It,Young Thug",110.0,04:22
Fado,Milky Chance,114.0,04:10
What Kind of Man Would I Be?,Mint Condition,110.0,04:24
You Dont Have to Hurt No More,Mint Condition,114.0,05:22
Tequila Does,Miranda Lambert,114.0,04:01
Nothing Left To Say,Miss Montreal,117.0,03:30
Cemetery,Missy Higgins,117.0,04:09
See the Way,"Misty Edwards,David Brymer",107.0,08:42
Lay It On the Line,Mitch James,100.0,03:05
Ima Dog,"Mitch,YG",100.0,03:33
Little Motel,Modest Mouse,102.0,04:44
Weighed and Found Wanting,"Module,Emma T",106.0,05:21
Natural,"Moe Shop,Ace Hashimoto",110.0,03:35
Natural Disaster,"Molly Moore,Win and Woo",104.0,05:16
Human,Molly Sarlé,107.0,03:54
Grand Romantic Life,Mom Rock,108.0,03:18
Barbarian,Mona Haydar,110.0,03:31
Too Much Right Now,Money Man,107.0,03:16
When I Want,"Mookie Jones,Smoke DZA",116.0,03:47
Cure for Pain,Morphine,109.0,03:14
Break Up the Family,Morrissey,106.0,03:55
Lifetime,Mos Def,106.0,05:47
Only Love,Mother Mother,114.0,04:13
Worry,Mother Mother,103.0,03:53
Im in love with you but...,Mr. Carmack,102.0,03:28
Sanchos Oldie,"Mr. Sancho,Silencer,O.G. Playboy,Royal 'T'",105.0,04:46
Doo Wop That Thing,Ms. Lauryn Hill,100.0,05:20
I Had To Walk,Ms. Lauryn Hill,100.0,05:20
World Is a Hustle,Ms. Lauryn Hill,100.0,05:20
NOTHING ELSE,"Mura Masa,Jamie Lidell",112.0,03:26
Graduation Song,Murphy Radio,100.0,05:36
One Night in Bangkok,Murray Head,109.0,03:56
Golden,My Morning Jacket,110.0,04:39
Common Kid,Myers,113.0,03:28
More Heart Less Attack,NEEDTOBREATHE,118.0,05:03
Sexual,"NEIKED,Dyo",108.0,03:08
Call Me,"NEIKED,MIMI",106.0,03:02
Marv  Quest vs. The Monstars,"NRG Rising,Israel Starr",115.0,04:24
Voodoo,"NYXX,Aesthetic Perfection",100.0,04:19
Sadboy,Naaz,103.0,03:09
TAPED,Naaz,106.0,03:04
Wildest Dreams,"Nadine Lustre,Massiah,CARELESS",116.0,03:20
Yanyanyan,"Naira Marley,Mayorkun",100.0,03:23
Get to Know Ya,"Nao,KAYTRANADA",106.0,05:07
All Of Me,"Nashville Cast,Clare Bowen,Sam Palladio",110.0,03:22
Howling At Nothing,Nathaniel Rateliff & The Night Sweats,110.0,04:07
Intro,Nathaniel Rateliff & The Night Sweats,110.0,04:07
Late Night Party,Nathaniel Rateliff & The Night Sweats,110.0,04:07
Shake,Nathaniel Rateliff & The Night Sweats,110.0,04:07
Survivor,Nathaniel Rateliff & The Night Sweats,110.0,04:07
Fella,Navy Kenzo,102.0,03:10
Addicted,Ne-Yo,109.0,03:46
You Got It The Right Stuff,New Kids On The Block,112.0,04:09
Butta Love,Next,108.0,04:56
Lets Make A Movie,Next,106.0,04:49
The Lyre Of Orpheus,Nick Cave & The Bad Seeds,109.0,05:36
Thinking Bout You,Nick De La Hoyde,100.0,03:18
If We Hold On Together,Nicotine Dolls,109.0,03:48
Sentimental Street,Night Ranger,100.0,04:13
La Diaspora,"Nitty Scott,Zap Mama",100.0,04:14
Waltzing back,No Vacation,105.0,03:12
Good Cry,Noah Cyrus,100.0,03:17
Aladdin,Not3s,105.0,03:53
Afraid of Letting Go,Now United,108.0,03:29
Sunday Morning,Now United,116.0,03:46
The Flyest,O.T. Genasis,116.0,03:48
Maybe This Time,OK Go,115.0,03:15
Munidance,Ocean Wisdom,100.0,03:58
Voices In My Head,Ocean Wisdom,118.0,05:10
Stolen Away,Off With Their Heads,108.0,03:31
Oh,"Ohm,Octal Industries",114.0,04:44
Dirty  Stinkin Remix,"Ol' Dirty Bastard,Kelis",103.0,03:59
Take Me Higher,Old Man Canyon,116.0,03:25
Frankie,One11Twenty,106.0,03:37
7 Rings,Only Fire,110.0,03:03
The Pacific Age,Orchestral Manoeuvres In The Dark,115.0,03:59
Im Enough,"Oscar Scheller,Katie Gavin",108.0,03:02
Rambler,Outlaw,107.0,03:33
FWU,PARTYNEXTDOOR,107.0,04:55
Scared of Nothing,"PFV,CHVSE",113.0,03:08
HELP,POORSTACY,112.0,03:12
Carrie,PREP,100.0,03:41
On and On,PREP,113.0,03:29
Love Breaks Down,"PREP,Anna of the North",100.0,03:23
If I Saw You Again,Pages,110.0,03:24
Opposite Side,Panda Eyes,105.0,04:08
Let Me Down Easy,Paolo Nutini,105.0,03:32
Liquid Sunshine,Parliament,117.0,04:25
So Far Away,Part Time,117.0,05:03
I Can Treat You Better,"Part Time,Ariel Pink",104.0,04:34
Not A Day,Patrice Rushen,114.0,04:44
No Other Baby,Paul McCartney,101.0,04:17
All She Wants to Do is Me,Peabo Bryson,105.0,05:23
Brians Movie,Peach Pit,108.0,03:53
Talk to Me,Peaches,118.0,03:05
Long Road,Pearl Jam,102.0,05:59
Of the Girl,Pearl Jam,115.0,05:07
Unthought Known,Pearl Jam,119.0,04:08
Priests and Paramedics,Pedro The Lion,100.0,04:35
Break My Heart,Pentatonix,115.0,03:38
Daddy's Girl,Peter Cetera,110.0,03:45
I Dont Love Anyone But Youre Not Just Anyone,Peter Doherty,102.0,03:26
Love To Be Loved,Peter Gabriel,113.0,05:17
Too Much Pain,Peter Man,110.0,06:15
Scripted,"Pham,Yung Fusion",111.0,03:28
Against All Odds Take A Look At Me Now,Phil Collins,116.0,03:26
Take A Look At Me Now,Phil Collins,116.0,03:26
Dancing tight,"Phil Fearon,Galaxy",114.0,03:29
Call Me,Phil Perry,113.0,04:39
Lightning,"Philip Glass,Michael Riesman",100.0,06:42
Everything Is Possible,Philippa Hanna,112.0,03:28
Bathtub Gin,Phish,113.0,04:29
Pure Blue,Phoebe Green,105.0,03:39
Baby Meet My Lover.,Phony Ppl,101.0,05:39
The Gold It's In The....,Pink Floyd,117.0,03:07
Rice Balls,Pink Guy,112.0,03:16
Human Drama,Planningtorock,102.0,04:05
Strong Woman,Popcaan,113.0,03:23
Wine,Popcaan,100.0,03:09
Pets radio edit,Porno for Pyros,113.0,03:36
Machine Gun,Portishead,105.0,04:43
Never,"Post Malone,Sierra Ferrell",108.0,03:06
Lord youre holy,Prestonwood Worship,108.0,05:53
I Hate Myself,Pretenders,101.0,04:43
Age Aint Nothing But a Number Remix,Pretty Ricky,116.0,04:59
Nothing But a Number,Pretty Ricky,116.0,04:59
Girls  Boys,Prince,117.0,05:29
The Ballad of Dorothy Parker,Prince,103.0,03:55
We Are Very Happy,Princess Chelsea,100.0,04:56
Blue Jeans,ProTracks (Karaoke),100.0,03:42
In Bloom,"Protoje,Lila Iké",110.0,03:47
So Whatcha Gone Do Now?,Public Enemy,101.0,04:41
Religion II,Public Image Ltd.,109.0,05:52
Track 8,Public Image Ltd.,108.0,03:14
Into It,Q Da Fool,115.0,03:29
Hey Love,Quadron,117.0,03:23
Slippin,Quadron,118.0,04:32
Take Me to Heart,Quarterflash,114.0,03:32
Leaving Home Aint Easy,Queen,108.0,03:15
Paper,Queen Latifah,108.0,04:00
Backyard Party,R. Kelly,100.0,03:32
You Made Me Love You,R. Kelly,112.0,04:34
Down Low,"R. Kelly,Ronald Isley,Ernie Isley",108.0,04:48
Hard To Hold,"RAC,Tegan and Sara",110.0,03:31
Raise Your Love,RHODES,118.0,03:33
Unlock the Swag,"Rae Sremmurd,Jace of Two-9",114.0,05:22
Where You Are,Rahsaan Patterson,102.0,05:10
Mute,Raja Kumari,105.0,03:33
Motions,Raleigh Ritchie,114.0,04:14
Weather,Ralph,114.0,03:21
"Oh, What A Time To Be Me",Randy Travis,107.0,03:35
All Night Long,"Randy Travis,Merle Haggard",105.0,03:08
This World is Drunk,Raphael Saadiq,109.0,04:24
Never Know,Rapsody,104.0,04:35
Seventeen Years,Ratatat,116.0,04:26
I Go Out at Night,Ratboys,109.0,03:07
Jack and Jill,"Ray Parker Jr.,Raydio",106.0,04:36
Supergirl,Reamonn,116.0,04:06
Wop-A-Din-Din,Red House Painters,119.0,05:37
The closing song,Red Peters,114.0,03:13
Red Velvet - Better Be English Translation,Red Velvet,106.0,03:45
Red Velvet - LP English Translation,Red Velvet,106.0,03:45
Red Velvet - Pose English Translation,Red Velvet,106.0,03:45
Red Velvet - Power Up English Translation,Red Velvet,106.0,03:45
Red Velvet - Sunny Side Up English Translation,Red Velvet,106.0,03:45
Red Velvet - Taste English Translation,Red Velvet,106.0,03:45
Red Velvet IRENE  SEULGI - Diamond English Translation,Red Velvet,106.0,03:45
Product,"Rejjie Snow,Aminé,Dana Williams",105.0,04:16
Conceited,Remy Ma,100.0,03:39
Only Freestyle,Remy Ma,100.0,03:39
Deliquescing,"Rhombus,MC Antsman,Lisa Tomlins",103.0,05:26
If You Dont Love Me,Ria Mae,114.0,03:32
War paint,Richie Kotzen,106.0,04:26
Alone Again,Ricky Hil,109.0,03:15
Running After You,Riley Clemmons,114.0,03:10
Wicked Little Town Reprise,"Riverdale Cast,KJ Apa,Lili Reinhart",100.0,03:21
Carrie,"Riverdale Cast,Madelaine Petsch",108.0,03:18
The Whole Thang,Rob $tone,101.0,03:30
Riptide,"Robert Palmer,Eric 'ET' Thorngren",112.0,06:03
Adore,Robin Banks,116.0,03:16
Between the Lines,Robyn,112.0,04:05
Lost In You,Rod Stewart,119.0,05:02
Memento Mori,Rogue Wave,110.0,05:14
Her,Rosenfeld,102.0,03:50
Drink,Roshelle,115.0,03:10
The Heart Shaped Sea,Roxette,117.0,04:31
Epiphania,Rozz Dyliams,109.0,03:42
PICK IT UP,Ryan Basdao,106.0,03:01
My Diamond Is Too Rough,Ryan Bingham,119.0,05:36
SEVENTEEN - Light a Flame English Translation,SEVENTEEN,115.0,03:09
Holding Back,"SG Lewis,Gallant",104.0,03:45
Anuel AA - Nubes Negras English Translation,SIX60,110.0,03:21
Dontfuckupmywave / Fruitless,SIX60,110.0,03:21
GIVE IT UP,SIX60,110.0,03:21
Vibe with Me,SIX60,103.0,03:31
Ruining My Pretending,SWMRS,115.0,03:15
Rich Dont Stop,Saba,115.0,03:18
Bi-Polar Love,"Sadboy Loko,RJMrLA",100.0,03:30
No Love,"Sainté,Miraa May",112.0,03:11
Love Me Long Time,Salmonella Dub,105.0,06:47
Never Cry Wolf,Salmonella Dub,105.0,06:47
Lets Talk About Sex remix,Salt-N-Pepa,107.0,03:33
Cadillacs  Videos,"Sam Lachow,Ariana DeBoo,Magik",116.0,03:34
Where The Colors Dont Go,Sam Phillips,116.0,03:01
Letting Go,Sananda Maitreya,105.0,03:30
Ill Be Waiting,Santana,117.0,05:17
Well All Right,Santana,109.0,04:09
Jungle Cat,Saphir,102.0,03:22
Darkest Nights,Sarah Almoril,101.0,03:04
All Alone,Saturnus,110.0,06:20
Dripp Harderr,"Sauce Walka,Peso Peso",117.0,04:08
Fool of Me,"Say Lou Lou,Chet Faker",112.0,04:41
THat Part Black Hippy Remix,ScHoolboy Q,113.0,04:48
Tookie Knows Interlude,"ScHoolboy Q,Traffic,T.F",115.0,04:45
On My Sleeve,"Scribz Riley,Kaash Paige",117.0,03:02
Forever,Sebastian Mikael,117.0,04:04
Salv Goes to Hollywood,Sega Bodega,110.0,03:02
Expressing Myself,Selena Gomez,116.0,03:01
Prodigal Girl,Semler,102.0,03:01
Everything Is Everything,Sevdaliza,118.0,03:49
Been a Minute,"Sevyn Streeter,DeJ Loaf,August Alsina",103.0,03:49
Keep it Real,Shaggy,109.0,03:33
Rotten ol me,Shakey Graves,114.0,03:53
Count on,"Shallou,Colin",116.0,03:26
Lie,"Shallou,Riah",108.0,03:35
Rose Red Live,Sharon O'Neill,110.0,04:37
Take It Back,Shaylen,118.0,03:32
Olivers House,Sheila E.,118.0,06:20
Deamon Lover,Shocking Blue,101.0,06:05
I Didnt Mean To,Silk,116.0,06:57
Catch  Release,Silversun Pickups,115.0,04:39
Here We Are Chancer,Silversun Pickups,110.0,04:47
Abafazi,Sjava,117.0,05:46
Deep Down Trauma Hounds,Skinny Puppy,110.0,04:41
Dolphin girl,Sko/Torp,114.0,04:47
The City As You Walk,Skyhill,101.0,04:12
Redemption,Skylar Simone,108.0,03:18
Just A Touch Of Love,Slave,109.0,06:32
Messy Anywhere,Sleaford Mods,119.0,03:12
Herron,Slug † Christ,107.0,03:20
The Reservoir,Small Forward,113.0,05:08
Seen it all,Snap Capone,108.0,03:07
I Knew That,Snoop Dogg,115.0,03:59
Out Worn,Soccer Mommy,109.0,04:35
Thats It Im Crazy,Sofi Tukker,115.0,03:24
Stockholm Syndrome,Sofia Karlberg,100.0,03:29
All I Got,SonReal,113.0,03:15
lover you dont treat me no good live,Sonia Dada,115.0,04:05
Backwoods  Water Flow,Sosamann,107.0,03:39
White Women,Sparks,117.0,03:22
So May We Start,"Sparks,Adam Driver,Marion Cotillard,Simon Helberg",116.0,03:44
Peace to My Nine,Spice 1,101.0,04:58
Welcome To the Ghetto,Spice 1,101.0,04:09
House Of Love,Squeeze,103.0,03:23
The Day I Get Home,Squeeze,103.0,04:50
The Elephant Ride,Squeeze,114.0,03:21
Cant Get Over You,Starlito,115.0,03:10
Me  My Baby Saturday Night,Steam Powered Giraffe,110.0,03:36
Aja,Steely Dan,117.0,07:57
Change of the Guard,Steely Dan,119.0,03:39
Came From The Bottom,Stevie Wonder,107.0,03:52
I Just Called to Say I Love You,Stevie Wonder,114.0,04:22
Christmas Morning,Summer Thieves,115.0,03:39
Love Is a Scam,Summer Thieves,104.0,04:03
Saturday Night,Summer Thieves,115.0,03:39
San francisco street,Sun Rai,111.0,04:26
Norwegian Black Metal,Superhumanoids,112.0,04:00
Eye of the tiger,Survivor,109.0,04:03
Someday Soon,Suzy Bogguss,115.0,03:57
Money Is Flesh 2,Swans,107.0,04:56
Im Sprung Remix,"T-Pain,Dizzee Rascal",100.0,04:43
Pantone Blue,"T.I.,Alec Beretz",110.0,04:20
Ham,T1C3,100.0,03:50
Saturday night lights,"TCvsChanze,Jamaal Marvel",109.0,03:59
Das Da Way We Like Em,TLC,102.0,05:01
This is How it Should Be Done,TLC,105.0,04:27
Slim Chance And The Cant Hardly Playboys,"TOI,The NZ Team,Ellesse Andrews,Max Brown",104.0,03:21
IN THE MIDDLE,TOKYO’S REVENGE,117.0,03:23
Electric Night,"TRESOR,AKA",105.0,04:04
Fuck That Shit,TRU,114.0,04:11
I aint gon front my shot,"TRUCE,Wayno,Jay Emz,Ponifasio Samoa",100.0,03:44
City of the Rose,TYuS,115.0,03:31
Black and Blue,Tahuna Breaks,108.0,04:27
Back Up Offa Me,Talib Kweli,102.0,03:37
Happy Day,Talking Heads,113.0,03:55
Bands,"Tally Bands,Scotty Blu",116.0,04:25
So Cold,Tank,115.0,04:00
Belong Here,"Taran Jaber,JayteKz,Aundre Myles",112.0,05:10
Teardrops On My Guitar,Taylor Swift,100.0,03:23
I Cant Love You Too Deep,Tedy,100.0,04:34
Fade to Black,"Teflon Sega,OZZIE",110.0,03:30
The Ballad of Hollywood Jack and the Rage Kage,Tenacious D,103.0,05:05
Were,Teni,100.0,03:12
Infinince or Infinity?,Terence Etc.,103.0,06:07
Say Its Possible,Terra Naomi,114.0,03:50
Dogghouse,"Tha Eastsidaz,Tha Locs,Rapp'n 4 Tay",101.0,04:23
Not Enough,The Aces,100.0,03:06
Bambam - Party Romanization,"The Bamboos,Reginald AK",100.0,05:40
Cant Get Used To Losing You,The Beat,113.0,03:05
The Continuing Story of Bungalow Bill,The Beatles,115.0,03:14
Nearer To God,The Beautiful South,108.0,03:35
Let Your Love Flow,The Bellamy Brothers,109.0,03:16
Cake By The Ocean,The Bellas,119.0,03:14
Careless Teens,The Bilinda Butchers,115.0,04:21
Come On Petunia,The Blow,110.0,03:46
Nevertheless,The Brian Jonestown Massacre,114.0,03:32
Why Cant I Have You,The Cars,103.0,04:05
Sick Boy,"The Chainsmokers,Kelsea Ballerini",105.0,03:17
Dead Moon California Midnight In Solitude/The Difference Between Looking And Seeing,The Chills,115.0,03:28
Star Sign,The Chills,115.0,03:28
The Beautiful Song,The Chills,115.0,03:28
The Stagnant Pool,The Chills,115.0,03:28
Jean Jacket,"The Cool Kids,MakeLove,10ille",118.0,05:57
Fat Cats Bigga Fish,The Coup,105.0,05:54
Once More,The Desert Rose Band,119.0,03:45
How Do the Fools Survive?,The Doobie Brothers,103.0,05:17
Hang on to Your Life,The Doors,102.0,05:47
Get Up And Get Down,The Dramatics,100.0,03:11
Enough,The Endorphins,112.0,03:58
Waiting to Know You,The Fiery Furnaces,114.0,04:01
We Cant Win,The Goon Sax,117.0,03:13
Friends of Mine,The Guess Who,112.0,10:06
Blowin' In The Wind,The Hollies,118.0,04:12
Lets Get Together Again,The Human League,118.0,05:01
Walking On Broken Glass,The Karaoke Crew,115.0,04:20
Kissy Kissy,The Kills,104.0,05:02
Dopeman Bitch,The Last Mr. Bigg,104.0,04:39
Big Gay Heart,The Lemonheads,116.0,04:25
Hast Thou Considered the Tetrapod,The Mountain Goats,113.0,03:22
In League with Dragons,The Mountain Goats,105.0,03:11
Younger,The Mountain Goats,110.0,05:52
Reflections,The Neighbourhood,114.0,04:04
On the Mountain Tall,The Oh Hellos,105.0,03:07
Itll Shine When It Shines,The Ozark Mountain Daredevils,107.0,04:10
Standing on the Rock,The Ozark Mountain Daredevils,114.0,03:54
Lately,The Pesky Snakes,109.0,03:01
Bastard Landlord,The Pogues,102.0,03:09
The Crazy Area,"The Psycho Realm,Sick Jacken,Big Duke",101.0,05:14
Something In The Dark,The Rasmus,106.0,03:30
Positively Lost Me,The Rave-Ups,113.0,05:17
Chases House,The Revivalists,102.0,03:39
High and Dry,The Rolling Stones,114.0,03:08
Take Your Time Do It Right,The S.O.S Band,119.0,07:40
Jacking the Ball,The Sea and Cake,115.0,03:52
Sleeping Lessons,The Shins,115.0,03:57
The Tale of Dusty and Pistol Pete,The Smashing Pumpkins,114.0,04:35
Back to the Old House,The Smiths,104.0,03:06
Last Night I Had The Strangest Dream,The Sounds Of Garth Brooks,111.0,03:51
When There's No One Around,The Sounds Of Garth Brooks,111.0,03:51
Which One Of Them,The Sounds Of Garth Brooks,111.0,03:51
Stupid Marriage,The Specials,115.0,03:51
Clear Skies,The Strokes,106.0,03:03
I Heard It Through The Grapevine,The Temptations,115.0,03:04
I Wish You Love,The Temptations,102.0,03:34
Fine Line,The True Blue,110.0,03:46
The Gift,The Velvet Underground,113.0,08:19
Fernando Pando,The Virgins,105.0,04:16
Shameless,The Weeknd,100.0,04:13
I Got Loaded,The Wood Brothers,109.0,04:03
Friday's Child,"Them,Van Morrison",103.0,03:45
Airhead,Thomas Dolby,119.0,05:07
Budapest By Blimp,Thomas Dolby,111.0,08:39
Karma,"Thutmose,Alex Mali",106.0,03:19
A Helluva Day,Tim Finn,100.0,04:14
You Wanna Teach Me To Dance?,Tina Dickow,106.0,03:42
GoldenEye,Tina Turner,102.0,04:48
Paradise Is Here,Tina Turner,107.0,05:00
It Hurts,Tom Grennan,115.0,03:48
Raise a Ruckus,Tom Jones,105.0,03:15
South of the River,Tom Misch,113.0,04:29
My Life / Your World,Tom Petty and the Heartbreakers,110.0,04:38
A Week In A Country Jail,Tom T. Hall,114.0,03:03
It Feels Better Now,Tom T. Hall,110.0,03:02
We're All In This Thing Alone,Tom T. Hall,108.0,03:21
A Sweet Little Bullet From A Pretty Blue Gun,Tom Waits,112.0,05:36
A Sweet Little Bullet from a Pretty Blue Gun,Tom Waits,112.0,05:36
A Fine Fine Day,Tony Carey,113.0,04:25
Annie May,Tony! Toni! Toné!,102.0,05:46
Me and Ya Momma,"Too $hort,Mike Epps",113.0,03:37
Campo,Toro y Moi,107.0,03:50
Labyrinth,Toro y Moi,105.0,04:01
Balenciagas,Tory Lanez,105.0,03:46
Jalissas Intro,Tory Lanez,107.0,03:57
Lord Knows Pt. 2,Tory Lanez,105.0,03:46
T.L.C.,Tory Lanez,105.0,03:46
Telephone,Tory Lanez,105.0,03:46
Dont Talk About It,Tove Lo,100.0,03:54
You Made Your Bed So Lay In It,Travis Garland,107.0,04:04
Anymore,Tre Ward,102.0,03:46
Lately,TrenchMobb,107.0,04:48
All This Love,Trey Songz,116.0,04:48
Da Baddest Bitch,Trina,114.0,03:15
Innovators,Triple One,118.0,03:17
I Know You Hear Me,Troy Sneed,100.0,04:44
P power Original,Troy Tha Studio Rat,119.0,03:13
Say Yeah,TroyBoi,100.0,03:38
My My My,Troye Sivan,103.0,03:24
Nana Crib,"Tsu Surf,G Herbo,Mozzy",108.0,04:05
So Good,Tuxedo,105.0,03:40
Special,Tuxedo,110.0,03:03
Flatliners,Twin Shadow,114.0,04:19
Only for the Broken-Hearted,Twin Shadow,107.0,03:03
Brackin Like This,"Ty Dolla $ign,Joe Moses",105.0,03:07
Fireworkz Remix,Tyrese,113.0,04:54
Light My Fire,UB40,110.0,03:47
Crash,USHER,104.0,03:31
U Dont Have to Call,USHER,100.0,04:29
U Dont Have to Call Remix,USHER,100.0,04:29
1969,Ulver,114.0,03:59
Apocalypse 1993,Ulver,105.0,04:32
62,"Uncle Murda,Tory Lanez",119.0,03:45
Count the Lightning,Until The Ribbon Breaks,110.0,04:54
Watch,"Vado,070 Shake",115.0,04:27
Dont Wanna Be Your Lover Alternate Version,Vanessa White,100.0,03:12
Seasons,Vedo,116.0,03:20
What Do Make You Love Me,"Violet Sands,Justin Faust,Jean Tonique",115.0,03:32
Cry for Me,Violet Skies,104.0,03:37
Business Casual,"Vulfpeck,Coco O.",101.0,03:03
Paid For,Vundabar,108.0,03:38
Holla Kelly Kelly,"WWE,Jim Johnston,Desiree Jackson",105.0,03:19
Four Cornered Room,War,112.0,08:34
No Way Out,Warpaint,115.0,07:20
Get U Down,Warren G,102.0,03:48
Air,Waxahatchee,100.0,03:11
Let Me See His Western Nose,Webster Longman,109.0,03:35
Joppa Road,Ween,115.0,03:02
The Fruit Man,Ween,116.0,04:00
Ooh Baby Short Version,West Street Mob,114.0,04:40
Miracle,Whitney Houston,111.0,05:42
You'll Never Stand Alone,Whitney Houston,104.0,04:20
Somebody Bigger Than You And I,"Whitney Houston,Bobby Brown,Faith Evans,Johnny Gill,Monica,Ralph Tresvant",103.0,04:41
Loser,Whxami,115.0,03:23
Yolk in the Fur,Wild Pink,115.0,03:34
Men In Black,Will Smith,108.0,03:47
Still Think About You,William Clark Green,115.0,04:08
Water From A Vine Leaf,William Orbit,102.0,07:05
The Spark,William Prince,108.0,03:59
Is Everybody In?,"William S. Burroughs,Dub Spencer & Trance Hill",102.0,07:49
SKULLY,Witchouse 40k,109.0,03:14
City of Steel,Wiz Khalifa,108.0,06:50
Lemme Go,Wonda Kid,110.0,03:05
Rock Out Woop,Woop,118.0,03:49
Insurance,Wretch 32,110.0,03:10
Love On My Mind,Xscape,102.0,03:49
Strawberry Moon,YACHT,110.0,03:53
Citizen Of The Planet,"YC Banks,B. Smyth",119.0,03:51
Rihanna,YRN Murk,115.0,03:22
YUGYEOM - When U Fall English Translation,YUGYEOM,105.0,03:43
Feel It Out,Yaeji,116.0,03:16
$even,"Yeek,Bakar",110.0,03:36
On The Run Again,Yngwie Malmsteen,105.0,05:01
Did I Tell You,Yo La Tengo,113.0,03:27
Take Cover,Yoe Mase,115.0,03:55
Take On The World,You Me At Six,104.0,04:31
Rock With Us,Yung Pinch,102.0,03:27
Fantastic,Yung Simmie,117.0,03:49
Crazy,Yusuf / Cat Stevens,102.0,03:33
Friday is My Day,Z.Z. Hill,100.0,04:03
Hometown Girl,ZHU,100.0,04:12
Light It Up,"ZHU,TOKiMONSTA",105.0,03:18
Grateful,Zack Villere,104.0,03:27
Heartbreaker Part I Part II,Zapp,105.0,07:34
Mo Reala,"Zaytoven,Future",111.0,04:38
You Sexy Thing,Zella Day,104.0,03:20
Cocoa Nmeshs Whack Cal Zone remix,"Zipso,Mr Tee,Loces,Shy Guy",100.0,04:06
(Love Will) Turn Back The Hands Of Time,Zoom Karaoke,106.0,03:38
Touchy,a-ha,104.0,04:37
Cars Clothes Calories,blackbear,111.0,03:32
Rooftops,cehryl,114.0,03:47
You Love Me,flora cash,114.0,03:41
Non Pulp Fiction Simply Orange,"i.F.,Chuuwee,iMAGiNARY OTHER",113.0,03:55
I Dont Ask I Just Take,kizaru,115.0,03:22
World Series,mgk,111.0,03:35
Purple Dinosaur,nobigdyl.,111.0,03:57
Catching Feels,ppcocaine,110.0,03:15
CANT SLEEP CANT EAT IM SICK,歌っちゃ王,112.0,03:52
Lettuce,$uicideboy$,118.0,03:31
Trust Nobody,070 Shake,113.0,04:19
Dance With Me Remix,112,102.0,03:51
Peaches and Cream DJ Clue Remix,112,102.0,03:13
Why Does,112,113.0,04:32
Dust,13th Floor Elevators,103.0,03:53
Whatever U Is,"1takejay,Shoreline Mafia",105.0,03:06
Back On the Bullshit,"2 Chainz,Lil Wayne",103.0,04:57
Words of Wisdom,2Pac,109.0,04:54
Krazy,"3X Krazy,2Pac,Eklipze,B N T",101.0,04:52
Amnesia,5 Seconds of Summer,102.0,03:57
Cry,7xvn,101.0,03:51
Show Business,"A Tribe Called Quest,Diamond D,Lord Jamar,Sadat X",102.0,03:53
Uber,"A$AP ANT,Soduh,Icce",100.0,03:33
Lovers Waltz,A.A. Bondy,113.0,03:26
Girls,ABIR,105.0,03:25
Yallah,ABIR,104.0,03:05
Little Lover,AC/DC,106.0,05:38
Hate That I Love You,AJ Mitchell,103.0,03:19
Jika,AKA,102.0,05:04
Energy,"AKA,Gemini Major",115.0,04:08
AKMU - EVEREST ft. Sam Kim English Translation,"AKMU,Sam Kim",108.0,03:15
07 Lynch,"ALLBLACK,DaBoii",104.0,03:05
Bussdown Your Soul,"AUGUST 08,Barney Bones",102.0,03:57
This Could Be a Dream,AURORA,118.0,04:08
Shoestrings,AWOLNATION,104.0,03:11
Pynch,Aaron Salem,100.0,03:49
Tell Me Nothing,Abhi The Nomad,114.0,03:32
Finding My Way,Ace Hood,112.0,03:27
They Said It,Ace Hood,113.0,03:53
Lighter than Air,Ace of Hearts,117.0,05:35
Serious,Ady Suleiman,101.0,04:14
Fuck a Man,Afroman,100.0,06:00
Gurl From Kentucky,Afroman,100.0,06:01
Choices,Aha Gazelle,115.0,03:19
Susan,Aimee Mann,101.0,03:51
Symbiosis,"Ajebo Hustlers,Nissi",104.0,04:09
Full of Fire,Al Green,114.0,05:15
You Can Do It,Al Hudson And The Partners,116.0,03:30
Love In The First Degree,Alabama,104.0,03:18
Pictures And Memories,Alabama,104.0,03:41
Who I Am,Alan Jackson,119.0,03:48
Jealous of Me,Alec Wigdahl,118.0,03:07
Hold the Line,Alex Cameron,119.0,04:13
Sara Jo,Alex Cameron,105.0,03:02
Three Hearts,Alex Clare,101.0,04:25
Into a Fantasy,Alexander Rybak,103.0,03:32
Sunrise,Ali Gatie,100.0,03:04
Love Endeavor,"Alice Smith,Maurice Fulton",117.0,05:32
Medicine,Alkaline,102.0,03:20
Sell Off,Alkaline,104.0,03:09
Cult,Allday,100.0,03:38
Fuckin,Allday,113.0,04:04
Shapes in the Sun,Allman Brown,110.0,04:55
Becky Freestyle Challenge,Almighty Suspect,100.0,03:25
Kelly,Amason,117.0,03:38
Lose My Cool,"Amber Mark,Franc Moody",103.0,04:17
My Dear,America,117.0,04:18
Unconditional Love,America,113.0,03:07
We Got All Night,America,118.0,03:27
Pine  Ginger Remix,"Amindi,Tessellated,Valleyz",104.0,03:09
Silicon Valley,Anderson .Paak,115.0,04:04
Are You Serious,Andrew Bird,100.0,03:38
Blood Hunters,Andrew Combs,109.0,03:19
Drunk,Anfa Rose,115.0,03:27
Detox,Angel Haze,100.0,05:36
Shy,Ani DiFranco,114.0,04:45
As A Man,Anna Calvi,108.0,03:46
Do Fa Self,Apache,107.0,03:17
Let Me Love You / Baby Loves,"Ariana Grande,Lil Wayne",103.0,03:43
Venomous,Ariel Versace,118.0,03:40
Living Facts,Arizona Zervas,100.0,03:43
And Then Some,Arkells,112.0,03:47
Real One,Aseven,102.0,03:05
Im What You Need,Ashley Sienna,102.0,03:16
The Secret,Astronomyy,101.0,03:59
Numb,"Aubrey Joseph,Dan Hening",105.0,03:02
No Such Thing,Avelino,109.0,03:33
Entropy,Awkward Marina,107.0,03:30
Entropy Buffalo Brony Remix,Awkward Marina,107.0,03:30
Entropy Sim Gretina Remix,Awkward Marina,107.0,03:30
Intro Memoirs of the Reaper,Azizi Gibson,110.0,03:26
Wont Stop,"B Wise,ONEFOUR",101.0,03:28
Blank Mafia,B.o.B,114.0,03:39
Stick,BANKS,106.0,05:13
BIBI - Timeless English Translation,BIBI,108.0,03:23
California High,BILLY,100.0,04:26
My Everything,BROWN EYED SOUL,112.0,04:53
Fly,BTS,115.0,03:42
Baby,"Baby Keem,Don Toliver,PinkPantheress",108.0,03:35
Euro-Stepper,BabyTron,103.0,03:06
She Move It Like,Badshah,102.0,03:01
On My Way,Bahoz & Baran,102.0,03:09
Let Her Go,"Ballyhoo!,Sugarshack Sessions",104.0,03:31
Oh What a Night for Dancing,Barry White,117.0,03:55
Somebodys Gonna Off the Man,"Barry White,Love Unlimited,The Love Unlimited Orchestra",112.0,04:23
It Aint Me,Bars and Melody,101.0,03:36
My Friend,Baskerville,102.0,03:51
Party of the First Part,Bauhaus,110.0,05:27
I Wonder,Bay Ledges,119.0,03:16
Thrill is gone,Bedford Falls,110.0,04:43
Here I Am,Bee Gees,118.0,05:03
It's My Neighbourhood,Bee Gees,118.0,05:03
Jive Talkin,Bee Gees,106.0,03:42
Mr. Natural,Bee Gees,100.0,03:48
How Do I Look?,Beenzino,107.0,03:40
Poison,Bell Biv DeVoe,112.0,04:21
AIYA,Bella Alubo,104.0,03:43
White Girls,"Belly,Travis Scott",113.0,04:31
Falling,"Ben Kweller,John David Kent,Josh Lattanzi,Jane Scarpantoni,Lorenza Ponce,David Gold,Antoine Silverman,The Candles",110.0,04:02
Slow Jam,"Ben Utomo,Jeri Taufik",110.0,03:49
Singing In The Rain,Ben Woodward,115.0,03:09
Bend,Bendrr,115.0,04:51
Fancy,Benjamin Ingrosso,110.0,03:16
Queer Gods,Bent Knee,105.0,03:55
Oh no no,Bernie Paul,116.0,04:04
She Cries Your Name,"Beth Orton,Victor Van Vught",103.0,04:47
Naughty Naughty,Beyoncé,100.0,03:28
Alice,Bianca Ryan,102.0,03:46
Black Chandelier,Biffy Clyro,111.0,04:04
Raspberries,"Big Boi,Mouche,Scar",102.0,03:41
No Damn Good,Big Daddy Kane,108.0,03:52
Mythological Beauty,Big Thief,107.0,05:06
Let Us Love,Bill Withers,111.0,03:34
The Same Love That Made Me Laugh,Bill Withers,100.0,03:24
Yesterday Live at the 92nd Academy Awards,Billie Eilish,110.0,05:03
Lens,Bilmuri,107.0,03:47
Dream World,Bizzle,118.0,03:31
What It Is,Black Eyed Peas,100.0,04:45
Nowhere,Black Match,103.0,04:46
Lean on Me,Blackbird,116.0,03:32
Why Must I Be Like That,Bloods,103.0,04:01
In the Zone,Blueface,100.0,03:24
Trimm Trabb,Blur,103.0,05:36
Gonna Change My Way of Thinking,Bob Dylan,103.0,05:28
Who Colt the Game,Bob Marley & The Wailers,115.0,03:14
I Aint Gonna Be The First To Cry,Bob Moses,101.0,05:39
Little Drummer Boy,Bob Seger,104.0,03:32
Cottonwood Lullaby,Bob Weir,108.0,03:40
Give It Up,Bobby Drakenit,102.0,04:11
American Reckoning,Bon Jovi,108.0,04:41
In My Mind,"Bondi,Save The Kid",111.0,03:39
The Boy Can't Help It,Bonnie Raitt,118.0,03:39
Recount It,Booggz,110.0,04:27
Tori Speaks,"Boosie Badazz,MO3",118.0,03:23
Wolf,Boy Epic,110.0,03:52
Still Falling for You,Boz Scaggs,115.0,03:53
In Kind,Braids,112.0,07:49
Burning Airlines Give You So Much More,Brian Eno,118.0,03:17
I Give Thanks,Brian Thiessen,114.0,03:50
Act Like That,"Bridget Kelly,Mack Wilds",102.0,03:21
Hotel,Broken Social Scene,108.0,04:35
Virgin Lady Luck,Brooks Nielsen,118.0,04:47
Bow For Blade,Brown Bird,102.0,03:39
Ballad Of A Self-Loading Pistol,Bruce Springsteen,115.0,06:28
Fade Away,Bruce Springsteen,106.0,04:41
House of a Thousand Guitars,Bruce Springsteen,118.0,04:30
Losin' Kind,Bruce Springsteen,115.0,06:28
Buddy,Buddy,100.0,03:07
The Key to Being Lonely,Bug Hunter,100.0,04:14
Diddy,"Burna Bandz,Why S",118.0,04:47
Hem Of Your Garment,CAKE,119.0,03:35
Take It All Away,CAKE,116.0,03:57
CANT GET ENOUGH,CASS,102.0,03:24
OK Friday,"CG5,Annapantsu,Rustage",117.0,03:17
Now Is Not the Time,CHVRCHES,115.0,03:44
Sad Soul,"CKay,Joeboy",100.0,03:31
Colours,Calvin Harris,115.0,04:02
We Got It,"Cam'ron,Mase",102.0,03:42
Deadlines,Car Seat Headrest,115.0,04:21
I CAN TALK WITH MY EYES SHUT,Car Seat Headrest,115.0,05:04
Reuse the Cels,Car Seat Headrest,110.0,04:41
Sober to Death 2011,Car Seat Headrest,115.0,05:04
Sober to Death 2018,Car Seat Headrest,115.0,05:04
Wind And Rains Is Cold,"Cardiacs,Sarah Smith",102.0,03:20
Love Has No Heart,Carly Pearce,100.0,03:39
The Lipstick On His Collar,Caro Emerald,118.0,03:37
Driver Go Faster,Caroline Polachek,112.0,03:03
Love Song,Cash Kidd,111.0,03:29
Mama I Made It MIMI,Cassper Nyovest,110.0,03:21
Refiloe,Cassper Nyovest,110.0,03:21
Let Me Feel Low,"Cavetown,Miloe",114.0,04:35
Im Not Over You,CeCe Peniston,102.0,04:18
Loyal,Ceraadi,101.0,03:08
Chinatown,Chaka Khan,119.0,04:35
To Sir With Love,Chaka Khan,102.0,04:25
How Long Jerry Folk Remix,"Charlie Puth,Jerry Folk",115.0,03:16
We Dont Talk Anymore Junge Junge Remix,"Charlie Puth,Selena Gomez,Junge Junge",118.0,04:16
Youre Not the Best,Charlie Robison,101.0,04:08
Wish It Was Easy,Charlotte Day Wilson,104.0,03:12
All I Want Is U,Chase Ceglie,100.0,06:04
Before The Babies,Cheats,115.0,05:16
Low Brow,Chelsea Jade,109.0,03:57
Just This One Time,Cher,108.0,03:59
Heartbreaker,Cherub,116.0,04:26
Say Goodbye,Chris Brown,115.0,04:49
To My Bed,Chris Brown,106.0,04:33
Fantasy 2,"Chris Brown,Cri-One",101.0,04:44
Tell Me,"Chris Malinchak,Damon Scott",107.0,04:41
Fool If You Think Its Over,Chris Rea,110.0,04:03
Guitar Street,Chris Rea,112.0,04:45
Reasons,Chris Rea,115.0,03:48
Sweet Kiss,Chris Rea,106.0,04:38
The Closer You Get,Chris Rea,110.0,03:32
Poppies and peonies,Christian Kjellvander,107.0,04:28
Shadow,Chromatics,107.0,03:44
One By One,Chumbawamba,113.0,05:45
Dont Save Me,Chxrlotte,117.0,04:08
Click Flash,"Ciara,Missy Elliott",113.0,03:23
Call Me Nobody,"Clever,Lil Wayne,Isaiah Lyric",114.0,03:41
Off White Limousine,Client Liaison,108.0,04:35
Burn On,Cliff Richard,110.0,03:51
Give A Little Bit More,Cliff Richard,102.0,03:38
Uber,Cliff Savage,119.0,03:42
Still Holding On,"Clint Black,Martina McBride",112.0,04:37
Gone But Not Entirely,Cloakroom,118.0,06:25
Situation 9,Club Nouveau,107.0,04:53
Just So You Know,Cody Lovaas,101.0,03:16
New Wave,"Common,Laetitia Sadier",107.0,05:08
S.A.Y. - Radio Edit,Compact Grey,115.0,07:39
Shadow,"Cool Company,Innanet James",100.0,03:18
Fantastic Voyage Timber Mix,Coolio,105.0,05:33
It Takes A Thief,Coolio,105.0,05:34
Walk With Me,"Cosmo's Midnight,KUČKA",116.0,04:13
No Bells,Cousin Stizz,117.0,03:33
Sunshine of Your Love,Cream,115.0,04:10
Sinister Purpose,Creedence Clearwater Revival,113.0,03:21
Ruby Dress Skinny Dog,Curly Heads,106.0,03:22
Black Habits II,D Smoke,115.0,04:45
Do It All Again,DD Smash,119.0,03:21
E Imja,"DJ A-Boom,Kidda",112.0,03:11
Paloma Mami - Not Steady English Translations,"DJ Dubster,Count Gary the 3rd,Chevy",111.0,03:27
The Hit Song,DJ Format,110.0,04:45
Now,"DJ Mensah,Sarkodie",108.0,03:12
Jackson Pollock Dick,"DJ Noiz,Criimson,Pieter T",100.0,03:19
XXX,"DJ Noiz,TNI Envoyer,Efks Ierusalema Fou Tafuna Youth",104.0,06:10
Get At Me,DJ Quik,110.0,04:07
Niggaz Still Trippin,DJ Quik,116.0,04:07
Fuck Things Up,DOPE LEMON,105.0,04:31
Forever and a Day,DRAMA,115.0,03:55
SAFE HOUSE,DRAMA,100.0,03:31
Secret,DYLYN,109.0,03:31
Smiley faces,DYSN,110.0,03:31
Day  Night,"Dabeull,HolyBrune",109.0,03:36
Cinnamon,Daisy Maybe,114.0,04:14
Feelin Haggard,"Dale Watson,Ray Benson",104.0,03:44
The Loving Cup,Dan Fogelberg,110.0,05:01
The Rose With the Broken Neck,"Danger Mouse,Daniele Luppi,Jack White",116.0,03:23
He Dont Love You Like I Love You,Daniel Bedingfield,110.0,03:54
Voices,Dave,117.0,03:18
Monkey Man,Dave Matthews Band,109.0,09:58
Stolen Away On 55TH And 3RD,Dave Matthews Band,104.0,04:16
Cleopatra Jones,David Banner,110.0,03:05
Miracle Goodnight,David Bowie,102.0,04:15
Seven,David Bowie,108.0,04:04
Champagne Promise,David Nail,103.0,03:54
Lost In Amsterdam,David Walters,113.0,05:01
Discoloration,Dawn Golden,100.0,03:44
We Belong,Def Leppard,102.0,05:06
Worldwide,Del The Funky Homosapien,100.0,03:22
Theory of Emotion,Del Water Gap,110.0,05:12
Heaven,Depeche Mode,100.0,04:03
Oil in My Lamp,"Desmond Dekker,The Specials",116.0,03:06
Words of the Warlocks,Devilish Trio,109.0,03:31
Redeemer,Devilskin,100.0,04:44
WXYZ,Devin The Dude,104.0,03:49
Ride and Boogie,Devvon Terrell,100.0,03:26
I'll Do This For You,"Diddy,Kelly Price",108.0,05:00
My Lovers Gone,Dido,105.0,04:27
My Parties,Dire Straits,117.0,05:30
Queen Persephone,Dirty Art Club,105.0,03:58
Ghost Limbs,Dizzy,119.0,03:59
Can I Feel This Way,Dizzy Wright,116.0,03:54
My Life,Dizzy Wright,118.0,03:47
No Fear,"DizzyEight,Fabvl,Zach Boucher",118.0,03:50
Big Amount,"Djpurplei5h,Sauce Walka",116.0,04:28
You Right Extended,Doja Cat,100.0,03:51
Come Back To Me,Dolly Parton,117.0,03:35
Shouldve known,Dolly Shine,118.0,04:32
Mentality,"Dom McLennon,YM",115.0,04:36
The Last Worthless Evening,Don Henley,100.0,06:02
Somebodys Praying for Me,Don Moen,106.0,04:28
Drown,DonMonique,109.0,03:24
Florida Room,Donald Fagen,103.0,06:02
Security Joan,Donald Fagen,118.0,06:08
K.O.N.Y. Freestyle,"Donell Lewis,Kennyon Brown,Mistah Mez",100.0,03:21
Barabajagal,"Donovan,Jeff Beck",100.0,03:20
Neighbourhood,Dr. Reknaw,112.0,04:09
Do It Now,Drake,108.0,04:41
Alive,Drax Project,118.0,03:02
I cant hide it,Drax Project,116.0,04:36
Woke Up This Morning,Drax Project,118.0,03:02
Puppy Dog,Dreamer Boy,114.0,03:30
See What You On,Dreezy,103.0,03:44
Ecstasy,"Dreezy,Jeremih",104.0,03:07
Lost In My Dream,Drugdealer,118.0,04:57
Last September,Duff McKagan,114.0,06:21
Relocate,Durand Bernarr,100.0,03:33
Things Change,Dwight Yoakam,108.0,03:45
U  Dat Ft. T-Pain  Kandi,"E-40,T-Pain,Kandi Girl",100.0,03:22
Show Me What You Workin Wit,"E-40,Too $hort",100.0,04:06
Its Time 2 Party,EPMD,113.0,04:36
The Latest,Early James,100.0,03:27
Let Down,"Easy Star All-Stars,Toots & The Maytals",113.0,04:44
Touch and Go,Ed Sheeran,110.0,04:00
Wine Song Sweet Wine of Love,Eddie Lovette,114.0,03:58
Selbstportrait Mit Kater,Einstürzende Neubauten,117.0,06:12
Sexy Boy,ElTaniJR,116.0,04:01
They Dont Want,Electric Wire Hustle,118.0,04:29
The Best Thing,Electric Youth,116.0,03:55
S.I.F.T.W,Eli Sostre,103.0,03:23
Still Up All Night,Eli Sostre,102.0,03:05
This Is Holy Ground,Elias Dummer,118.0,05:00
Aint Easy,Elijah Woods x Jamie Fine,100.0,03:08
Glorious,Ella Henderson,108.0,03:04
Blame It On The Mistletoe,"Ella Henderson,AJ Mitchell",115.0,03:05
Makes Me Wonder,Ella Mai,100.0,03:30
Switch Sider,Ella Mai,100.0,03:50
Leave Me Alone,"Ellen Allien,Apparat",110.0,03:16
Blue Avenue,Elton John,110.0,04:18
Sacrifice,Elton John,113.0,05:04
Impatience,Elvis Costello,118.0,05:03
Jimmes song,Emanuel and the Fear,112.0,07:58
Anger Management,Eminem,107.0,04:24
What Time You Sucking It,Eminem,107.0,04:24
Original Girl,Emmett Kai,104.0,04:23
Hum,Engelbert Humperdinck,116.0,03:20
Drowning in Your Eyes,Ephraim Lewis,110.0,05:06
Still believing,Erann DD,100.0,05:45
Hangover,Eric Bellinger,100.0,03:21
Catch 22,"Eric Bellinger,Sevyn",118.0,03:19
The Vision of Rassan: Dedication / Roll On Kirk,"Eric Burdon,War",107.0,07:43
Dirt,Eric Carmen,110.0,04:11
Unchain Me / Love 3x,Eric Clapton,105.0,03:41
Odie Flows,"Erik Cain,Nali",107.0,03:39
Wikked Lil Grrrls,Esthero,109.0,04:16
Shorny,Etta Bond,112.0,03:02
If You Want Me To Stay,Etta James,101.0,05:20
Dreamer,Europe,117.0,04:24
I Saved The World Today,"Eurythmics,Annie Lennox,Dave Stewart",118.0,04:52
You Already Know,Evita,105.0,04:40
Fiya Skwad,"Ezra Collective,Ty",105.0,04:47
Transition from Nowhere to Nowhere,Ezra Furman,117.0,03:11
Sahara Night,F.R. David,102.0,04:25
So Much to Me,FKJ,108.0,06:18
Know The Times,FLAME,104.0,03:55
One Too Many,FLETCHER,102.0,03:02
Hard,Fabolous,107.0,03:18
Fake Crowns,Fabvl,100.0,03:57
Under My Skin,Fabvl,115.0,04:02
Violence  Pain,Fabvl,101.0,03:54
Where I Stand - Karmon Remix,"Fabø,Karmon",119.0,08:23
At the Same Time,Faith Evans,101.0,04:35
Love Like This,Faith Evans,101.0,04:35
Goodnight,"Fantasy Camp,Wicca Phase Springs Eternal",115.0,03:23
BARSFAT,Fat Freddy's Drop,114.0,06:49
Silver Warehouse Peace Signs,Fat Freddy's Drop,100.0,06:10
I Found Lovin,Fatback Band,105.0,04:10
1234,Feist,110.0,03:03
LUV ME HOE 3,"Fejoint,Konecs,Switch.E",104.0,03:44
Psycho Post Malone ft. Ty dolla $ign Cover,"Fejoint,Konecs,Switch.E,Reggie",100.0,03:28
Shoulda Known Better,"Felly,Rexx Life Raj,Matt Burton,Healy",117.0,03:24
If You Only Knew,Finnebassen,117.0,06:22
Shattered  Hollow,First Aid Kit,107.0,04:04
Stompin Grounds,Flatland Cavalry,100.0,04:36
Sisters of the Moon,Fleetwood Mac,115.0,04:43
Lights Up,"Flight Facilities,Channel Tres",118.0,03:11
Smoke Away the Pain,Freddie Gibbs,113.0,04:36
Slow Down,"French Montana,Lil Baby,ATL Jacob",110.0,03:35
Candles,Future Islands,110.0,03:56
Comin Out Strong,"Future,The Weeknd",109.0,04:14
Soho House,GASHI,108.0,03:28
Jaded,"GOLDA,Tentendo",110.0,03:04
No One Suspects Mr. Cheese,GameTunes,116.0,03:32
On Broadway,Gary Numan,116.0,04:48
Remind Me To Smile,Gary Numan,114.0,04:03
She's Got Claws,Gary Numan,105.0,04:56
Defense Mechanism,Gazpacho,119.0,06:29
Blue Obsession,"Geographer,CLARA-NOVA",116.0,04:10
Give Me the Night,George Benson,110.0,03:42
Check Yes or No,George Strait,111.0,03:20
10000 Tears,"Ghetts,Ed Sheeran",105.0,04:34
Give Me The Beat,Ghostland Observatory,110.0,03:29
The Loudest Voice,Ginny Owens,107.0,03:03
2 Way,Ginuwine,115.0,04:09
Stay,Giovannie and the Hired Guns,101.0,03:07
Choice of Colors,Gladys Knight,100.0,03:53
Love Is Fire Love Is Ice,Gladys Knight & The Pips,110.0,04:41
Fire,"Glee Cast,Kristin Chenoweth",118.0,03:24
Lock Down,Glenn Travis,116.0,03:10
Do You Hear What I Hear?,Gloria Gaynor,116.0,03:18
Frosty The Snowman,Gloria Gaynor,116.0,03:18
U.K. Girls Physical,Goldfrapp,110.0,04:50
Wolfs Home,Gord Downie,118.0,03:13
14 Carat Gold,Gordon Lightfoot,106.0,03:33
Always On The Bright Side,Gordon Lightfoot,106.0,03:33
Never Say Trust Me,Gordon Lightfoot,106.0,03:33
Kids with Guns,Gorillaz,106.0,03:45
Casualties of War,Gossip,117.0,04:15
The Group Who Couldnt Say,Grandaddy,111.0,04:03
Easy To Love You,Grateful Dead,115.0,03:38
Easy to Love You,Grateful Dead,115.0,03:38
The Mysterious Mr. Bickerton aka Ashley Bickerton,Gray,100.0,05:04
Spotify premium ad 2,Greta Van Fleet,105.0,03:57
Watch Cost a Bentley,Gucci Dassy,103.0,03:09
Just Like It,"Gucci Mane,21 Savage",110.0,03:03
Iron,Gundelach,100.0,05:12
Black Sun On The Horizon,"Gunship,Martin Grech",110.0,04:47
Jesus lived in a motel room,HYUKOH,115.0,05:07
Red Wine  Blue,Hailey Whitters,118.0,04:18
Imma Let You Go,Hakeem Prime,112.0,03:06
Sane,Haley Heynderickx,119.0,03:13
Hi,Hannah Diamond,100.0,03:25
Everything I Ask For,Harvey Justice III,115.0,03:05
Nuttin But Love,Heavy D & The Boyz,102.0,03:33
Shy,Hether,106.0,03:21
Freq,High Frequency Karaoke,117.0,05:09
Wake Me When Its Quiet,"Hilda,Don Diablo",112.0,03:35
One Thing,"Hillsong Worship,Aodhán King",113.0,06:13
Blue Hundreds,Holy Mattress Money,110.0,03:36
Spiderwebs.,"Horse Head,Smrtdeath",115.0,03:09
Going out,Hospitality,106.0,03:34
Re-Harmonize,Hot Chip,117.0,06:24
Dominate,"House Of Pain,DJ Muggs,Damian Marley,Everlast,Meyhem Lauren",107.0,03:13
Free,Hues Corporation,107.0,03:22
And I Love You So,"I Love Halloween,Tom Rossi",108.0,05:43
Dont Mind,INNA,100.0,03:14
Joy to the World,IVAN IDAN,100.0,03:42
Seasons,IYAMAH,100.0,03:38
A Machine For Loving,Iggy Pop,105.0,03:15
Blah Blah Blah,Iggy Pop,108.0,04:32
America,Imagine Dragons,113.0,04:32
Loose Ends,Imogen Heap,116.0,03:39
Water Me,"India Shawn,Alex Isley,Ré Lxuise",112.0,04:04
Wings Of Forgiveness,India.Arie,101.0,04:59
Tourner Dans Le Vide English,Indila,115.0,03:33
Nothing Else Matters,Israel & New Breed,104.0,06:24
Every Prayer,"Israel Houghton,Mary Mary",116.0,05:11
Our Time Together,"Ivan B,Marie Elizabeth",105.0,04:20
Do You Remember,Ivan W Taylor,115.0,03:08
Elevate,J Fado,101.0,03:10
Maine On Fire,J. Cole,100.0,04:52
​​p r i d e . i s . t h e . d e v i l,J. Cole,100.0,04:52
1-800-SELLOUT Logic Diss,JIMMY REIGNS,104.0,03:16
No Chill,JL,105.0,03:24
From the Clouds,Jack Johnson,116.0,03:05
The Pretender,Jackson Browne,103.0,05:51
XX98,Jadeci,110.0,03:12
Hush,Jaheim,116.0,03:44
Astronaut,Jake Miller,118.0,03:34
Love Again,Jake Miller,100.0,03:11
Can I Be Him,James Arthur,108.0,04:06
America Is My Home Pt. 1,James Brown & The Famous Flames,109.0,03:21
No Lockdowns Anymore,James Caine,100.0,03:57
Money Machine,James Taylor,114.0,04:35
Only a Dream in Rio,James Taylor,116.0,05:01
Lady Luck,Jamie Woon,100.0,04:08
Movement,Jamie Woon,102.0,05:11
That Old Black Magic,"Jane Horrocks,Robbie Williams",112.0,03:14
High,"Jarryd James,BROODS",112.0,04:01
Naked,Jason Derulo,102.0,03:24
Good Right Now,Jay Prince,100.0,04:51
Shoegazers,Jen Cloher,105.0,03:46
Become Someone Elses,Jens Lekman,115.0,04:24
Fuck You All the Time Extended,Jeremih,118.0,04:16
Keep My Head Afloat,Jeremy Zucker,108.0,03:26
To My Soul,Jerry Folk,106.0,03:41
Sparkle Shoelaces,Jessie Baylin,118.0,03:55
Keep Moving,Jessy Lanza,110.0,03:44
Name,"Jevon Doe,tobi lou",105.0,03:40
Tippin on my dick,"Jhawk Productions,Th1zz,J. Inc",101.0,03:05
Hello Ego,"Jhené Aiko,Chris Brown",119.0,03:48
Save Me For Later,Ji Nilsson,112.0,03:05
Golden,Jill Scott,100.0,03:51
16 Little Red Noses and a Horse That Sweats,Jim Stafford,105.0,03:53
Ridin,"Jimmi Fader,Shawn Harris",111.0,03:31
Dukes On Sunday,Jimmy Buffett,100.0,04:35
Struggling Man,Jimmy Cliff,118.0,03:28
Cry For You,Jodeci,116.0,05:00
Lately Studio Version,Jodeci,114.0,04:25
Ozuna - 100 Preguntas English Translation,"Jody Daniels,Desi J",105.0,05:51
Another Used to Be,Joe,114.0,04:59
Weird Bed /or Yes Please,Joe Hawley,100.0,03:02
America from West Side Story,John Mellencamp,104.0,04:14
American Fool,John Mellencamp,104.0,04:14
Twentieth Century Fox,John Mellencamp,104.0,04:14
Your Life Is Now,John Mellencamp,116.0,03:59
Harder Dreams,John Moreland,103.0,04:23
Spotlight Girl Next Door,John Splithoff,105.0,03:55
Broken Heart,John Waite,105.0,04:29
Have You Seen Her My Friend,John Waite,109.0,05:13
I'm Still In Love,John Waite,109.0,03:43
If You've Got The Time,John Waite,105.0,04:29
Missing You,John Waite,105.0,04:29
Woman's Touch,John Waite,115.0,03:52
World In A Bottle,John Waite,105.0,04:29
Imperial,Johnny Austin,105.0,03:50
I Need It,Johnny Balik,101.0,03:25
Im a Happy Camper When the Sun Goes Down,Johnny Rain,105.0,03:27
When It Comes to Loving You,Jon Langston,112.0,03:31
Sleepwalking,Jonathan Bree,101.0,04:52
I Cant Feel My Leggz,Jonn Hart,100.0,03:40
When I Think of You,Journey,117.0,04:20
Black Is Black,Jungle Brothers,118.0,03:37
Get Me,"Justin Bieber,Kehlani",109.0,03:05
Getting Closer,Justin Jesso,104.0,03:01
Too Easy,Jutes,108.0,03:35
Ice Cold,K CAMP,118.0,03:15
On Deck,K. Forest,100.0,03:31
Its Lit,"KYLE,Iamsu!",111.0,03:47
Why Ngikufela,"Kabza De Small,Sha Sha,Madumane",113.0,05:56
Go to Work,Kalin and Myles,102.0,03:12
Why did you leave me?,Kam Michael,111.0,03:10
Take my hand,"Karmon,Terry Shand",117.0,07:40
Thick as Thieves,Kasabian,115.0,03:06
Chicken Spot Rock,Katchafire,101.0,04:57
Nocturn,Kate Bush,100.0,08:29
Think Again,Kate Havnevik,108.0,03:35
Hes Good,Kate Stewart,100.0,03:03
Blue Roses,Katrina Stuart,106.0,03:19
Glass Bottles Demo,Keane,110.0,03:48
Put the Radio On,Keane,118.0,04:11
No Good For You,"Keenan,Jaymes Young",108.0,03:24
Get Away,Kehlani,109.0,03:20
In Public,"Kelis,Nas",104.0,04:25
No Name,KenTheMan,105.0,03:48
A Little Appalled,Kendrick Lamar,101.0,04:34
Swimming Pools Demo,Kendrick Lamar,101.0,04:34
"No Shoes, No Shirt, No Problems",Kenny Chesney,118.0,03:29
Keep the Fire,Kenny Loggins,102.0,03:56
This Is It,Kenny Loggins,102.0,03:56
22,Kenny Mason,105.0,04:01
Youre My Love,Kenny Rogers,112.0,04:09
Goodness Gracious,Kevin Gilbert,110.0,04:09
Winning,Key Glock,111.0,03:28
Hater,Keyshia Cole,117.0,04:15
Heart Like You,Keyshia Cole,117.0,04:15
Kelly Price Freestyle,Keyshia Cole,117.0,04:15
Les Mis,Keyshia Cole,117.0,04:15
Non-Stop Party,Keyshia Cole,117.0,04:15
The Best Friend Song,Keyshia Cole,117.0,04:15
The God I Know,Keyshia Cole,117.0,04:15
Time of My Life,Keyshia Cole,117.0,04:15
Rick James,"Keyshia Cole,Juicy J",102.0,04:11
Keep Me,Khalid,112.0,04:36
Twenty One,Khalid,110.0,03:04
Open Doors Ojuelegba Refix,Khaligraph Jones,100.0,03:12
Blunted,Kid Ink,106.0,03:40
Time Out,Kid Ink,103.0,03:19
All For You,"Kid Quill,Sara Kays",116.0,03:21
Roll Up,"Kida Kudz,Abra Cadabra",102.0,03:46
Up From The Grave,King Diamond,108.0,03:18
Groove Me,King Floyd,103.0,03:03
That Dro Original,King George,100.0,03:55
Mr. 187,King Gordy,106.0,03:09
Brain Scanned,King Iso,113.0,04:56
Gay/Not Gay,King Missile III,108.0,06:19
Selfish,King Promise,104.0,04:04
Most of It,Kings Kaleidoscope,109.0,03:34
Lean On Me,"Kirk Franklin,The Family",106.0,05:09
All I Do,"Kirk Whalum,Wendy Moten",110.0,05:02
Drink Tickets,Kitty,102.0,03:17
Break Away,Klyne,108.0,03:08
24 Hours,Knox Fortune,105.0,03:21
SHMELLY,Kojaque,102.0,03:06
Brooklyn,Kora,110.0,04:27
Eight Times Over Miss October,Kora,110.0,04:27
Im Not a Man,Kora,110.0,04:27
Man Man,Kora,110.0,04:27
Radar Love Lizard,Kora,110.0,04:27
Real Eyes,Kora,113.0,05:16
Thats What Im Gonna Do,Kora,110.0,04:27
The delivery man,Kora,110.0,04:27
Whos That Man Momma,Kora,110.0,04:27
The Future,"Krayzie Bone,Pozition",115.0,04:29
Unconditional love,Kwan,105.0,03:42
Walang Iba,Kyla,118.0,04:10
In Your Feelings,Kyle Dion,110.0,03:30
Like A Drug,Kylie Minogue,116.0,03:17
Washed Wine,LAVE,117.0,03:39
Im That Type of Guy,LL COOL J,119.0,05:16
My Rhyme Aint Done,LL COOL J,103.0,03:45
Let it Fall Ses Remix,"LaDawn Monique,Oncle Ness",115.0,04:06
Like a Lady,Ladi6,102.0,03:10
Heroes,"Lady A,Thomas Rhett",117.0,03:57
The Cure,Lady Gaga,100.0,03:31
Cocaine Rain,Lais,114.0,04:02
Im Gonna Be There,Lash,102.0,03:08
Powder,Launder,118.0,04:30
With Every Beat of My Heart,Laura Branigan,119.0,04:34
Waiting for Your Love,Lawrence Taylor,111.0,04:33
Under Covers,LeRiche,111.0,03:33
So Good,Leah Kate,105.0,03:06
Hey Hey Hey,Lee Harvey Osmond,114.0,04:43
Jaws,Lemon Demon,110.0,04:10
Uncharted Terrain,Lenny Kravitz,109.0,04:27
Sad Song Acoustic,Liam Gallagher,118.0,04:25
London Town,Light Of The World,102.0,04:31
So Thirsty,Lil B,100.0,04:23
Lord Dont Make Me Do It,Lil Durk,110.0,03:49
Problems,Lil Peep,115.0,03:29
Save That Shit,Lil Peep,106.0,03:51
Stripper Name,"Lil Pump,YG,2 Chainz",100.0,03:02
Xansinabag,Lil Sknow,110.0,03:09
Desire,"Lil Tracy,YAWNS",115.0,05:42
Brown Sugar,"Lil Wayne,Ray J",114.0,04:23
Exbitch,Lil Zay Osama,112.0,03:14
Found You,"Lil' Kim,O.T. Genasis,City Girls",104.0,03:32
Get That Check Right,"LilCadipge,Johnny Rose,Donny Loc,Daidmb",100.0,04:20
I Know I Wanna Be With You,Lily Moore,115.0,03:52
Hanging Upside Down,Lime Cordiale,110.0,03:51
You Are,Lionel Richie,112.0,05:00
Nabuma Rubberband,Little Dragon,101.0,03:43
Pretty Girls,Little Dragon,101.0,03:43
Tongue Kissing,Little Dragon,113.0,04:22
From The Hip,Lloyd Cole and the Commotions,119.0,03:57
Cameras,"LocateEmilio,Jordan Solomon",108.0,03:09
6 Feet Under,Lola Young,108.0,03:21
Ima Hold You Down,Lomez Brown,110.0,03:42
In Living Color Oh na na,Lomez Brown,110.0,03:42
Purp,Lomez Brown,110.0,03:42
Sweet Lady Challenge,Lomez Brown,110.0,03:42
Swing Low Sweet Chariot,Lomez Brown,110.0,03:42
Take A Wish,Lomez Brown,110.0,03:42
You Can Do Better,"Londrelle,Sammie",113.0,03:07
Nights Of Pleasure,Loose Ends,102.0,04:27
Slow Down,Loose Ends,103.0,05:03
Im Ugly,Loose Tobacco,116.0,03:04
Already,"Lor Scoota,G-Rock",118.0,05:11
Damn I Think Im Crazed Remix,"Lord Infamous,DJ Paul",115.0,03:54
Like I Love You,"Lost Frequencies,The NGHBRS",118.0,03:10
All My Lives At Once,Lostboycrow,110.0,04:15
Breezy Slide,"Louie Zong,Brian David Gilbert",102.0,03:01
If you got a man,"Lucas Omni,Sewerperson",115.0,03:08
Concrete and Barbed Wire,Lucinda Williams,119.0,03:08
I Need You,Lucky Lloyd,104.0,04:55
Only You,Lunar Vacation,109.0,04:36
Never Too Much,Luther Vandross,110.0,03:50
Freakin,Lyrica Anderson,114.0,04:07
Unfuck You,Lyrica Anderson,106.0,03:04
Reload  Repeat,"M Huncho,Golden Boy Muj",114.0,03:45
SomeWay Bi,M.anifest,109.0,03:48
How You Remember Me,MAGIC!,110.0,04:00
Pumper,MAI LAN,112.0,03:49
Give Love,MC YOGI,100.0,03:38
Sandra,MIKE,112.0,03:09
Ice  Sugar,MILKK,110.0,04:11
Phone,MNEK,106.0,03:23
BTSK,MS MR,110.0,03:25
Say Nothing,"MUTO,Emerson Leif",110.0,03:49
Feelin Myself,Mac Dre,100.0,03:44
Let You Win,Macy Gray,107.0,03:56
Please Dont Have Somebody Else,Madeline Juno,102.0,04:10
Live to Tell,Madonna,110.0,05:51
Ring My Bell,Madonna,114.0,03:54
Hi Hater Remix,Maino,100.0,04:26
All Over You,Majid Jordan,107.0,03:35
Learn From Each Other,Majid Jordan,111.0,05:45
Ready For War,Major Nine,117.0,03:45
Work Refix,Maleek Berry,114.0,03:26
Freak,"Mally Mall,Eric Bellinger,Chinx,Too $hort",102.0,03:50
Nothing But Gold,"Marc Ferrari,David Isaac Feldstein,Eric J Berdon",105.0,04:23
Marbles 4,Marillion,106.0,04:03
You've Got To Hide Your Love Away,Marillion,106.0,04:03
If I Was Your Vampire,Marilyn Manson,114.0,05:56
Woman of the Ghetto,Marlena Shaw,100.0,05:01
Candy Licker,Marvin Sease,107.0,09:59
The Beauty of Lust / Like Me,Matt Reed,100.0,03:46
Holding On,Matthew Mole,108.0,03:10
Every Little Thing,"Matty J. Ruys,Lole Usoalii",102.0,04:55
Get to Know Ya,Maxwell,101.0,04:22
Silently,Maxwell,100.0,05:20
Lil Nigga Snupe,Meek Mill,106.0,03:27
Two Wrongs,"Meek Mill,Guordan Banks,Pusha T",110.0,03:47
Dont Try To,"Meep,Inas",113.0,03:04
85 Videos,Mew,111.0,04:37
No No No,Mexican Institute Of Sound,110.0,03:18
Antonios Song The Rainbow,Michael Franks,110.0,05:06
Baby Be Mine,Michael Jackson,110.0,04:20
This  That,Michael Penn,112.0,03:31
Class Act,Mick Middleton,107.0,03:30
Stand Up King / Another You,Mick Middleton,107.0,03:30
Put Down That Weapon,Midnight Oil,109.0,04:38
Mahomes,Migos,112.0,05:08
Momma Always Told Me,"Mike Posner,Stanaj,Yung Bae",108.0,03:01
Choppin Blades,"Mike WiLL Made-It,Jody HiGHROLLER,Slim Jxmmi",115.0,04:31
Faith,"Mike WiLL Made-It,Lil Wayne,Hoodybaby",118.0,04:44
FAME,Mikky Ekko,103.0,04:24
Static,Minimall,108.0,03:31
My Way,Miraa May,118.0,04:03
Getaway Driver,Miranda Lambert,104.0,03:53
Black Car,Miriam Bryant,112.0,03:38
Words,Miriam Bryant,102.0,03:06
Cant Kill Hyphy,"Mistah F.A.B.,Keak Da Sneak,Dubee",104.0,03:16
Just Like An Angel,Modern Talking,119.0,03:14
The Dark Side Of The Sun,"Modeselektor,Puppetmastaz",100.0,03:34
Coyotes,Modest Mouse,108.0,03:30
Match Made In Heaven,Mohombi,100.0,04:18
2,"Mom Tudie,Byulah",110.0,03:37
Skin to Skin,"Monica Karina,Dipha Barus",114.0,03:28
Rough...,Monifah,115.0,04:45
Banana Boat,Moy Sosa,100.0,03:06
You Dont Have to Be Strong,Mr. Big,112.0,05:06
I Will Follow Him,Ms. Lauryn Hill,100.0,05:20
I Love It,"Music Travel Love,Dave Moffatt,Francis Greg,Anthony Uy",115.0,04:12
Take Me Where the Roses Grow,Mystery Jets,112.0,04:31
Quiet On Tha Set,N.W.A.,106.0,03:59
Music Sounds Better With You,NEIL FRANCES,118.0,03:18
NoMoreDrugs,NO CIGAR,112.0,03:48
Highs and Lows,Nafe Smallz,119.0,04:34
Coming for Me,Naked Cameo,105.0,03:14
Kiss Goodbye,Natasha Mosley,116.0,03:39
Cold Shoulder,Nate Curry,118.0,03:15
Leave Me Alone,"Nate Dogg,Snoop Dogg",100.0,05:56
Lost,Nathan Grisdale,100.0,03:07
I Did It,Nathaniel Rateliff & The Night Sweats,110.0,04:07
Love Dont,Nathaniel Rateliff & The Night Sweats,110.0,04:07
You Worry Me,Nathaniel Rateliff & The Night Sweats,110.0,04:07
Holiday,"Naughty By Nature,Phiness",100.0,04:06
Make It Work,Ne-Yo,118.0,04:08
POUR ME UP,Ne-Yo,110.0,03:48
WONT BE OFTEN,Ne-Yo,105.0,03:43
Bay,Nelly,107.0,03:39
Do You Think About Me,Next,119.0,05:42
Remember I Told You,"Nick Jonas,Anne-Marie,Mike Posner",113.0,03:21
Hanks Checkout Line,Nick Shoulders,112.0,03:34
Still Cold / Pathway Private,Night Lovell,100.0,04:31
Harvest,Nightwish,102.0,05:13
Take the A Train,Nikki Yanofsky,104.0,03:33
L/R,Nilüfer Yanya,104.0,03:39
Los Angeles,Nina Nesbitt,102.0,04:12
Sunspots,Nine Inch Nails,104.0,04:03
BBYGRL,Nitty Scott,108.0,03:56
Say Yeah,Niykee Heaton,115.0,03:01
Pink,No Rome,106.0,03:07
Nights,OVERWERK,104.0,03:03
Partner In Crime,Ocean Alley,119.0,06:32
Demons,"Oceanside,Alex D'Rosso",104.0,03:19
Call On Me,"Odalys,Melii",105.0,03:01
Circles,Of Monsters and Men,115.0,03:43
Falling Off,Off The Record Karaoke,117.0,03:21
Can't See,Oingo Boingo,105.0,04:35
Proteck Ya Neck II The Zoo,Ol' Dirty Bastard,102.0,04:00
Love You More,Olly Murs,105.0,03:04
The View,Olympic Ayres,115.0,04:12
Cant Relate,Omah Lay,102.0,03:03
Im Sayin,"Omarion,Rich Homie Quan",100.0,03:22
Cutie Pie,One Way,102.0,05:28
Ghetto Starz,Onyx,105.0,03:34
Behold A Lady,Outkast,108.0,04:37
FE,"Outlawz,Spice 1,Boosie Badazz,40Glocc",100.0,05:11
This Year I Promise,PARTYNEXTDOOR,111.0,03:36
Pictures of You,PREP,116.0,03:55
Cool Love,Pablo Cruise,107.0,03:52
Midnight Marauders,"Pacific Heights,Joe Dukie",115.0,04:28
Carnations,Palehound,114.0,03:52
Destroyer,Panama,116.0,05:06
A Different Hum,Paradox Obscur,114.0,03:32
Do Ya Think Im Sexy?,Paris Hilton,112.0,04:34
Turn You On,Paris Hilton,119.0,03:06
The Motor-Booty Affair,Parliament,105.0,05:16
True Romance,"Parov Stelar,Lilja Bloom",115.0,03:19
Cassie Wont You Be My Doll,Part Time,115.0,03:36
Your Blue Room,Passengers,113.0,05:27
Amaterasu,Patea Maori Club,117.0,04:01
Never Alone,Paul Dhinakaran,114.0,07:11
Too Much Rain,Paul McCartney,117.0,03:24
Wear Sunscreen,Peach Pyramid,116.0,03:20
Just Like Love,Perfume Genius,119.0,03:16
Jealousy,Pet Shop Boys,101.0,04:15
Better Days,Pete Murray,114.0,03:42
Stop Hurting People,Pete Townshend,110.0,03:55
Lay Your Hands on Me,Peter Gabriel,100.0,06:09
Run Away With Me,"Peter Thomas,Leland",119.0,03:14
Hunter,Pharrell Williams,110.0,04:00
This Love This Heart,Phil Collins,100.0,04:04
Long Distance Call,Phoenix,105.0,03:06
There from Here,Phosphorescent,105.0,05:20
Summer Nights,Pieter T,100.0,03:25
Chicken Waffle,Pi’erre Bourne,108.0,03:13
I Wanna Fuck You Remix,"Plies,Akon",117.0,03:08
Real Thugz,Popcaan,109.0,03:09
What Happens Now?,Porcupine Tree,108.0,08:23
Feel It Still ZHU Remix,"Portugal. The Man,ZHU",114.0,03:34
Aint Nothing Bout You,Pretty Ricky,116.0,04:59
In the Mood,"Priddy Ugly,Saudi",104.0,04:04
Illusion Coma Pimp  Circumstance,Prince,101.0,04:45
Sweet Baby,Prince,111.0,04:01
Vicki Waiting,Prince,108.0,04:52
2gether we could b so beautiful,Prince Tui Teka,109.0,04:07
Love Sign Shock Gs Silky Remix,"Prince,Shock G",100.0,03:53
Ruthless,Produkt,107.0,04:13
Pull Up,Prznt,117.0,04:06
Fight the Power,Public Enemy,106.0,04:42
Darkness and Cold,Purple Mountains,113.0,03:58
Bread and Circus,Puscifer,100.0,06:28
Runaway,Qaayel,100.0,03:14
It Don't Move Me,Quarterflash,108.0,04:11
Right Kind Of Love,Quarterflash,118.0,03:52
Shakin' The Jinx,Quarterflash,105.0,04:56
Another One Bites the Dust 2011 Remaster,Queen,110.0,03:34
Dancer,Queen,100.0,03:50
I Want to Break Free,Queen,109.0,04:18
Made in Heaven,Queen,110.0,05:36
My Way,Queen,110.0,03:34
Radio Ga Ga,Queen,112.0,05:48
Special,Quincy Jones,103.0,03:57
Freak Dat Body,R. Kelly,100.0,03:44
Like I Do,R. Kelly,100.0,03:40
Oddfellows Local 151,R.E.M.,116.0,05:21
Tear You Down,"RAC,Alex Ebert",118.0,03:38
Sonic Boom,RAKA PRADHITYA,107.0,03:17
Time,"RJMrLA,Young Thug",101.0,03:30
Brother Gavin DeGraw Version,Radio Remix DJ,100.0,04:23
Lower the Tone,Rae Morris,107.0,03:57
Now That I Know,Rae Sremmurd,112.0,04:04
Tellem Like It Is,Rag'n'Bone Man,100.0,05:17
Pink Crush Velvet,Raheem DeVaughn,116.0,03:51
Catch Me When I Fall,Rahsaan Patterson,105.0,03:40
Ralo Escobar Outro,Ralo,115.0,03:04
Hooptie,Ramaj Eroc,100.0,03:35
Falling In love,Randall Shreve,116.0,03:28
Half a Man,Randy Newman,115.0,03:42
Dont Recommend,Reagan Capaci,110.0,03:05
Does The Wind Still Blow In Oklahoma,"Reba McEntire,Ronnie Dunn",106.0,04:37
Hard to Concentrate,Red Hot Chili Peppers,106.0,04:01
Red Velvet - About Love English Translation,Red Velvet,106.0,03:45
Red Velvet - Day 1 English Translation,Red Velvet,106.0,03:45
Red Velvet - Ice Cream Cake Romanized,Red Velvet,106.0,03:45
Red Velvet - In My Dreams English Translation,Red Velvet,106.0,03:45
Red Velvet - Love Is The Way English Translation,Red Velvet,106.0,03:45
Red Velvet - Perfect 10 English Translation,Red Velvet,106.0,03:45
Red Velvet - RBB Really Bad Boy English Translation,Red Velvet,106.0,03:45
Red Velvet - Rainbow Halo English Translation,Red Velvet,106.0,03:45
Red Velvet IRENE  SEULGI - Jelly English Translation,Red Velvet,106.0,03:45
WENDY Red Velvet - What If Love English Translation,Red Velvet,106.0,03:45
Memories Lie,Red Vox,119.0,04:24
Book Bag,"Remble,BlueBucksClan",100.0,03:22
Everyday Im Fuckin Him,Remy Ma,100.0,03:39
Phonetics,Reptar,119.0,05:50
Waste,"Rhye,RY X",116.0,09:13
Fulfilment Centre,Richard Dawson,114.0,10:07
Silene,Richard Dawson,110.0,06:38
Disco Duck,Rick Dees And His Cast Of Idiots,117.0,03:18
Looseys Rap,Rick James,101.0,03:53
Your Song Acoustic,Rita Ora,114.0,03:01
Life Crisis,River Whyless,110.0,04:06
JJ Sad,Rob Sonic,110.0,03:40
In Time,Robbie Robb,108.0,05:10
In This Country,Robin Zander,101.0,04:22
Crash and Burn Girl,Robyn,115.0,03:35
The Box,Roddy Ricch,117.0,03:16
West Coast Poplock,Ronnie Hudson And The Street People,113.0,05:33
Sovietoblaster,Rotfront,112.0,03:09
Want More,"Rotimi,Kranium",103.0,04:12
Love Riddim Remix,"Rotimi,Wale",104.0,03:05
Searching,"Roy Ayers,Osunlade",115.0,09:40
Close,"Roy Tosh,Evan,Eris",103.0,03:39
Ill be a Freak For You,Royalle Delite,109.0,05:09
My Friend,"Royce Da 5'9\"",Mr. Grace Intro,The Allegory
df8c882c39236b1b1a4d98476f3a4515db4e6e54ffcb8160f3525bb5b38a90c5,Royce Da 5'9\""""",109.0,04:07
Freaky Money feat. Jasmine Masters,"RuPaul,Jasmine Masters,DJ BunJoe",106.0,03:22
Golden Years M-Phazes Remix,"Ruel,M-Phazes",110.0,03:54
Saying I Love You,Ruff Endz,104.0,04:55
Do The Funky Chicken,Rufus Thomas,113.0,03:27
The Stamping Ground,Runrig,107.0,04:21
Lick,Russ,115.0,03:22
Evil,Ruthven,114.0,03:47
Powerslide,Ryan Beatty,102.0,03:07
Nothing To Change,S-X,117.0,03:01
Bounce,"S1mba,Tion Wayne,Stay Flee Get Lizzy",102.0,03:09
Just the Beginning,SD,108.0,04:31
Machine,"SHIMA,MIYACHI",102.0,03:12
Enough Is Enough Dont Give Up On Us,SIX60,110.0,03:21
Fuck What They Think,SIX60,110.0,03:21
I Wont Give Up,SIX60,110.0,03:21
Outsiders,SIX60,103.0,03:31
OTP,SK8,110.0,03:13
Caught In the Storm SMASH Cast Version,"SMASH Cast,Katharine McPhee",112.0,03:33
Rasta Courage,SOJA,117.0,04:45
BROKEN GIRLS,Saba,117.0,04:37
MOST,Saba,108.0,03:33
Safe and Sound,Sabrina Carpenter,107.0,03:06
2055,Sada Baby,100.0,03:46
Rewrite,Sage Francis,100.0,03:20
Now and Later,Sage The Gemini,107.0,03:13
Something About Us,Saint Motel,100.0,04:03
How You Do That,Sal Houdini,105.0,03:51
Hide And Seek,Salmonella Dub,105.0,06:47
Long Hot Summer Night,Salmonella Dub,105.0,06:47
Ill Take Your Man,Salt-N-Pepa,100.0,05:08
If,Sam Kim,103.0,04:47
The Water,San Cisco,117.0,03:51
The Sensitive Kind,Santana,117.0,03:32
Casual,Scarlet Pleasure,101.0,03:33
I Still Havent Found What Im Looking For,"Scarlett Johansson,Bono",101.0,03:01
I Will Survive,"Scary Pockets,Mario Jose",108.0,03:04
Mister Glassman,Scotty Sire,118.0,03:41
Arrogance blues,Scoundrels,105.0,04:05
Ive Come Around,Secret Space,105.0,03:47
Test  Recognise,"Seekae,Flume",110.0,05:03
Emotionless,Seether,110.0,05:21
Fun,Selena Gomez,114.0,03:09
Unfamiliar Demo,Selena Gomez,111.0,03:20
91 Flex,Serious Klein,114.0,03:57
Ishmael,Shabazz Palaces,116.0,04:35
I Got You,"Shaggy,Jovi Rockwell",112.0,03:16
Let Me Go,"Shaker,COBRA",105.0,03:39
Citizen Of Planet Paprika,Shantel,110.0,04:05
Aint Got Time for Hate,Shemekia Copeland,108.0,04:18
Good Is Good,Sheryl Crow,103.0,04:43
Charged Up,Shona Laing,112.0,03:27
Hunter And The Hunted,Simple Minds,107.0,05:54
Sprung On The Cat,Sir Mix-A-Lot,113.0,04:30
Walk Back,"Skooly,Young Dolph",117.0,03:35
Russian Soul,Skott,112.0,03:52
I Own America Part II,"Slick Rick,Outkast",102.0,03:41
This Is War,Smile Empty Soul,113.0,04:20
Floor Seats - Yet,Smokepurpp,117.0,04:21
069 2,"Smylez,Killa Kellz,J Mfkn Real,P.Rico,069 Dez,King Dre,069 Molly,Ar Piff",100.0,06:44
Stick,Snail Mail,118.0,05:13
A Dark Switch,Snow Patrol,108.0,04:18
Im Saying,Snow Tha Product,103.0,03:07
Tell You Like This,Snow Tha Product,103.0,03:07
My Life,SoMo,110.0,03:42
Pretty in Pink,"Social Club Misfits,Adriel Cruz",110.0,04:06
Dont You Wait,Solange,102.0,04:05
Gangster Love Song,Soldier Kidd,101.0,03:28
Miramare,Sons Of The East,106.0,03:48
Diamonds  Gold,Soulja Boy,115.0,04:16
Runaway,"South Park Mexican,Ayana",100.0,03:16
Underground,SpaceGhostPurrp,117.0,04:49
Im In Love,Spawnbreezie,105.0,03:42
Going Nowhere,"Spawnbreezie,Tenelle",105.0,03:30
Im the Magnificent,Special Ed,103.0,04:10
Never Fade Away,Spector,109.0,03:36
Something Kinda Funny,Spice Girls,102.0,04:05
Old Shit,"Spillage Village,EARTHGANG",107.0,04:13
Dont Let It Get You Down,Spoon,119.0,03:29
Gotta Know Better Im Crazy,Sports,114.0,03:15
Domino,Squeeze,116.0,04:34
Its Only You,Star Cast,118.0,03:25
Vegetas Serenade,Starbomb,103.0,03:46
Your Version Of Me,Steady Holiday,111.0,03:32
Handsworth Revolution,Steel Pulse,118.0,05:23
Gaslighting Abbie,Steely Dan,103.0,05:53
She Takes Her Clothes Off,Stereophonics,109.0,03:55
Im Coming,Steve Ashley,118.0,05:33
He Covers Me,Steve Camp,115.0,04:47
Days Arent Long Enough,Steve Earle,110.0,03:01
Someday,Steve Earle,106.0,03:47
Gotta Have You,Stevie Wonder,110.0,06:26
Ngiculela - Es Una Historia - I Am Singing,Stevie Wonder,101.0,03:48
Stevie Intro,Stevie Wonder,107.0,03:52
Sunny,Stevie Wonder,106.0,04:00
We Can Work It Out,Stevie Wonder,105.0,03:20
The Suspend,Stick To Your Guns,118.0,04:15
Funny Love,Stogie T,109.0,03:31
Same As Me,Street Joy,112.0,03:54
PISTOL PETE,"Sugs,TrippyThaKid",100.0,03:03
Fire Flower,Summer Salt,102.0,04:10
Make My Sun Shine,Swim Deep,105.0,03:44
Warmed Up,Swoope,109.0,03:46
Standards,Sy Ari Da Kid,118.0,04:00
Body,Syd,110.0,04:22
Cochon ville,"Sébastien Tellier,The Magician",115.0,04:57
Sponsor,T'Zar - Teuira Williams,105.0,03:26
Darlene,T. Graham Brown,116.0,03:19
Whatcha Sayin Tip,T.I.,103.0,03:35
If You Were Mine,TEEKS,113.0,04:34
Hypnotised,TENDER,115.0,03:35
Best of me,TSoul,114.0,03:41
Black and White,Tahuna Breaks,108.0,04:27
Call 100 Times,Taleban Dooda,111.0,03:04
Two Note Swivel,Talking Heads,116.0,05:48
Good Day,Tally Hall,108.0,03:26
Rich All My Life,"Tay B,Lil Baby",113.0,03:36
Delicate Sawyr and Ryan Tedder Mix,"Taylor Swift,Sawyr,Ryan Tedder",102.0,03:04
Chasing Amy,TeaMarrr,110.0,04:08
Beautiful Chaos,Teedra Moses,102.0,03:31
Elevation,Television,110.0,05:05
Superrich,Ten Fé,114.0,05:22
Supersize XL,"That Girl Lay Lay,Lil Blurry,Lil TerRio",113.0,03:37
When the Water Runs Clear,"The AAA Girls,Alaska Thunderfuck,Courtney Act,Willam",108.0,04:01
New Emotion,The Aces,112.0,03:01
Be Sweet,The Afghan Whigs,114.0,03:36
You Lie Down with Dogs,The Alan Parsons Project,113.0,03:47
Damn Girl,The All-American Rejects,106.0,03:51
Stepkids,The Avalanches,114.0,04:32
Fistfight,The Ballroom Thieves,113.0,03:44
In Other Words I Hate You,The Beautiful South,108.0,03:35
You Are My Joy Why I Love You,The Bellamy Brothers,109.0,03:16
Lonely Planet,"The Bellamy Brothers,Freddy Fender",101.0,03:40
Honey Be Good,The Bible,119.0,03:49
Distanced,The Black Queen,106.0,04:45
Blood On My Name,The Brothers Bright,114.0,04:20
Cloudy Sky,The Cardigans,100.0,04:08
Moving in Stereo,The Cars,116.0,04:46
What This World Needs Is A Few More Rednecks,The Charlie Daniels Band,100.0,03:42
Heavenly Pop Hit,The Chills,115.0,03:28
Im A Star,The Chills,115.0,03:28
Show Your Fangs,The Crane Wives,111.0,03:52
A Sea of Solid Earth,The Dear Hunter,117.0,04:41
At The Indie Disco,The Divine Comedy,116.0,03:18
Carry Me Away,The Doobie Brothers,118.0,04:07
On Every Corner,The Doobie Brothers,101.0,04:13
Avalon,The Dreadnoughts,105.0,04:02
Im Into C.B.,The Fall,103.0,06:33
However Do You Want It,The Game,102.0,04:52
Coming Back,The Green,104.0,04:08
So Much Wine,The Handsome Family,119.0,03:48
Everyday,The Hollies,103.0,04:16
(Keep Feeling) Fascination - Improvisation,The Human League,116.0,06:14
Red,The Ivories,100.0,03:27
Cant Stop the Rock,The Jesus and Mary Chain,101.0,03:26
Angels and Alcohol,The Karaoke Studio,104.0,03:31
You Make Me Like Charity,The Knife,100.0,03:05
San Francisco,The Lonely Biscuits,101.0,03:30
Wicked Child,"The Megas,The Belmonts",118.0,05:48
Oh My My,The Monkees,105.0,03:01
Parallel World,"The Next Step,Frances Virgilio",110.0,03:28
Will You Miss Me,The Notting Hillbillies,100.0,03:50
Earth Gaia,The Orb,105.0,09:48
Renegade,The Paper Kites,114.0,03:55
Lorca's Novena,The Pogues,117.0,04:40
Your Childhood,The Proclaimers,102.0,03:40
Clouds Across The Moon,The Rah Band,101.0,04:45
Rita Mae Young,The Record Company,110.0,04:21
Within Your Reach,The Replacements,106.0,04:24
Brother,The Rural Alberta Advantage,104.0,03:28
Letting Go,The Rural Alberta Advantage,115.0,03:45
Two Lovers,The Rural Alberta Advantage,103.0,03:23
No Ones Gonna Love You,The S.O.S Band,101.0,06:46
Icicles,The Scary Jokes,100.0,03:54
For A Fool,The Shins,110.0,03:56
Stay The Night,The Shires,100.0,04:07
School Day,The Simpsons,118.0,03:56
Jive Talkin',The Songrise Orchestra,106.0,04:13
Anonymous,The Sounds Of Garth Brooks,111.0,03:51
Please Operator (Could You Trace This Call),The Sounds Of Garth Brooks,111.0,03:51
The Lunatics,The Specials,118.0,03:35
Pearl Bastard,The Stone Roses,107.0,03:42
Automatic Stop,The Strokes,106.0,03:27
Chances,The Strokes,104.0,03:36
Sagganuts,The Strokes,106.0,03:03
Midtown,The Suffers,116.0,04:41
In Search Of My Rose,The Tear Garden,111.0,04:28
Law of the Land,The Temptations,114.0,05:00
Good Morning Beautiful,The The,106.0,07:27
Ice Cream Castles,The Time,117.0,07:31
Tears,The Tragic Thrills,108.0,03:32
Too Fake,The Trophy Club,100.0,03:50
Christmas Wrapping,The Waitresses,116.0,05:20
No Regrets,The Walker Brothers,101.0,05:43
Beautiful,"The Walls Group,Kirk Franklin",110.0,07:18
High on the Heels,The Whitest Boy Alive,118.0,03:20
What About You?,The Wild!,103.0,04:15
Los Ageless,The Wombats,104.0,03:38
Its All Over Now Baby Blue,"Them,Van Morrison",112.0,03:47
What Did You Mean When You Said Love,Theo Katzman,117.0,04:35
AsapRockyTypeBeat,Thestand4rd,110.0,04:24
Answer,They Might Be Giants,112.0,03:23
Now That We Found Love,Third World,118.0,03:56
Bright Lights,Thirty Seconds To Mars,114.0,04:51
Take It Back,This Wild Life,113.0,03:46
I Feel Good,"Thomas Rhett,LunchMoney Lewis",107.0,03:15
Beach Boogie,Three Beat Slide,111.0,04:05
Smiles Dont Lie,Thundamentals,104.0,04:02
Fool Me Once,Tierra Traniece,100.0,04:14
Back In The Groove,Tiffany,100.0,04:35
The Flower,Tiffany Young,100.0,03:01
Bronx Nigga,Tim Dog,108.0,04:16
Grown Men Don't Cry,Tim McGraw,102.0,03:55
Senorita Margarita,Tim McGraw,103.0,03:50
Western Questions,Timber Timbre,110.0,04:40
Crossroads,Timeflies,115.0,03:45
I Want You Near Me,Tina Turner,100.0,03:55
Last Christmas,Tinashe,112.0,03:32
Special Kinda,"Tiwa Savage,Tay Iwar",105.0,03:19
Drivin Me 2016 Day 1 Rough Demo,TobyMac,104.0,03:06
Sunshine Baby,Tokyo Jetz,102.0,03:08
Savage,Tolebi,110.0,03:16
Dear Rappers,Tom MacDonald,105.0,03:18
Tick Tock,Tom Misch,115.0,04:13
Your Love,"Tom Misch,Alexa Harley",116.0,04:14
Soldier Of Fortune,Tom T. Hall,109.0,03:04
Crimson And Clover,Tommy James & The Shondells,105.0,04:23
Pressure,Tone Stith,109.0,03:27
OMG,Toni Romiti,110.0,03:08
Way Too Real,Too $hort,101.0,05:42
Playa Fo Life,"Too $hort,Dom Kennedy,Beeda Weeda",101.0,03:29
Bodmon Song Extended Version,Tory Lanez,107.0,03:57
Champagne Wishes  Caviar Dreams,Tory Lanez,105.0,03:46
FORTNITE,Tory Lanez,105.0,03:46
Mine Still Freestyle,Tory Lanez,107.0,03:57
TAlk tO Me,Tory Lanez,105.0,03:46
With It / We Did It,Tory Lanez,107.0,03:57
Fell in Love,"Travis Greene,Dante Bowe",111.0,04:13
Simple As This,Trevor Jackson,118.0,03:32
Touchin Lovin,"Trey Songz,Nicki Minaj",100.0,03:41
New Romeo Agent,Tropical Fuck Storm,119.0,05:42
Real Thing,Tune-Yards,114.0,03:21
Air Catcher,Twenty One Pilots,110.0,04:14
Hollow Days,Twin Shadow,115.0,03:58
Spicy Remix,"Ty Dolla $ign,J Balvin,Post Malone,Tyga,YG",100.0,03:41
Pink  Blue,"Tycho,Saint Sinner",118.0,04:19
Ballin Swish,Tyga,105.0,03:14
Find An Ugly Woman,Tyga,100.0,03:30
Find an Ugly Woman Official,Tyga,100.0,03:30
Where The Soul Of Man Never Dies,"Tyler Childers,Ricky Skaggs,Larry Cordle",116.0,03:16
I Wanna Go There,Tyrese,113.0,04:54
Love Comes Tumbling,U2,119.0,04:51
With or Without You,U2,110.0,04:55
Dont Break My Heart,UB40,101.0,03:49
Sex Dreams and Denim Jeans,Uffie,112.0,03:30
Dreamer,Uh Huh Her,115.0,03:53
I Like Your Style,Ultramagnetic MC's,103.0,03:45
JOLT,Unlike Pluto,100.0,03:20
Night Drops,Up Dharma Down,110.0,05:19
Angel,Uriah Heep,119.0,04:57
Astranaza,Uriah Heep,116.0,03:30
Fallen Angel,Uriah Heep,119.0,04:57
Please Dont Fall in Love,VINCINT,116.0,03:14
18,"VT1S,Lepani",108.0,03:22
Straight For The Summer,"Vado,Kirko Bangz,Fabolous",102.0,04:52
Streets of Arklow,Van Morrison,119.0,04:22
Control Me,VanJess,100.0,03:33
Slow,Vedo,103.0,03:19
More Money Tonight,Violent Femmes,108.0,03:59
Never Tell,Violent Femmes,105.0,07:09
Chances Are,"Vonda Shepard,Robert Downey Jr.",117.0,03:44
In Da Moment,Vybz Kartel,110.0,03:17
Lights Camera Passion,"WSTRN,Miraa May",102.0,03:31
Armagidion,"WSTRN,Sai So",100.0,03:48
Welcome to the Queendom,"WWE,Jim Johnston",101.0,03:42
Valentino,Wale,118.0,04:08
Everybody,Warhaus,102.0,04:43
Fall in Love With Me,Warhaus,116.0,04:26
Worship,Warlord Colossus,100.0,03:40
Suzie Lightning,Warren Zevon,100.0,04:03
Far Away,Washed Out,105.0,03:59
I Love the USA,Weezer,108.0,03:09
Queen of My Heart,Westlife,109.0,04:19
Blue,Wham!,101.0,03:55
Last Christmas,Wham!,108.0,04:22
Crazy,White John,102.0,03:41
Youre All I Need,White Lion,119.0,04:25
Love Man,Whitesnake,117.0,05:04
Never had the time,WhoMadeWho,119.0,04:43
Rabbit Hole,Whxami,117.0,03:52
Hi fundy,Wilbur Soot,105.0,03:59
My Social Life | Parody of Your New Boyfriend by Wilbur Soot,Wilbur Soot,105.0,03:59
Porn Title Song,Wilbur Soot,105.0,03:59
Miami,Will Smith,108.0,03:17
Free In Deed,William Murphy,106.0,05:06
Cross Your Mind,"Wingtip,morgxn",103.0,03:35
Most of Us,Wiz Khalifa,115.0,04:12
Method Man Home Grown Version,"Wu-Tang Clan,Method Man",101.0,05:10
I Know Its Real,Wye Oak,105.0,03:19
I'll Stand Up For You,X,117.0,04:05
Every Single Bitch,X-Raided,102.0,04:36
Street Life,YFN Lucci,107.0,03:58
Hell Yeah,"YG,Chris Brown,Tyga",118.0,04:07
Tongue Bath,"Ying Yang Twins,Methrone",102.0,04:44
Errrbody Remix,Yo Gotti,104.0,04:21
Moonlight,Yo Trane,117.0,03:38
Apparently Nothin,Young Disciples,103.0,05:21
Girls Dont Cry,"Young Franco,Maribelle",110.0,03:31
Scoop,"Young Scoop,LIL CUZ",105.0,03:06
Dome,"Young Thug,Duke",113.0,03:51
Cant You Tell,"Young Thug,T.I.,Boosie Badazz",111.0,06:08
Im just not the same person i used to be,Yung Bleu,105.0,04:05
She My Plug,Yung Bleu,110.0,03:12
I Am Only Waiting,ZOX,113.0,04:16
A Fool For Your Stockings,ZZ Top,115.0,04:14
"I'm Bad, I'm Nationwide",ZZ Top,102.0,04:46
Washed Clean Live,Zach Williams,114.0,05:34
Hit the Ceiling,"Zikomo,LION BABE",109.0,03:41
Silence,"Zoocci Coke Dope,FLVME",110.0,04:43
​top priority,blackbear,111.0,03:32
​u love u,blackbear,111.0,03:32
In the Middle,dodie,111.0,03:01
Angela,dvsn,114.0,03:49
Brand New Phone,"ellis,Pasha",118.0,03:17
Goodbye,"filous,Mat Kearney",108.0,03:22
Pick Up The Phone,gothurted,110.0,03:35
Office Work Pt.2,iamjakehill,112.0,05:03
Appetite,"lil ricefield,P-Lo,seiji oda",103.0,03:11
Moonlight in my Bedroom,nodisco.,107.0,03:31
A Different Corner,re:lounge,103.0,05:36
Medication,sophie meiers,112.0,03:50
My Life Is Going On Burak Yeter Remix,"tamer,V9P,Vanessa Doll",100.0,03:46
Shittin Lately,03 Greedo,110.0,03:14
Smile,112,106.0,03:52
Throw It All Away,112,116.0,04:53
Beat Box Remix,2 LIVE CREW,108.0,04:32
Motorcycle,21 Savage,108.0,04:38
Niggaz Trippin,2nd II None,108.0,06:13
Child,360,102.0,04:53
All I Need,5 Seconds of Summer,102.0,03:57
Youngblood Live,5 Seconds of Summer,115.0,03:55
Blood on My Denim,A Boogie Wit da Hoodie,109.0,03:16
Youthful Expression,A Tribe Called Quest,109.0,04:52
Lifeline,A. G. Cook,118.0,04:06
No Chill,ABRA,115.0,05:29
THINKING OF U,ABRA,109.0,04:46
Shes Got Balls,AC/DC,116.0,04:51
Butterflies Remix,"AJ Tracey,Popcaan",104.0,03:44
How It Go feat. Conor Maynard,"ANTH,Conor Maynard",118.0,04:03
I Need You,ARCHIS,105.0,04:29
Human,"AWAKEN CULT,burningforestboy",106.0,03:01
Something About You,AYDAN,110.0,03:32
Amnesia,Ace Hood,100.0,03:34
Days That Used To Be,Ad Vanderveen,119.0,03:03
Dance With Me,Adam Green,118.0,03:48
T-Shirt  Panties On,"Adina Howard,Jamie Fox",108.0,04:46
Shaku Shaku,"Afro B,Team Salut",115.0,03:09
Pimpin Pennsylvania,Afroman,100.0,04:52
Sweet Surrender,Against The Current,104.0,03:32
Anywhere We Go,Agent Sasco (Assassin),109.0,03:56
Kiss Me Like You Mean It,Air Supply,110.0,04:27
Laughter In The Rain,Aiza Seguerra,104.0,03:45
Safari Zone,"Aja,Cupcakke",100.0,03:06
L-O-V-E Love,Al Green,109.0,03:09
Take Me to the River,Al Green,119.0,03:45
Rainbow In Your Eyes,Al Jarreau,102.0,03:06
I Write A Little,Alabama,112.0,04:17
The Closer You Get,Alabama,114.0,04:31
If You Love Me Like You Say,Albert Collins,115.0,04:08
I Want to Live with You,Alex Lahey,110.0,04:33
A Broken Heart Can Mend,Alexander O'Neal,100.0,03:45
Dyslexia,Alice Cooper,101.0,04:25
Over Now Unplugged,Alice In Chains,111.0,07:12
Liquorice,Alice Jemima,112.0,03:02
25,Alix Page,112.0,03:35
Simple Desire,All Mankind,116.0,03:49
Evergreens,Allan Kingdom,108.0,03:40
Beverly,Allan Rayman,103.0,03:20
Baby Spiders,"Allday,Mallrat",119.0,04:31
Hold On Tight,Aloe Blacc,105.0,03:48
What Does it Take,Alton Ellis,117.0,03:18
Rock Of Ages,"Amy Grant,Vince Gill",117.0,03:39
What Would It Take,Anderson East,109.0,03:59
Feel Good Inc.,André Aguado,110.0,03:50
Celestial Blues,"Andy Bey,The Avener",100.0,03:36
Don't Give Up On Me Baby,Andy Grammer,113.0,03:16
Baby,Anfa Rose,100.0,03:48
Vinyl,Angel Haze,103.0,03:46
Walking on Broken Glass,Annie Lennox,115.0,04:13
The One,Annihilator,110.0,04:09
Janet Reno,Anquette,116.0,03:59
It Takes a Seven Nation Army to Hold Us Back,"Apathy,Emilio Lopez",118.0,03:03
Pergamum,Armand Hammer,116.0,03:43
Boy Band,Arrogant Worms,106.0,03:40
Is It Still Good to Ya,Ashford & Simpson,101.0,05:12
Hard on a Heart,Ashley Monroe,109.0,03:25
Woman Up,Ashley Roberts,102.0,03:17
Circles,Atlantic Starr,115.0,04:55
Party Til,August Alsina,101.0,03:34
100000 Candles,Avalanche City,100.0,03:12
Downhill Together,Avalanche City,100.0,03:12
What Would I Change It To,"Avicii,Aluna",110.0,03:05
Want You,Ayo Jay,108.0,03:35
Every Woman,Az Yet,108.0,04:29
Unknown Feeling,"Bad Gyal,Qraig Voicemail,Fakeguido",100.0,03:43
Whatever Wherever,Band of Horses,119.0,04:13
Pose to Be,Bandit Gang Marco,100.0,03:54
WTBA,"Barry Allen,Khontkar",117.0,03:36
Come Get With It,Basic Vocab,111.0,05:59
Blackbird Chain,Beck,115.0,04:26
Pay No Mind Snoozer,Beck,104.0,03:14
House Of Shame,Bee Gees,112.0,04:52
Gold to Me,Ben Harper,114.0,05:00
Disco,Benny Sings,101.0,03:03
Lucky Strike,Berhana,106.0,03:24
Wesson,BernardiNo.1,105.0,03:08
Wassup,"Berner,Wiz Khalifa,Chevy Woods",116.0,04:25
Taste,Betty Who,100.0,03:22
Typically her KAYTRANADA Edition,"Beverlay,KAYTRANADA",115.0,03:44
Love Me Forever,Beyond The Black,115.0,03:27
Chandelier,Biffy Clyro,111.0,04:04
Women Is Losers,"Big Brother & The Holding Company,Janis Joplin",108.0,05:06
Harlem,Bill Withers,114.0,03:23
Si Si Je Suis Un Rock Star,Bill Wyman,117.0,05:59
Maybe Dont Leave Me,Billie Eilish,110.0,05:03
Alone,Billy Joel,110.0,03:56
Big Man On Mulberry Street,Billy Joel,114.0,05:27
One Call Away,Bina Butta,106.0,03:50
BREAKFAST,"Bino Rideaux,BlueBucksClan",100.0,03:04
Money Get Low,Bizzle,101.0,04:08
NEW WAVE,Black Eyed Peas,103.0,04:54
Been a Long Time,Black Label Society,105.0,03:07
Take Me Out,"Black Light Smoke,Cabaret Nocturne",110.0,05:26
Wrist Cry,Bladee,110.0,03:54
Even At My Worst,Blanca,104.0,03:30
Next,Blaq Tuxedo,110.0,03:20
When The Last Teardrop Falls,"Blaque,Blaque Ivory",118.0,04:37
Last Day Out,BlocBoy JB,115.0,03:40
The Complete Knock,Blood Orange,119.0,05:03
Period,Blueface,101.0,03:15
Heart of Mine,Bob Dylan,109.0,04:29
If You Ever Go to Houston,Bob Dylan,105.0,05:48
Love We Found,Bob Moses,117.0,05:52
Too Close For Comfort,Bob Moses,115.0,08:51
Real Love,Bob Seger,115.0,04:39
Big Film,"Bobby Brackins,G-Eazy,Jeremih",101.0,03:22
I Know You Got Soul,Bobby Byrd,113.0,04:43
Good Things,Bodeans,119.0,04:12
Purana Wala,Bohemia,100.0,03:54
Shadows,"Bonobo,Jordan Rakei",114.0,04:45
Woke Up In Cuba,Booggz,112.0,03:51
Jack of Spades,Boogie Down Productions,104.0,04:49
Ruff Ruff,"Boogie Down Productions,Freddie Foxxx",101.0,05:21
People Talk But Dont Know,Boosie Badazz,114.0,03:40
Young Niggas,"Boosie Badazz,Shy Glizzy",109.0,04:13
Foxes Mate for Life,Born Ruffians,110.0,04:30
Under Pressure,Boyz II Men,115.0,04:13
2Pac  Biggie - Hell Bound,"Brent Faiyaz,ISO Supremacy,DJ Candlestick,Tommy Richman,FELIX!",116.0,04:12
Private Show,Britney Spears,113.0,03:55
Human Touch,Bruce Springsteen,115.0,06:28
I Wish I Were Blind,Bruce Springsteen,107.0,04:45
Stones,Bruce Springsteen,102.0,04:44
Run It Back,"Bry Greatah,Lil Skies",115.0,03:53
I Think My Dogs A Democrat,Bryan Lewis,113.0,03:34
A Lite,Buddy,102.0,03:31
Cause a Commotion,"Bugzy Malone,Skip Marley",109.0,03:20
Sharktooth,Bully,110.0,03:29
Spaceape,"Burial,The Spaceape",105.0,03:59
23,Burna Boy,103.0,04:05
Rock N Roll Lifestyle,CAKE,118.0,04:14
Focus,"CASS,Sarah Juers",100.0,04:12
Jimmy Stewart,CES Cru,112.0,03:27
Southside,"Cadet,Geko",108.0,03:02
BarsOnly pt. 19,CalenRaps,105.0,04:37
Around,Car Seat Headrest,115.0,05:04
Don't Wrap It Up,Carly Simon,118.0,04:18
Holding Me Tonight,Carly Simon,101.0,04:16
Pang,Caroline Polachek,112.0,03:03
Indo,Cassie,100.0,03:12
Leaving,Castlecomer,118.0,04:20
Daydreaming,Celeste,116.0,03:14
Thats What Shed Say,Ceraadi,104.0,03:33
Die Tonight,"Chady Beats,Prince Swanny",100.0,03:21
Best In The West,Chaka Khan,109.0,04:03
Teach Me Tonight,Chaka Khan,108.0,04:10
65th  Ingleside,Chance the Rapper,100.0,04:33
To Dance Is To Love,Charlie Burg,105.0,03:33
Nervous,Charlotte Jane,108.0,03:40
Glassmouth,Cheats,113.0,04:44
Cold Showers,Chelsea Cutler,119.0,04:00
Comeback Cher Club Remix,Cher,108.0,03:59
Heart of Stone,Cher,108.0,03:59
Cops,Chief Keef,118.0,04:30
Something I Gotta Know,Chief Keef,115.0,04:29
Sons Of Icarus,"Chief Kelly,SpaceMan Zack",105.0,03:22
Nothing New,Chill Bump,112.0,03:27
Heart To Heart,Chris Brown,106.0,04:33
Hope You Do,Chris Brown,100.0,04:41
Sleep At Night,Chris Brown,112.0,03:39
Whos Gonna? Nobody Remix,"Chris Brown,Keith Sweat",119.0,04:34
Part Of Me,Chris Cornell,115.0,05:14
Fool,Chris Rea,110.0,04:03
Good on You,Chris Sails,103.0,03:16
Swervin Off You,Chris Travis,110.0,03:18
Goya Soda,Christine and the Queens,109.0,05:24
Treat Em Right,Chubb Rock,116.0,04:43
Parking Lot,Claire Rosinkranz,113.0,03:56
We Were Just Kids,"Clean Bandit,Craig David,Kirsten Joy",100.0,03:29
I'll Follow You,Cliff Richard,110.0,03:51
If You Work Away,Cliff Richard,110.0,03:51
Mr. Businessman,Cliff Richard,110.0,03:51
When I Said I Do,"Clint Black,Lisa Hartman Black",103.0,04:28
Backseat Freestyle,"Cloud AmareAyre,OuchKidd Beats",101.0,03:41
Less Wise,Cody Jinks,115.0,05:00
Pearl of the Stars,Coheed and Cambria,114.0,05:04
Color Me Badd,Color Me Badd,101.0,03:56
Puppy Chow,Common,100.0,04:01
I Am Music,"Common,Jill Scott",108.0,05:12
Where Are You Tonight,Coro,118.0,05:13
Do You Wanna Dance,Cosha,105.0,03:26
Pounds Naira Dollar,"Crayon,Ayra Starr",115.0,03:41
Smokers,"Crew Love,Soul Clap,PillowTalk",114.0,06:18
Wake Up Show Freestyle,Crooked Colours,119.0,03:18
Never,"Croosh,Indica",116.0,03:22
Mansion In The Slums,Crowded House,100.0,03:45
To the Island,Crowded House,117.0,03:59
To: Achlys,Cult Leader,110.0,06:15
Say It Like You Mean It,"Cupidon,KALLITECHNIS,Ric Wilson",109.0,04:19
NothinLikeUs,"Curtis Williams,Danny Seth,KEY!",109.0,04:59
Movin Around,"CyHi,ScHoolboy Q",109.0,04:18
Listen,Cymande,100.0,04:40
In His Touch,Céline Dion,110.0,03:54
Aint Chanelle,D-Block Europe,105.0,03:13
Codeine  Fashion,D-Block Europe,116.0,04:08
Righteous,"DAYXIV,ELHAE",109.0,03:38
ER The Faculty Jaden Remix,"DJ Noiz,Kennyon Brown,Delawou",109.0,03:04
Say It,"DJ Noiz,Myshaan",107.0,03:43
Bad and Boujee Spoof Ass and Dookie,"DJ Noiz,Pieter T,Criimson,Donell Lewis",106.0,03:38
Hot Boy,"DJ OG Uncle Skip,Migos",113.0,04:27
Can I Eat It?,DJ Quik,105.0,04:59
I Dont Wanna Party Wit U,DJ Quik,104.0,05:04
Change Da Game,"DJ Quik,Mausberg,James DeBarge",101.0,04:04
Were Alone,DYSN,107.0,03:08
Pumpy,"Da Beatfreakz,Deno,Cadet,AJ,Swarmz",102.0,03:01
Broly Rap Legendary,Daddyphatsnaps,115.0,03:28
Cold In The Summer,Dan Mangan,107.0,03:29
Up  Down,Dana Dentata,110.0,03:25
Cant Stay Mad,Danielle Bradbery,105.0,03:27
The Crows,Dark Lotus,100.0,03:52
Jussummen,Das EFX,101.0,03:30
Verdansk Survival Mode,Dave,117.0,04:26
Seventeen,Dave East,114.0,03:06
One Way Ticket to the Moon,"Dave Stewart,The Secret Sisters",103.0,03:58
Little Landslide,David Bazan,115.0,03:50
You Know Im Right,David Gilmour,111.0,05:05
Gypsey Girl,David Scobie,109.0,03:50
Do the Bearcat,David Wilcox,109.0,03:25
Ascension,Deante' Hitchcock,100.0,04:19
I Dreamt We Spoke Again,"Death Cab for Cutie,Louis The Child",119.0,03:10
Stop Askin,"Dee Watkins,Hotboii",112.0,04:20
Fake Sht,"Dee Watkins,NoCap",103.0,03:30
Man Enough,Def Leppard,106.0,03:54
Put A Little Love On Me,Delegation,111.0,04:29
Hey Hey Hey,Delta Rae,102.0,04:02
Positive Contact,"Deltron 3030,Del The Funky Homosapien,Dan The Automator,Kid Koala",105.0,04:42
I Give Up,Dennis East,110.0,03:13
Father Forgive Me,Dennis Marsh,114.0,04:00
Nothing's Impossible,Depeche Mode,110.0,04:21
Dans Mes Reves,Desire,113.0,05:23
If Remix,"Destiny Boy,Davido",105.0,03:44
Downtown,Destroyer,110.0,03:51
Gato,Devin Townsend Project,114.0,05:23
"Mirror, Mirror",Diana Ross,104.0,06:09
We Gon Make It,"Diddy,Jack Knight",101.0,03:33
Broken,Digga,100.0,04:14
I Could Have Been a Dreamer,Dio,108.0,04:46
Nevaland,Divine Council,104.0,04:13
Hello,"Dj Dap,Kent Jones",114.0,04:16
You Right,Doja Cat,100.0,03:51
The End of the Innocence,Don Henley,117.0,05:15
Through Your Hands,Don Henley,113.0,04:17
Whole Lotta,Dormtainment,100.0,03:12
F.F.F.F.,Double XX Posse,104.0,03:44
The Forgotten Song,Doug Walker,113.0,04:38
We Need More Victimization,Doug Walker,103.0,03:26
Junkyard Society Rag,Dr. Reknaw,108.0,03:16
With the Sickness,Dr. Reknaw,108.0,03:16
Now  Forever,Drake,108.0,04:41
Nothing Was The Same,"Drake,Majid Jordan",100.0,03:47
Cold,Drax Project,116.0,04:36
Pharaoh,"Dre Murray,Tragic Hero",113.0,04:07
Sabotage,"Drew.0,Fuslie",100.0,03:08
Leafy,Dry Cleaning,116.0,03:08
Genesis Acoustic,Dua Lipa,113.0,03:25
Albany,"Dua Saleh,Kim Tee",107.0,03:16
Headbanging in the Mirror,Ducktails,104.0,03:34
Little Bando,Dylan Brady,108.0,03:04
Come Over,Dylan Matthew,110.0,03:50
After Party,"Dynamite MC,Rookwood",103.0,03:21
Three Jobs,E-40,101.0,03:31
@elio.irl,ELIO,105.0,03:54
Scratch Bring It Back Part 2 - Mic Doc,EPMD,102.0,03:04
Burn Again,Ecclesia,108.0,03:41
Yellow Pages,Ed Sheeran,107.0,03:14
Kiss Me In The Morning Remix,Eddie Lovette,114.0,03:58
Effervescent Islands,Edenolm,109.0,03:04
Two Hearted Spider,Editors,110.0,04:30
Last Chance to Dance,Ekkah,107.0,03:42
Why Arent You Angry?,Ekoh,100.0,03:24
Let Your Glory Fill This Place,Elaine de Jesus,109.0,05:46
Awake,Electric Guest,111.0,05:00
Basic,Electric Guest,100.0,03:08
Killa Is A Killa,"Elephant Man,Ward 21,Harry Toddler,Lexxus,Mr. Vegas,Shabba Ranks,Beenie Man,Baby G,Wayne Marshall,Capleton,Mad Cobra,Bounty Killer,Admiral Bailey",119.0,03:51
Technicolour,"Elevation Youth,Southland",107.0,03:52
Naked,Elin Bergman,110.0,03:24
Dont Want You,Ella Mai,102.0,03:20
Own It,Ella Mai,107.0,04:11
Who Knew,Ella Mai,100.0,03:43
Suspended,Elle Watson,105.0,04:28
New Monkey,Elliott Smith,114.0,03:12
Playing Fifa,Else,103.0,03:29
Charm School,Elvis Costello & The Attractions,101.0,03:55
PDA,Emily Burns,112.0,03:28
All Nite,"Empire Cast,Yazz,Serayah,Jamila Velazquez,Yo Gotti",100.0,03:45
Christmas Party,Eraserheads,112.0,04:04
Year Round,Eric Bellinger,105.0,03:02
Hungry Eyes,Eric Carmen,110.0,04:11
Idk,Ez Mil,116.0,03:38
Cherry Lane,Ezra Furman,119.0,04:12
Over My Head,FLETCHER,112.0,04:37
Wild Ones,"FM-84,Ollie Wride",114.0,04:28
Dripple Dragons,"FMB DZ,Sada Baby",105.0,03:10
Lost It All,Fabvl,115.0,04:02
Out Loud,"Fairlane,ROZES,JT Roach",108.0,03:44
Take This Bottle,Faith No More,109.0,04:59
Leaving Tokyo,"Fakear,Rae Morris",106.0,04:25
The Star Of Moon And Sun,Falco,116.0,05:24
Fish In The Sea,Fat Freddy's Drop,110.0,09:55
The Girl Is Fine So Fine,Fatback Band,107.0,05:52
Follow Your Dreams,Father John Misty,111.0,04:34
Just Dumb Enough to Try,Father John Misty,117.0,04:02
Say It Now,Faye Webster,111.0,03:50
Tension,Fergie,110.0,03:23
You Already Know,Fergie,113.0,04:08
Flower,Fieh,103.0,03:06
On The Bound,Fiona Apple,117.0,05:22
On the Bound,Fiona Apple,117.0,05:22
The Riddle,Five For Fighting,119.0,03:47
Angel,Fleetwood Mac,117.0,04:54
Silver Girl,Fleetwood Mac,104.0,03:59
Boy,"Flight Facilities,Emma Louise,Joe Goddard",117.0,03:52
Maze,"Flyboy,Gavrielle,Jake Newton",119.0,03:42
Echoes,Flyte,100.0,03:05
Kyrie,"Foggieraw,Jayizms",108.0,03:04
Talk About It Remix,"Foley,Art Heist",105.0,03:56
Smooth,Forever in Your Mind,100.0,03:35
What She Came For,Franz Ferdinand,104.0,03:52
September Fields,Frazey Ford,114.0,03:27
Forever and a Day,Freddie Gibbs,113.0,04:36
Fall,Freevø,100.0,03:37
Husband and Wife,"French Montana,Nawlage",100.0,03:43
Meet us in the park we used to play.,Friday Night Plans,106.0,03:14
Fell Destroyed,Fugazi,103.0,03:46
Scooby Snacks,Fun Lovin' Criminals,105.0,03:04
No Wallet,"Future,YG",100.0,04:06
About You,G Flip,113.0,04:07
Lets Get Lost Devon Baldwin Rework,"G-Eazy,Devon Baldwin",100.0,04:15
Invisible,Gabrielle Aplin,100.0,03:55
Sleep on It,Gallant,112.0,03:36
Jazz Music,Gang Starr,101.0,04:48
Dream Killer,Gary Numan,111.0,04:21
Remember Me,Gavin James,115.0,03:55
Heart in Two,Generationals,108.0,03:17
Dreaming While You Sleep,Genesis,102.0,07:16
Check Yes Or No,George Strait,111.0,03:20
B.T.W,Getitindy,108.0,03:58
Black History / The World,Gil Scott-Heron,105.0,09:42
Hopelessly Devoted to You,Glee Cast,111.0,03:01
Great Change Since Ive Been Born,"Glenn Kaiser,Darrell Mansfield",111.0,03:12
It's Raining Men,Gloria Gaynor,116.0,03:18
I Need My Girl,Gnarly Gibbs,118.0,03:42
Pulp,Godflesh,118.0,04:16
1994 The Sundown,Gordon Lightfoot,106.0,03:33
Insane Sometimes,Grace VanderWaal,110.0,03:30
Feeling,Grad Party,100.0,03:55
Hey Lord Dont Ask Me Questions,Graham Parker & The Rumour,105.0,05:37
Wake Up Next to You,Graham Parker & The Rumour,105.0,05:37
Laughing Stock,Grandaddy,104.0,06:00
When Push Comes to Shove,Grateful Dead,109.0,04:08
Smell Yo Dick,"Greg Street,Real,Aviance,Riskay",117.0,03:34
Rolling in the Deep,Greta Van Fleet,105.0,03:57
Whats On Your Mind,Greyhounds,106.0,04:00
I Ate Your Soul,"Grieves,P Smoov",105.0,03:29
Wish You Would,"Gucci Mane,Verse Simmonds",114.0,03:27
Breakfast,"Gucci Mane,Waka Flocka Flame,Peewee Longway",111.0,05:41
Duck Hunting,Gundelach,110.0,03:37
FREE,"HEAVENONEARTH,WHATUPRG,Aklesso,Not Klyde",113.0,03:29
WHAT WOULD YOU DO?,"HONNE,Pink Sweat$",112.0,03:12
No Sleep,Haley Smalls,116.0,04:10
Eyes Wide,"Handsome Ghost,Whole Doubts",100.0,03:15
Perfect for me,Haschak Sisters,105.0,03:19
Finer Things,Headie One,100.0,03:06
Axemen,Heavens To Betsy,113.0,04:19
This is Your Night,Heavy D & The Boyz,107.0,03:31
Blackout,Heidi Montag,115.0,03:29
Listen To Your Heart,Herbs,100.0,04:31
Where Have You Been All My Night,Hey Violet,110.0,03:48
I Like the Way The Kissing Game,Hi-Five,104.0,05:48
Mother,Highasakite,103.0,04:06
Shadow Step,"Hillsong UNITED,TAYA",118.0,05:34
Over 85,Hojean,100.0,03:24
By Your Side,"Hoody,JINBO the SuperFreak",116.0,03:56
Grass,Hoops,119.0,03:16
Horseshoe Crabs,Hop Along,107.0,04:01
Love Is the Future,Hot Chip,117.0,04:31
Reverse Skydiving,"Hot Natured,Anabel Englund",118.0,05:30
Rock the Boat,Hues Corporation,107.0,03:22
HyunA - Flower Shower English Translation,HyunA,100.0,03:08
Afterglow,I M U R,108.0,03:43
Im Your Pusher,ICE-T,108.0,05:35
Fast  Danger,ILL Mitch,100.0,03:14
Corpses in Their Mouths,Ian Brown,109.0,04:09
Guiding Light,Ian Hunter,110.0,04:09
Rollin' Wit The Lench Mob,Ice Cube,103.0,03:43
Whismas,Ifht,109.0,03:10
Gold,Iggy Pop,107.0,03:12
Universe,"Illa J,Potatohead People",105.0,04:29
Lean On Me,"Illy,Robinson",101.0,03:47
Flashback,Imagination,110.0,04:35
Just an Illusion,Imagination,105.0,06:27
Hold On To Me,Incognito,106.0,05:21
Segue 1,Incubus,109.0,10:21
Talk Shows On Mute,Incubus,114.0,03:48
Wonderful,India.Arie,105.0,05:31
Everybody Praise The Lord,Indiana Bible College,100.0,04:12
End Of The World,Ingrid Michaelson,108.0,03:44
Never Had It Made,Insane Clown Posse,101.0,05:45
Loves Dying,Isak Danielson,106.0,03:17
Gone,IshDARR,100.0,03:34
Its You,"Ituana,Groove Da Praia",116.0,04:06
Batman,Ivan B,117.0,03:39
One Day,"Ivan B,Princess EK",112.0,04:10
Smell Of Smoke,Ivey,117.0,03:07
Shock the World,J. Cole,100.0,04:52
Wait For Tomorrow,J. Cole,100.0,04:52
A Real Hero,J.R. Wandique,101.0,03:23
Something Bout Pimpin,"JT Money,Too $hort",104.0,03:46
Love in the Club,JVCK JAMES,104.0,03:27
Everything Nice,"Jaakko Eino Kalevi,Farao",105.0,04:21
OnnaWay,Jack Harlow,115.0,03:36
ROTTEN,"Jack Harlow,EST Gee",107.0,03:10
Reloaded,"Jackboy,Hotboii",112.0,03:17
Tender Is The Night,Jackson Browne,113.0,04:53
The Naked Ride Home,Jackson Browne,111.0,05:58
Sleepless Nights,Jackson Krecioch,110.0,03:36
Land of the Free,"Jacquees,2 Chainz",104.0,03:13
24K,Jae Stephens,102.0,04:05
Ghetto Love,Jaheim,101.0,04:23
All I See,"Jaisua,CASS",108.0,03:03
Kitchen Table,Jake Bugg,113.0,04:55
Favorite T-Shirt,Jake Scott,115.0,03:04
Mind Power,James Brown,103.0,12:05
Say Youre Still Mine,James Labrie,115.0,03:32
Johnnie Comes Back,James Taylor,114.0,03:54
Knock On Wood,James Taylor,110.0,03:28
Suite for 20G,James Taylor,118.0,04:46
A Bridge Over Novocaine,Jan Blomqvist,116.0,03:08
Go Deep Timbaland Remix,"Janet Jackson,Missy Elliott,Timbaland",100.0,05:34
Taking Islands in Africa,Japan,106.0,05:20
Drop Your Guard,Jasmine Thompson,106.0,03:14
Shakedown Cruise,Jay Ferguson,114.0,04:12
Need It Back,"Jay Loud,Ty Dolla $ign",106.0,03:33
Failure in disguise original,Jayesslee,103.0,04:20
I Cant Lie,Jayla Kai,102.0,03:41
After the Hurricane,Jazmine Sullivan,116.0,03:58
FUNCTION,"Jazz Cartier,The BLK LT$",118.0,03:23
Type Of Party,Jeezy,111.0,05:11
2%,Jenna Raine,106.0,03:27
I Think of You,"Jeremih,Chris Brown,Big Sean",100.0,03:37
Deal,Jerry Garcia,117.0,03:11
Blue Skies Again,Jessica Lea Mayfield,118.0,03:48
World of Dreams English Version,Jessica Mauboy,100.0,04:18
War Child,Jethro Tull,106.0,03:36
Vexed,Jim Plamondon,100.0,03:14
Baby's Gone Shoppin',Jimmy Buffett,115.0,04:05
Boomerang Love,"Jimmy Buffett,Elliot Scheiner",101.0,05:19
Peace Officer,Jimmy Cliff,104.0,04:11
Forever My Lady,Jodeci,118.0,05:20
These Broken Hands of Mine,Joe Brooks,113.0,04:08
Dave,Joe Jackson,110.0,05:03
Fanfare,John Frusciante,100.0,04:50
The 5 Year Theory,John Kenny,115.0,04:00
Each Day Gets Better,John Legend,100.0,03:47
Days Of Farewall,John Mellencamp,104.0,04:14
A Piece Of The Action,John Waite,105.0,04:29
Love Don't Prove I'm Right,John Waite,105.0,04:29
Jodys Got Your Girl and Gone,Johnnie Taylor,100.0,03:03
I Would Like To See You Again,"Johnny Cash,Waylon Jennings",111.0,03:16
Do Better,Johnny Cinco,107.0,03:32
None Shall Escape The Judgement,Johnny Clarke,102.0,03:07
Flaws,Johnny Orlando,112.0,03:45
TBT,Johnny Stimson,110.0,03:50
Dont Talk,Jon B.,105.0,04:44
Jealousy Live,Jordy Searcy,103.0,04:10
Trust Me,"Jorge Aguilar II,Elizabeth Ann",100.0,03:50
Hahaha,Josh A,110.0,03:07
When I Think Of You,Journey,117.0,04:20
Decades,Joy Division,107.0,06:14
Best Days,Juice,101.0,03:46
Pool Party,Julia Jacklin,108.0,04:15
Are You,Julia Michaels,118.0,03:31
Palace,Julias Moon,100.0,03:21
Heartbreaker,Justin Bieber,104.0,04:22
Fuck Me So I Feel Alive,"Justin Kuritzkes,Sasha Spielberg",103.0,04:00
Hittin Switches,"K'Mac,Mack 10,Skoop,Deviossi,Cousteau",101.0,03:34
Aint You,K. Michelle,100.0,04:14
Subrocs Mission,KMD,115.0,04:00
Trial N Error,KMD,102.0,04:09
In My Chest,KONGOS,117.0,03:40
Welcome To Planet X Were Coming For You,KXNG Crooked,106.0,04:14
Ship and The Globe,Kae Sun,104.0,03:18
Fine Ass,Kalan.FrFr,100.0,03:09
Rich,Kali Uchis,103.0,03:18
Arguements,Kanye West,110.0,03:35
Roommates,Kanye West,110.0,03:35
See You in My Nightmares Live from VH1 Storytellers,Kanye West,110.0,03:35
Violent Crimes OG,Kanye West,110.0,03:35
That Chick Right There,"Kardinal Offishall,Chaisson",117.0,03:47
Promise,"Kaskade,K.Flay",116.0,03:35
Nicer,Katelyn Tarver,103.0,03:22
Love Me,Kay Cook,100.0,03:02
I Think Might Kill Myself,Kay P,110.0,04:06
Love Is the End,Keane,109.0,05:39
Oklahoma,Keb' Mo',105.0,04:55
Let Me Live,Kehlani,116.0,03:16
When I Give My Love,Keith Sweat,117.0,06:05
Good Love,Kelly Price,100.0,03:47
Broke My Heart,Kendrick Lamar,101.0,04:34
Kendrick Lamar,Kendrick Lamar,101.0,04:34
Loved Ones,Kendrick Lamar,101.0,04:34
The Jig Is Up Dumpn,Kendrick Lamar,101.0,04:34
Track 10,Kendrick Lamar,101.0,04:34
Butterfly,"Kendrick Lamar,Bilal,Anna Wise,Thundercat",108.0,05:00
The Harold Song,Kesha,110.0,03:58
Im Coming Out,Keyshia Cole,117.0,04:15
Love,Keyshia Cole,117.0,04:15
Love on Ice,Keyshia Cole,117.0,04:15
She Calls Me Daddy,KiNG MALA,100.0,03:03
Afterwards Bring Yo Friends,"Kid Cudi,Michael Bolton,King Chip",105.0,09:03
Mother,"Kiesza,Chris Malinchak",100.0,03:33
Enough,Kiki Rowe,110.0,03:41
Raise Up,Kindness,110.0,03:30
Take It,King 810,117.0,03:27
Model Man,King Crimson,103.0,03:49
Goodnight,King George,104.0,04:14
Right Now,King Iso,105.0,03:41
Thats Real,"King Iso,Twisted Insane",116.0,04:26
Bath Salts,Kitty,105.0,03:38
Gwen Stefani,Knucks,108.0,03:02
When She Smiles,Kolohe Kai,106.0,03:47
Where Im From,Kolohe Kai,111.0,03:58
Ben Franklins Song Clean Version,Kora,110.0,04:27
Common Man by The Blasters,Kora,110.0,04:27
New Delivery,Kora,110.0,04:27
Play Your Cards Right,Kora,110.0,04:27
Simply Yes,Kora,113.0,05:16
The Bomb,Kora,110.0,04:27
Bored In The House Remix,"Kora,Spellspellspell",100.0,03:33
Another Brick In The Wall,Korn,103.0,07:07
Like Water,Kota the Friend,110.0,03:16
Bro Ho,Kyle Gass Band,104.0,03:56
Hot Love,LEISURE,109.0,03:09
Too Much of a Good Thing,LEISURE,103.0,03:35
Lush Life,"LEO ISLO,Dani Poppitt,Damon Steele",107.0,03:31
Love It,LUCKI,104.0,03:24
Sad People Dancing,"La Bouquet,Olivver the Kid",118.0,04:25
Why It Scares Me,La Dispute,119.0,03:33
Coconut Water feat. Sn3l,Ladi6,102.0,03:10
Give Me A Chance English Ver.,Ladi6,102.0,03:10
I.D.C.W.Y.D.,Ladi6,102.0,03:10
Wifey,Ladi6,102.0,03:10
Yikes Freestyle,Ladi6,102.0,03:10
Pure Righteousness,Lakim Shabazz,106.0,04:03
Yuppy Flu,Land of Talk,118.0,05:07
Dont You,Landon Tewers,110.0,03:22
Freedom,Larkin Poe,115.0,03:22
Stay True,Lars Eriksson,111.0,03:32
July,Laur Elle,115.0,03:16
No Mercy,Lbeats,112.0,04:17
I Did It for You,"Lecrae,Diamone",100.0,04:54
Whos That,Leikeli47,114.0,03:22
Ben Bernanke,Lemon Demon,105.0,04:29
Marketland,Lemon Demon,105.0,04:37
Lady,Lenny Kravitz,112.0,04:15
Little Girl's Eyes,Lenny Kravitz,119.0,07:44
Dont Worry,"Leon Bridges,Ink",110.0,06:41
Castaway Angels,Leprous,109.0,04:53
Smile,Leven Kali,105.0,03:38
Messin with My Mind,Lewis Brice,116.0,03:28
Nikehead,Lexicon,101.0,03:29
Neighbors,Lightshow,117.0,03:16
Raincheck,Liimo,102.0,03:01
EMPATHY,Lil Bo Weep,106.0,03:28
Baby I Got You,Lil Cuete,119.0,05:13
Emotional,"Lil Keed,Quavo",117.0,03:17
Aint I,"Lil Wayne,Juelz Santana,Fabolous",106.0,05:27
Too Young,Lilo Key,110.0,04:05
Down Another Day,Limp Bizkit,118.0,04:06
Youre No Good,Linda Ronstadt,105.0,03:44
Head to Toe,Lisa Lisa & Cult Jam,114.0,05:03
Water,"Little Dragon,FKJ",114.0,03:19
Rock It,Little Red,107.0,03:30
Talk About It,Lomez Brown,110.0,03:42
Gonna Make You Mine,Loose Ends,106.0,04:30
Ooh You Make Me Feel,Loose Ends,116.0,04:35
High Without Your Love,Loote,102.0,03:11
Miss Jagger,"Lotto Boyzz,kamille",109.0,03:47
Finish Line,Lou Reed,116.0,03:24
September Song,Lou Reed,114.0,04:17
Louis Gucci Fendi,"Louis Baker,Wallace",100.0,04:40
Righteously,Lucinda Williams,102.0,04:38
Streetlights,Ludo,115.0,04:18
Sunshine  Lust Are No Longer Enough,Luna Luna,105.0,03:12
Better Love,Luther Vandross,103.0,06:24
Hustle,Luther Vandross,100.0,05:45
My Sensitivity (Gets In The Way),Luther Vandross,103.0,04:10
She Saw You,Luther Vandross,100.0,05:44
Sunlight,Lydia,112.0,03:34
Ain't No Good Life,Lynyrd Skynyrd,116.0,04:43
While Were Still Pretty,Lü,105.0,03:23
Birds,M Huncho,116.0,03:47
Me and My Brother,M.G.,100.0,04:24
Do my own,"M.anifest,bigBen",107.0,04:12
In My Head,MAALA,105.0,03:24
Hypocrates,MARINA,114.0,04:01
N2S,MIKExANGEL,118.0,03:12
Take em to Church,MO3,113.0,04:17
Bonus Track Song 4 U,Mac Dre,100.0,03:44
I Can See,Mac Miller,115.0,03:40
Little Things,Maddie Poppe,116.0,03:11
The One That You Want,Madi Diaz,114.0,03:22
Breakout,Mads Veslelia,112.0,03:30
You Never Knew Me,Magazine,103.0,05:26
Obsessed,Maggie Lindemann,110.0,03:04
Use Me,Makk Mikkael,100.0,03:13
Get It Wrong,Mali-Koa,113.0,03:06
Hip Hop Be Bop Dont Stop,Man Parrish,119.0,05:40
Im Not Working,Manic Street Preachers,119.0,05:51
Crazy,"Manicomio,Cojo Crazy",103.0,03:10
We Could Leave,Mansionair,118.0,04:26
NaLingi,Manu WorldStar,107.0,03:14
A Song for Everything,Maren Morris,100.0,03:14
How the Mighty Have Fallen,Margo Price,107.0,03:11
Nobody's Fault,"Marianne Faithfull,Beck",102.0,06:28
How Will You Go,Marillion,106.0,04:03
See It Like A Baby,Marillion,117.0,04:32
Like Me Real Hard,Mario,114.0,04:50
Knew Enough,Mark Battles,115.0,03:20
Why Aye Man,Mark Knopfler,111.0,06:12
High Wire,Mark Williams,106.0,03:17
Loyalty Remix,"Marnz Malone,Bandokay,Blanco,K1 Never Forget Loyalty,Cashh,Akz,KayMuni",109.0,04:35
Masochistic Beauty,Marvin Gaye,113.0,04:38
Stay Down,Mary J. Blige,117.0,04:22
Chasing Stardust,Matt Mason,117.0,03:04
Where Angels Fear To Tread,Matt Redman,115.0,05:06
Day After Day,"Matthew Heyer,Kate Elsworth",119.0,03:02
Goliath,"Mattybraps,Haschak Sisters",101.0,04:04
Born and Raised,Mavado,115.0,03:30
Money Changer,Mavado,108.0,03:24
Nike Boots,"Max B,Lil Wayne,Freekey Zekey",101.0,04:30
Daniel,"Max Elto,Jesper Samuelson",108.0,05:57
Grannies,Maxo Kream,103.0,03:31
I'm Gonna Bake My Biscuit,Mazzy Star,106.0,03:16
Wild Horses,Mazzy Star,106.0,03:16
Unity,Mbongeni Ngema,106.0,05:37
Adi Top,Meddy,107.0,03:03
Funk,Meghan Trainor,108.0,03:11
If That Were Me,Melanie C,110.0,04:33
Nowhere to Go,Melissa Etheridge,103.0,05:53
Down Under,Men At Work,107.0,03:42
MOOD,Meng Jia,110.0,03:34
Corn,"Metro Boomin,Gunna",109.0,03:23
Falling in Love Uh-Oh,Miami Sound Machine,109.0,03:53
No Love to Be Found,Michael McDonald,108.0,05:32
Easy On My Love,"Michaël Brun,Janelle Kroll",108.0,03:04
Tougher Than the Rest,Midland,101.0,03:52
Pineapple Skies,Miguel,100.0,04:41
SWIM,Mild Minds,110.0,04:37
Golden G String,Miley Cyrus,105.0,03:55
Do To You,"Miley Cyrus,Dolly Parton",108.0,04:25
Hero With A 1000 Eyes,Miller Ford,118.0,03:18
You Are My Love,Mina,117.0,03:55
Old School Joint,Missy Elliott,113.0,03:59
Happy,Mitski,107.0,03:40
Closer Remix,"Mizgf.C,Konecs,reggie,Switch E",100.0,04:06
Vision,Mo'Kalamity,107.0,03:06
Jam for the Ladies,Moby,100.0,03:21
Gita,Moderat,100.0,04:22
Fight For The Right Love,Modern Talking,100.0,03:41
Youre my heart youre my soul rap version feat.,Modern Talking,117.0,05:34
Dont Sale Molly,"Molly McPhaul,Richard Houghten",114.0,03:52
Seasons of Love,Molly Parden,119.0,04:44
How It Feel Remix,"Money Man,Yo Gotti",112.0,04:02
If You Were My Man,Monica,108.0,03:26
Even Though,Morcheeba,108.0,03:51
Sinner Boy,Morgan Saint,110.0,03:39
More Mountains,Mountain Boy,107.0,03:10
Days,Moy-ya,116.0,03:13
Echo Arms,Mr Twin Sister,108.0,04:27
Power of Two,Mr Twin Sister,108.0,04:27
Walmart,Mr. Ghetto,102.0,04:31
I Got it Bad Over You,"Mr. Knightowl,Brenton Wood",108.0,05:36
Fish,Mr. Scruff,108.0,04:18
I Just Want You Around,Ms. Lauryn Hill,100.0,05:20
Keep It Tight,Ms. Lauryn Hill,100.0,05:20
Since I Found A New Love,Ms. Lauryn Hill,100.0,05:20
Messy Love,Mura Masa,110.0,03:45
Dontchange,Musiq Soulchild,102.0,05:04
Pressure,"Mustard,Vince Staples,ScHoolboy Q",105.0,03:59
Still Thinkin,My Morning Jacket,113.0,04:13
Im Not Worth It,NEFFEX,102.0,03:12
Right Now,"NURKO,Misdom",100.0,03:14
Paper Boats,Nada Surf,101.0,06:39
Faulty by Design,Name UL,113.0,04:08
Apple Cherry,Nao,110.0,03:42
Lessons,Naomi Wild,110.0,03:32
In My Reality,Natalie Cole,117.0,05:21
So Long,Natalie Grant,102.0,04:35
Somebody,"Natalie La Rose,Jeremih",105.0,03:09
Payback,"Nate Good,Justin Stone",108.0,04:10
Id Be Waiting,Nathaniel Rateliff & The Night Sweats,110.0,04:07
Parlor,Nathaniel Rateliff & The Night Sweats,110.0,04:07
S.O.B.,Nathaniel Rateliff & The Night Sweats,110.0,04:07
Still Out There Running,Nathaniel Rateliff & The Night Sweats,110.0,04:07
Wasting Time,Nathaniel Rateliff & The Night Sweats,110.0,04:07
19 Naughty III,Naughty By Nature,102.0,04:43
Be-Cleve In Yourself,"Ne-Yo,Kanye West",110.0,03:44
Dope Boy,"Nef The Pharaoh,Berner,Dyce",100.0,03:44
Orgonon Gurlz,Neil Cicierega Archive,113.0,04:19
Living with War,Neil Young,113.0,05:03
Winterlong,"Neil Young,Crazy Horse",105.0,03:39
A Rock Star Bucks a Coffee Shop,"Neil Young,Promise of the Real",114.0,05:00
Made For You,"Neo Noir,Brooke Williams",101.0,03:52
We Care a Lot Original Version,New Tribute Kings,109.0,04:01
Used To Look Up To You,Nick Cannon,100.0,03:33
The Doing Is Done,Nick Mulvey,114.0,05:26
Letter to Lil Wayne,"Nicki Minaj,Drake",110.0,03:55
Sixty/Forty,Nico,108.0,04:55
I Believe Get Over Yourself,Nico Vega,100.0,04:31
Powers Out,"Nicole Scherzinger,Sting",104.0,04:08
Welcome To The World,Nicolette Larson,114.0,03:11
Loyal to Me,Nina Nesbitt,106.0,03:13
Niykee,Niykee Heaton,112.0,05:22
Heads Up,Nkese P,102.0,03:43
Worth None,Noga Erez,112.0,06:55
Red Lights,Notifi,100.0,04:09
Love In The City,OG Maco,109.0,04:26
Who Else,"OHGEESY,BlueBucksClan",104.0,03:04
Obsession,OK Go,104.0,03:08
Am I Talking Too Much?,OSTON,107.0,03:12
Racoon - Oceaan English Translation,"Oceans Before Me,Mara TK,Troy Kingi",107.0,04:31
Lick,Offset,103.0,03:24
Recognize,"Ol' Dirty Bastard,Chris Rock",100.0,04:55
Silvery Rain,Olivia Newton-John,115.0,03:40
Crazy Crazy,OmenXIII,105.0,05:47
Lowlife,OmenXIII,115.0,03:20
Child of Rage,Oneohtrix Point Never,119.0,04:52
I M B E C I L E My Idiot Lover,Ordo Rosarius Equilibrio,109.0,04:30
Better Life,P!nk,103.0,03:20
Let Me Let You Know,P!nk,115.0,04:44
We Made It,"POETIK,Stallyano,GodFamilyHustle",101.0,03:16
Whatcha Gonna Do?,Pablo Cruise,110.0,04:16
Take Me To A Place,"Pablo Nouvelle,LIV",117.0,03:56
It Must Be Love,Paolo Nutini,105.0,03:41
As I Am,Paper Bird,105.0,04:16
The Night Chicago Died,Paper Lace,107.0,03:23
Closetowhy,Parcels,110.0,05:30
Credits,"Parcels,Dean Dawson",115.0,03:36
Heavens Radio,"Parov Stelar,Y'akoto",105.0,03:08
All My Love and All Your Love Together We Are Fine,Part Time,113.0,04:06
Fallin' For You For Years,Party Tyme,113.0,04:24
Its All About Him,Party Tyme,110.0,03:45
Colorblind,"Pasha,Soul Gem",113.0,03:05
Don't Walk Away,Pat Benatar,100.0,04:40
What Do You Know About Love?,"Patti Murin,Jelani Alladin",114.0,04:38
My Blakean Year,Patti Smith,105.0,05:16
Deep Deep Feeling,Paul McCartney,112.0,08:25
That Was Your Mother,"Paul Simon,Gui Boratto",115.0,06:17
Out of the Sinking,Paul Weller,102.0,03:51
Shampoo Bottles,Peach Pit,107.0,03:44
You and Your Friends,Peach Pit,107.0,03:44
Start Without Me,Pedro The Lion,115.0,03:13
Now You Know,Pell,115.0,03:42
Hunting Song,Pentangle,112.0,06:40
Cheerleader,Pentatonix,118.0,03:02
Go Tell It On The Mountain,Pentatonix,110.0,03:03
Misbehavin,Pentatonix,107.0,03:42
Upload,"Penthouse Penthouse,Bobby Saint",116.0,03:27
Chandelier Thief,Petal,107.0,03:34
Good Now,Phangs,107.0,03:17
Can I Have It Like That,"Pharrell Williams,Gwen Stefani",101.0,03:55
Against The Odds,Phil Collins,116.0,03:26
T.S.R.,Phil Collins,116.0,03:26
Ill Be Your Home,Phillip LaRue,114.0,03:56
April,Pianos Become The Teeth,116.0,04:41
Darkness,Pinegrove,106.0,04:33
Once You Go Flat Rap,Pipsy,111.0,03:39
In My Arms,Plumb,115.0,04:03
Anesthetize,Porcupine Tree,110.0,17:52
Green Isaac,Prefab Sprout,110.0,03:30
Hallelujah,Prefab Sprout,100.0,04:18
Coastline,Preme,105.0,03:30
Comb My Hair,"Pretty Boy Aaron,Bruhnice,Tesia",100.0,03:35
Finally Moving,Pretty Lights,100.0,04:37
Reloader,Priest,115.0,03:24
Cream,Prince,116.0,04:13
Special Somebody,Prince Bopp,114.0,04:10
Round and Round,"Prince,Tevin Campbell",107.0,03:55
Psypher 3,"Psycho Maadnbad,Zepek",114.0,03:12
Fear of a Black Planet,Public Enemy,106.0,04:42
Religion I,Public Image Ltd.,109.0,05:52
Death Comes To Town,Pulp,111.0,04:26
Were Going Crazy,"QoryGore,Matthew Sayersz",108.0,03:02
Take Another Picture,Quarterflash,114.0,03:32
Another One Bites The Dust,Queen,110.0,03:34
Heaven for Everyone,Queen,110.0,05:36
I Want To Break Free,Queen,109.0,04:18
Leaving Home Ain't Easy,Queen,108.0,03:15
Domesticated Animals,Queens of the Stone Age,117.0,05:20
Something Special,Quincy Jones,103.0,03:57
Don't Let Go,R. Kelly,101.0,03:23
Love Street,R. Kelly,101.0,04:37
One Man,R. Kelly,116.0,04:57
Unusual,"RAC,MNDR",100.0,03:45
Substitute,RINI,110.0,03:31
House of Cards,Radiohead,112.0,05:28
If You Say the Word,Radiohead,110.0,04:20
Regulators,"Rafael Casal,Daveed Diggs,T-Pain",100.0,03:56
Across The Sky,Rag'n'Bone Man,107.0,04:18
The Comedown,Rainbow Kitten Surprise,115.0,03:51
612,Rajitheone,113.0,04:01
You Wit Me,"Ralo,Young Dolph",115.0,04:01
Bulletproof,Ramin Djawadi,102.0,03:15
Bye Bye Baby,Ramones,119.0,04:35
Losing Sleep,Rationale,102.0,03:30
Cigarette Song,Raury,112.0,03:55
Revolution,Raury,109.0,03:16
If It Wasn't For Bad Luck,Ray Charles,106.0,04:45
I Dont Think That Man Should Sleep Alone,Ray Parker Jr.,112.0,04:14
Losing My Mind,"Real Hypha,Providence",104.0,03:01
You Let Her Go Again,Reality Club,114.0,03:29
How Great Your Love Is Live,Red Rocks Worship,112.0,06:01
Red Velvet - Cookie Jar English Translation,Red Velvet,106.0,03:45
Red Velvet - Dumb Dumb English Translation,Red Velvet,106.0,03:45
Red Velvet - I Just English Translation,Red Velvet,106.0,03:45
Red Velvet - Milkshake English Translation,Red Velvet,106.0,03:45
Red Velvet - Talk To Me English Translation,Red Velvet,106.0,03:45
80 BARZ,Redman,110.0,03:08
Kill the Love,Reem,107.0,03:12
Bye Polar,Rejjie Snow,117.0,03:09
Conceited Theres Something About Remy,Remy Ma,100.0,03:39
Ryda,Remy Ma,100.0,03:39
Poison,Reneé Rapp,111.0,03:11
When She Cries,Restless Heart,105.0,03:42
WDYM,"Rex Atirai,Samson Squad,Lomez Brown,Abby Baby,Amuri Boys,G Baby,Ladies Ma Wale,Master Dragon,Stavey Town,Tauraki Superstars Sisters",110.0,05:03
Canvas,Rezonate,101.0,06:35
Black Rain,Rhye,112.0,03:51
Lord Forgive Me,Rich Homie Quan,103.0,03:54
Lily,Richard Dawson,110.0,06:38
Torn,Richard Fairlie,102.0,03:04
Love To Love You And Tonight Pigs Will Fly,"Richard Sinclair,David Sinclair,Pye Hastings,Richard Coughlan,Caravan",115.0,03:03
Stupid,Ricky Hil,116.0,03:43
Terror Wrist,Riff Willer,115.0,05:23
Under the Blacklight,Rilo Kiley,117.0,03:36
Bring Me Down,Rivermaya,116.0,04:30
Donuts,"Ro Ransom,Kensei Abbot",100.0,03:57
Meetings,"Rob $tone,Denzel Curry",118.0,03:15
Every Town Will Celebrate,Robert Blake / Erik Petersen,109.0,03:32
Move Love,"Robert Glasper,We Are KING",100.0,03:18
I Recall,"Robert Parker,Preston Knight",100.0,04:43
Dont Make Me Wait Too Long,"Roberta Flack,Donny Hathaway",115.0,07:48
Watching You,Robinson,110.0,03:10
Lies,"Rockit Music,Dan Bull",108.0,03:28
Passion,Rod Stewart,104.0,05:33
Antisocial,Roddy Ricch,117.0,03:16
The Bot Fortnite Parody | Roddy Ricch - The Box,Roddy Ricch,117.0,03:16
Were Going Up to the High Places,"Ron Kenoly,Integrity's Hosanna! Music",108.0,04:51
Louid Down,Ronny Jordan,111.0,05:08
Car Wash,Rose Royce,118.0,05:08
Put Your Money Where Your Mouth Is,Rose Royce,112.0,03:24
Funeral Party,Rose Villain,101.0,03:03
Summertime,Rotimi,104.0,03:22
Nobody,"Rotimi,50 Cent,T.I.",118.0,04:07
B-Town,Roy Woods,112.0,03:46
How I Feel,Roy Woods,112.0,03:43
B Yo Guhh,Ruben Slikk,113.0,03:08
Royal Moon,Ruby Haunt,110.0,04:30
Emo Like A Nazi,Rucka Rucka Ali,115.0,04:16
Kinder Eyes,"Ryan Riback,Ryann",100.0,03:01
Love Is Blind,Rylo Rodriguez,118.0,04:21
Pick Up The Phone,S-X,103.0,03:01
ISOU,SHAED,101.0,03:33
Angry Ex,SINNAH,103.0,03:14
Dont Let Go Love,SIX60,110.0,03:21
Summer of Love,SIX60,103.0,03:31
Keep It Up,SNAP!,109.0,04:05
Upside Down,"SONNY OH!,Deraj,Quinten Coblentz",110.0,03:15
Currently,SOS,111.0,03:23
Wife,Sabrina Carpenter,107.0,03:06
Stranger in Paradise,"Saco,Bram Bos,Alex Cruz",116.0,03:56
Step In the Name of Love,SahBabii,105.0,03:25
Catch Me At The Light Remix,Salmonella Dub,105.0,06:47
FIRST TIME IN A LONG TIME,Salmonella Dub,105.0,06:47
Having a Good Time,Salmonella Dub,105.0,06:47
Long Time Comin,Salmonella Dub,105.0,06:47
When the school shooter comes to the Studio,Salmonella Dub,105.0,06:47
Blacks Magic,Salt-N-Pepa,107.0,03:33
Lets Talk About AIDS,"Salt-N-Pepa,Ben Liebrand",107.0,03:30
One Last Song,Sam Smith,103.0,03:12
Better Off,Sammie,117.0,04:11
Im Him,Sammie,105.0,03:12
The Distance,San Cisco,117.0,03:51
The Eyes Of Jenny,Sandy Coast,119.0,04:24
One Last Time,Sara Watkins,118.0,03:08
Lie,Sasha Alex Sloan,104.0,03:29
Mellisa Pink,Saudi,111.0,05:43
American Love,"Scotty Sire,Elijah Blake,Myles Parrish",102.0,03:32
I Am the Cool,Screamin' Jay Hawkins,104.0,04:19
Power,Secret Weapons,110.0,03:25
Hands To Myself,Selena Gomez,111.0,03:20
You and Me,Shallou,113.0,03:54
Need You Now,"Shane Filan,Matt Furmidge",110.0,03:55
Say I Come Over,Shane Harper,103.0,03:52
Mi Like Remix,"Shauna Shadae,SNE,Ms Banks",118.0,03:57
Ride,Shea Couleé,104.0,05:47
Crow,Shellac,119.0,04:47
Temptation Overdrive,Shenseea,100.0,03:09
Cant Cry Anymore,Sheryl Crow,111.0,03:41
Megazord Remix,"Shonen Swamp,Swamp G,Ugly God,Yung Dylan",115.0,05:05
Two,Shordie Shordie,117.0,03:22
Behind the Walls East Coast Gangsta Mix,"Shyne,Kurupt,Nate Dogg",101.0,04:29
Angel By The Wings,Sia,104.0,05:19
Sophisticated Space,Sidney Gish,105.0,03:14
NY,Simon & Garfunkel,102.0,04:49
Someone Somewhere in Summertime,Simple Minds,100.0,04:37
Take Her From You,Singer's Edge Karaoke,100.0,03:25
Move Something,Sir Michael Rocks,102.0,03:11
Im Ready,"Skizzy Mars,Olivver the Kid",109.0,03:36
R.I.P. OG D,Skooly,113.0,04:10
Building the Ark,"Slaughter Beach, Dog",112.0,04:24
Moses,Slick Rick,103.0,04:04
Runaway,Slick Rick,102.0,03:49
Who Rotten Em,Slick Rick,103.0,03:28
Back to the Basics,Slimelife Shawty,113.0,03:23
No Longer Making Time,Slowdive,107.0,05:48
Dont Come Back Another 100 Times,Slum Sociable,105.0,04:05
Rene,Small Faces,117.0,04:28
Blkoscars,"Smino,Jay2",104.0,03:40
If Its Love,Smokie,102.0,05:17
Mexican Girl,Smokie,113.0,03:57
Gang,"Sneakbo,DarkoVibes,Kwesi Arthur",104.0,03:09
CEO,Snoop Dogg,102.0,03:25
Luv Drunk,"Snoop Dogg,The-Dream",100.0,03:55
From Long Beach 2 Brick City,"Snoop Dogg,Warren G,Redman,Nate Dogg",103.0,03:43
Like That,Snow Tha Product,103.0,03:07
Salvation,SoMo,112.0,03:08
Kumbaya,Social Club Misfits,110.0,03:49
Nice Dreams,Son Little,112.0,04:11
Back to You,SonReal,119.0,03:35
No Warm Up,SonReal,109.0,03:37
Imperfectly Perfect,Sophie Michelle,115.0,03:20
Hit the Highway,Soulja Slim,112.0,03:56
Booster Seat,Spacey Jane,112.0,04:28
Sunlight,Spacey Jane,112.0,04:28
Before Destruction,Spoon,113.0,03:17
The Mystery Zone,Spoon,119.0,04:59
Some Americans,Squeeze,104.0,04:41
What's Wrong With This Picture?,Squeeze,110.0,03:24
One Of A Kind,"Sremm Life Crew,Impxct",112.0,03:52
A Brighter Love,St. Lucia,114.0,05:32
Heaven Sent You,Stanley Clarke,102.0,05:59
All The Reasons,Status Quo,117.0,03:40
Answer the Call,Steve Green,118.0,04:44
Overdrive,Steve Miller Band,106.0,03:53
Will You Stay,Steven Suvada,117.0,04:50
I Ain't Gonna Stand For It,Stevie Wonder,114.0,04:39
Spiritual Walkers,Stevie Wonder,113.0,05:13
Its My Turn,Stezo,104.0,03:41
Strength,Stogie T,110.0,04:11
Dancing Days,Stone Temple Pilots,112.0,03:54
Heals My Heart,Stop Light Observations,119.0,03:57
Tired,Sugar Candy Mountain,104.0,03:38
Uwu O Well,SuiSai,100.0,04:50
Fight For Love: Aria for Myth,Sumi Jo,110.0,04:21
Love Is for Losers,Summer Thieves,104.0,04:03
NFTs,Summer Thieves,115.0,03:39
On the Couch,Summer Thieves,115.0,03:39
Summer Country Songs,Summer Thieves,115.0,03:39
Bloom,Surfaces,115.0,03:03
Eye of the Tiger,Survivor,109.0,04:03
Say It With Your Chest,"Suspect OTB,Flyo",114.0,04:31
Highway,Suzi Wu,110.0,03:18
Lets Agree to Disagree,T'Zar - Teuira Williams,105.0,03:26
Geeked Up,"T-Shyne,Young Stoner Life,NAV",118.0,03:44
Living,TENDER,114.0,03:58
Somebody Else,TOTEM,105.0,05:22
My Girlfriend,TV Girl,103.0,04:08
In Your Blood,Taelor Gray,113.0,03:13
Favela Love,"Talib Kweli,Seu Jorge",100.0,06:19
The Big Country,Talking Heads,111.0,05:33
Miracle,Tauren Wells,118.0,03:42
The Lucky One,Taylor Swift,118.0,04:00
The Lucky One Taylors Version,Taylor Swift,118.0,04:00
Writing Songs About You,Taylor Swift,111.0,03:16
All Good,Tdot illdude,100.0,03:06
Short-Haired Girl,Tear Ducks,106.0,04:47
Some Good,"Tech N9ne Collabos,JL,Tech N9ne",100.0,03:33
Gettin 2 It,"Teezee Hastings,Sister Laar,SpekDogg",105.0,03:11
Before My Eyes,Tesla,114.0,05:31
James Dean,That Handsome Devil,114.0,04:51
Change of Heart,The 1975,105.0,04:43
Two,The Antlers,110.0,05:55
Come  Go,The Arcs,109.0,04:00
Cap,The Bahama Soul Club,110.0,04:30
Nobody is a nobody,The Bahama Soul Club,104.0,04:33
Lets Talk About Sex,The Baseballs,103.0,03:30
The Story,The Beatles,115.0,03:14
His Time Ran Out,The Beautiful South,108.0,03:35
Do You Want Me Now,The Beths,113.0,04:16
Nightbird,The Brian Jonestown Massacre,111.0,03:26
Im in Touch with Your World,The Cars,112.0,03:31
Falling in Love for the Night,"The Charlie Daniels Band,Crystal Gayle",109.0,03:32
Hannas Theme Vocal Version,The Chemical Brothers,100.0,05:25
As The Light Cracks The Foundation,The Chills,115.0,03:28
On a Mission,The Chills,115.0,03:28
Summer Smokes,The Chills,115.0,03:28
Haunted,The Coronas,100.0,03:43
Where Well Never Die,The Crabb Family,100.0,03:21
Crow and Cackle,The Dear Hunter,108.0,05:42
I Still Want You,The Del Fuegos,116.0,03:52
Bird on a Broken Wing,The Felice Brothers,107.0,05:14
Deeper and Deeper,The Fixx,111.0,03:45
I Fell in Love Again Last Night,The Forester Sisters,107.0,03:13
Me and We and I,The Frights,105.0,04:50
At Last The King,The Gray Havens,112.0,04:09
Caracas,The Hollies,107.0,03:17
I'm Coming Back,The Human League,109.0,04:12
Contagious,The Isley Brothers,113.0,05:46
Superstar,The Isley Brothers,105.0,03:54
On the Wall,The Jesus and Mary Chain,101.0,05:05
Build a Fire,The KLF,110.0,04:41
Black Balloon,The Kills,119.0,03:50
Tape Song,The Kills,116.0,03:37
In A Space,The Kinks,109.0,03:44
A Lung,The Knife,105.0,03:26
Hang On Sloopy,The McCoys,115.0,03:51
How to Embrace a Swamp Creature,The Mountain Goats,110.0,03:29
Mobile,The Mountain Goats,118.0,03:42
Thank You,The Pale Fountains,115.0,03:06
That's When He Told Her,The Proclaimers,110.0,03:51
Pop Pop,"The Pussycat Dolls,Snoop Dogg",116.0,03:30
Going Down Swinging,The Radio Dept.,113.0,04:25
The Garbage Man,The Simpsons,104.0,05:10
Dont Worry,The Sound of Arrows,108.0,04:16
Go Tell It On The Mountain,The Sounds Of Garth Brooks,111.0,03:51
Meet Me In Love,The Sounds Of Garth Brooks,111.0,03:51
Truly Yours,The Spinners,108.0,03:04
I Hate How Much I Want You,"The Struts,Phil Collen,Joe Elliott",118.0,03:23
Cloud Nine,The Temptations,118.0,03:31
Million Words,The Vamps,113.0,03:42
The Party  The After Party,The Weeknd,102.0,07:39
Danny and My Ponies,The Who,102.0,04:02
Shivers,"The Witches,Nick Cave",115.0,04:48
Time of the Season,The Zombies,117.0,03:34
Yours Forever,TheOvertunes,102.0,03:31
Downtown Sundown,Thin Lizzy,114.0,04:06
Tug of War,Tilian,112.0,03:34
Im Only Shooting Love,Time Bandits,118.0,04:53
Sacrifices,Tinashe,114.0,04:14
City Sickness,Tindersticks,117.0,04:01
FMB,Tink,115.0,03:25
A Side / B Side,Tipling Rock,115.0,03:06
What I Need,Toby,115.0,03:08
Where Are You Tonight ?,Tom Johnston,114.0,04:01
Famous,Tom MacDonald,110.0,03:38
Money Becomes King,Tom Petty and the Heartbreakers,111.0,05:10
All By Myself,Tommy Mears And His Eagles Club Orchestra,116.0,03:01
Miss Me,Toni Romiti,107.0,03:39
Baby Doll,Tony! Toni! Toné!,106.0,05:42
I Want Your Girl,"Too $hort,E-40,Dolla Will,Mr. F.A.B.",107.0,03:34
Colt 95,Tory Lanez,105.0,03:46
I Sip,Tory Lanez,100.0,03:16
Slept on You,Tory Lanez,107.0,03:57
Slow Down,Tory Lanez,105.0,03:46
The Process,Tory Lanez,105.0,03:46
Watch for Your Soul,Tory Lanez,105.0,03:46
Wild Thoughts Remix,Tory Lanez,107.0,03:57
Wind It Remix,Tory Lanez,107.0,03:57
You Know,Tory Lanez,107.0,03:57
Influence,"Tove Lo,Wiz Khalifa",105.0,03:44
Wanna Be Somebody,"Tracy T,Gunplay",115.0,03:45
Rolled Up,"Trav,Belly,Tory Lanez",110.0,04:52
Foolish Pride,Travis Tritt,117.0,04:18
Drop It Remix,"Trevor Jackson,B.o.B",100.0,03:23
Real Love,Trey Day,106.0,04:14
About You,Trey Songz,102.0,03:16
Hard Times,Trey Songz,116.0,05:13
Ho But You Cant Help It,Trick Daddy,113.0,03:27
In da Wind,"Trick Daddy,Big Boi,CeeLo Green",114.0,04:20
Birthday,"Twista,Gucci Mane,Busta Rhymes,Akon,R. Kelly,Boosie Badazz",110.0,03:42
Cash Splash NASA,Tyga,105.0,03:14
Brand New Money,"Tyga,YG,Lil Wayne",105.0,03:02
She Bad,Tyla Yaweh,105.0,03:41
Focus,Tyler Carter,114.0,03:33
I Got A Chick Remix,Tyrese,113.0,04:54
I Must Be Crazy,Tyrese,115.0,04:47
Pick Up the Phone,Tyrese,113.0,04:54
Peace on Earth,U2,102.0,04:48
I've Been Missing You,UB40,111.0,03:12
Look at Me,UGK,107.0,03:46
Whatever I Want,USHER,101.0,03:10
Smack My Bitch Up,Ultramagnetic MC's,109.0,04:11
Cant Help Myself,"Uncle Reece,Jordan Armstrong",115.0,04:17
How Do You Know Me so Well?,Unknown Mortal Orchestra,104.0,03:50
Here Comes the Feeling,Until The Ribbon Breaks,100.0,03:29
Hurt So Good,VIAA,105.0,03:35
Wonderful Remark,Van Morrison,100.0,08:01
My Love,VanJess,112.0,03:47
Walls,Vandelux,118.0,03:46
Smooth Sunrise,"Vandelux,Alex Maher",115.0,04:00
Hooked,Vanilla Ice,102.0,04:52
Too Cold,Vanilla Ice,116.0,04:22
Every Time Around,Vansire,111.0,03:36
Future Love,Varsity Fanclub,100.0,03:47
Glad to See You,Vedo,112.0,03:38
Calling,Verzache,100.0,03:02
Ashes,Villain of the Story,105.0,04:41
Girl,Vince Gill,100.0,03:43
Nothin' Left To Say,Vince Gill,107.0,03:56
Out of Sight,Violet Orlandi,115.0,03:34
Baby I Dont Know Oh Oh,"Vulfpeck,Charles Jones",113.0,03:28
Adiana,Vybz Kartel,102.0,03:08
Sexability,Vybz Kartel,101.0,03:24
Thats What I Get,Wallows,110.0,03:51
Sloppy Seconds,Watsky,118.0,04:07
Weather Announcement,Webster Longman,114.0,03:26
My Own,Westlife,109.0,04:19
Lights Out,"Westside Connection,Knoc-Turn'al",101.0,03:42
I Sucked Another Dick Last Night,Wheeler Walker Jr.,116.0,03:50
Until You Come Back,Whitney Houston,100.0,04:52
Ember - Radio Edit,WhoMadeWho,104.0,03:25
City Of Dreams,Widespread Panic,105.0,06:20
Wicked Game,Widowspeak,106.0,04:11
Daytime Nightime Suffering,Wings,108.0,03:22
Letting Go,Wings,100.0,04:32
Come Closer,"Wizkid,Drake",100.0,03:31
Running From My Savior,Wolfie's Just Fine,110.0,04:24
Speaking Hands,Wovenhand,109.0,04:00
The Coldest Dish,Wrekonize,113.0,04:18
I Dont Want To See You Anymore,XYLØ,102.0,03:30
I Know,"YG,Mitch",106.0,03:42
Rugrat,"YVS VILLAGE,ppcocaine",102.0,03:32
Truly Be Missed,Yak Gotti,118.0,03:15
Ambition,Yaksta,101.0,03:41
Situation,Yazoo,119.0,05:45
Like I Love You,Yelawolf,107.0,03:44
How I Feel,Yemi Alade,106.0,03:04
Errrbody,Yo Gotti,104.0,04:21
Rescue Me,You Me At Six,104.0,04:31
DONT PUSH ME,"Young T & Bugsey,Headie One",108.0,03:27
Check,Young Thug,111.0,03:50
Territorial,YoungBoy Never Broke Again,100.0,03:12
Whiskey Tango Foxtrot,Youngblood Brass Band,100.0,05:44
Miami Ultras,Yung Lean,105.0,04:23
Bonfire,Yusuf / Cat Stevens,110.0,04:10
Late Night,"Yxng Bane,Kojo Funds,DJ Tunez",100.0,03:31
Golden,"ZAYN,Taylor Swift",118.0,04:07
Waters of Monaco,ZHU,112.0,05:27
Give Me One Reason,ZOEgirl,109.0,04:52
A Fool for Your Stockings,ZZ Top,115.0,04:14
Im Bad Im Nationwide,ZZ Top,102.0,04:46
Trap Ballad,Zeina,107.0,03:17
Mono feat. Hidden,Zero 7,101.0,05:17
Nothing,Zola Blood,118.0,04:00
Pene,Zucchero,105.0,05:26
Out of Blue Comes Green,a-ha,112.0,06:42
​cheers,blackbear,111.0,03:32
​if i were u,blackbear,111.0,03:32
​short kings anthem,blackbear,111.0,03:32
Outside,dvsn,107.0,04:31
All Night,"fcj,Chevy",100.0,03:51
Stromboli Strollin,hooligan chase,112.0,03:01
Here Comes the Hotstepper Heartical Mix,"iNi Kamoze,Salaam Remi",100.0,04:10
Alibi,"niko+,Clans",110.0,03:14
Anomalies,samodir,100.0,03:27
Arizona,snny,107.0,03:42
Alone somehow,sobhhï,101.0,03:13
Question Us,wewantwraiths,103.0,03:32
Everythings Alright,"塞壬唱片-MSR,DJ Okawari,Kaori Sawada",105.0,04:09
Trash Day,"\Weird Al\"" Yankovic""",108.0,03:11
Voices Carry,'Til Tuesday,105.0,04:23
10 Purple Summers,03 Greedo,100.0,03:33
Kellys 12-Play Remix,112,102.0,03:51
Peaches  Cream,112,102.0,03:13
Here We Go Again,2 Chainz,106.0,03:01
Hot Wings,"2 Chainz,Ty Dolla $ign",100.0,03:13
Dresser Lil Boy,"2 Chainz,Young Thug",100.0,03:48
Run Alone,360,115.0,04:33
No Luck,3d Na'tee,102.0,03:13
LAX,"88rising,NIKI",100.0,03:20
Set Dat Bitch Off ICYTWAT Remix,"A$AP Mob,A$AP Rocky,Skepta",112.0,03:21
Floss,"AJ Tracey,MoStack,Not3s",105.0,03:02
Truckers Are the Blood,AJJ,111.0,03:01
Python,"AKA,Don Design,Moozlie",100.0,04:55
AKMU - BENCH ft. Zion.T English Translation,"AKMU,Zion.T",108.0,03:45
Laid my eyes on you remix,Aaliyah,119.0,04:52
Attitude,Aaron Carpenter,103.0,03:26
Closure,Ab-Soul,112.0,03:25
Pretty Things,Adam Friedman,100.0,04:05
In the end,"Aidan,Habition,Guardin'",107.0,03:39
Nothing Is Good Enough,Aimee Mann,116.0,03:09
Clap Again,Akon,100.0,05:10
Lets Get Married,Al Green,115.0,03:23
Old Flame,Alabama,111.0,03:11
Pop A Top,Alan Jackson,118.0,03:05
When Im Gone,Albert Hammond,112.0,04:23
Fifteen,"Aldenmark Niklasson,Divty",118.0,03:02
October,Alessia Cara,107.0,04:00
Work the Middle,Alex Aiono,101.0,03:33
Hey Little Child,Alex Chilton,117.0,03:43
Residual Effects,"Alex Wiley,Hippie Sabotage",116.0,04:32
Things I Thought Were Mine,Alfie Templeman,100.0,03:13
Pretty Ballerina,Alice Cooper,113.0,03:01
The Start,Aliocha Schneider,117.0,03:14
You Sexy Thing,All-Star Sexy Players,104.0,04:09
Low Key,"Ally Brooke,Tyga",109.0,03:21
Of All Time,"Allyn,Dom Kennedy",100.0,03:01
Said it Already,Ama Lou,105.0,03:50
All Night,America,118.0,03:27
Everyone Is Dressed Up,American Football,108.0,03:38
Letter,American Football,117.0,03:21
Letters and Packages,American Football,117.0,03:21
Breaking News,Ameritz Countdown Karaoke,113.0,04:13
Difficult,Amy Allen,116.0,03:20
Fuck Me Pumps,Amy Winehouse,103.0,03:20
Lockdown Remix,"Anderson .Paak,JID,Jay Rock,Noname",100.0,04:27
Blood N My Hair,Andre Nickatina,102.0,03:47
Every Pretty Girl,Andrew Barth Feldman,118.0,03:50
Not Mine,"Andy Mineo,Joseph Solomon",108.0,03:16
The Streets Where I Belong,Annie,115.0,04:10
Either Way,Anthony Ramos,110.0,03:13
Un-American,Anti-Flag,115.0,03:10
HOME,Aries,115.0,03:46
Go Home,Arizona Zervas,100.0,03:43
Solid,Ashford & Simpson,101.0,05:12
Solid As a Rock,Ashford & Simpson,101.0,05:12
’Til We Get It Right,Ashford & Simpson,101.0,05:12
Messed Up,"Asiahn,Jordan Hawkins",112.0,03:30
Somethin About U,Astronomyy,109.0,04:25
Chances,Athlete,110.0,04:50
4712,Audrey Mika,114.0,03:05
45 Minutes From Somewhere Out There,Avalanche City,100.0,03:12
Touch Down,Avery Wilson,100.0,03:19
Headknocker,Azizi Gibson,100.0,03:01
Intro,Azizi Gibson,100.0,03:35
Strapped,BAYNK,115.0,03:30
Back to Black,BENEE,110.0,04:02
Rather Be with You,BJ The Chicago Kid,109.0,04:25
Do Not QuEStion,BLOCBABYZ,102.0,04:04
NowThatYouSaidItLikeThat,BONES,118.0,03:02
Loneliness,Babyface,104.0,04:36
Paperwork Party,"Babyface Ray,Jack Harlow",100.0,03:22
Im Paranoid,Backing Track Central,114.0,03:44
Johnny Cash Man in Black,Badd Wolf,110.0,03:49
Slip n slide remix,Baeza,112.0,05:14
: sad face,Bahari,110.0,03:08
Tarzan Boy,Baltimora,107.0,06:18
Pussy Cock  God,Bass Astral x Igo,106.0,04:41
R U Aaliyah?,"Bawal Clan,Just Hush,DZ SVG,OJ River,Krissy,Yung Bawal",115.0,04:22
BABY MAMA COOCHIE,"Bbyafricka,Saweetie",103.0,03:25
Heartbeat,Beckah Shae,105.0,03:46
Edge of the Universe,Bee Gees,105.0,05:22
Ever Had a Little Faith?,Belle and Sebastian,112.0,04:21
Consuela,"Belly,Young Thug,Zack",112.0,03:46
Someone In The Doorway,Ben Howard,100.0,04:56
No Angel,Beyoncé,112.0,03:48
As Dust Dances,Biffy Clyro,114.0,04:22
Come on Down,"Big Daddy Kane,Busta Rhymes,Q-Tip",100.0,03:54
Enjoy N Life,Big Syke,107.0,03:44
Good Timez,Big Syke,103.0,04:02
Touch,Big Wild,106.0,03:32
Oh Yeah,Bill Withers,106.0,04:04
Telegraph Ave,Billie Eilish,110.0,05:03
Ruin,Billie Marten,102.0,03:38
Shining Star,"Billy Porter,Cinderella Original Motion Picture Cast",106.0,03:55
Timing,Bilmuri,110.0,03:40
Are You Happy,Bipolar Sunshine,102.0,03:24
Leather Face,"Bizarre,Hopsin",116.0,06:45
Dios Mios,Bizzy Crook,100.0,03:19
Son Get Wrec,"Black Moon,Smif-N-Wessun",100.0,03:28
Im Not Strong Enough To Say No,BlackHawk,111.0,04:14
Make You Feel That Way,Blackalicious,118.0,03:26
The Blowup,Blackalicious,118.0,03:26
Son of the Bourbon,Blackberry Smoke,116.0,03:03
You Got Lucky,"Blackberry Smoke,Amanda Shires",103.0,05:15
FLAWLESS,"Blake Anthony,John Savage",105.0,04:19
All My Heroes,Bleachers,118.0,03:03
Pillow,"Blonde Maze,Half an Orange",106.0,03:38
Goodbye Jimmy Reed,Bob Dylan,100.0,04:13
Mr. Chatterbox,Bob Marley & The Wailers,115.0,05:38
Heaven Only Knows,Bob Moses,107.0,04:22
Ill Be Good To You,Bobby Brown,108.0,04:25
Love Wont Wait,Bobby Caldwell,115.0,04:08
Mind on Our Money,Bone Thugs-N-Harmony,104.0,05:10
Mr. Bill Collector,Bone Thugs-N-Harmony,116.0,05:01
Love Was My Alibi,Bonneville,112.0,03:50
Runaway,Bonnie Raitt,105.0,03:55
Gimme Dat Woy,Boogie Down Productions,101.0,03:04
No Loyalty,"Boosie Badazz,Rich Homie Quan",103.0,05:20
Handcuffs,Brand New,103.0,04:10
You Stole,Brand New,100.0,05:59
Feels So Good,Brand Nubian,104.0,05:04
Against the World Acoustic,Brian Davis,118.0,03:58
Every Time You Go Away,Brian McKnight,114.0,04:42
American Skin,Bruce Springsteen,103.0,07:22
Love Is Strange,Buddy Holly,109.0,03:04
Hey Ladies,Busta Rhymes,100.0,03:19
My Squad,"Busta Rhymes,Flipmode Squad",103.0,03:19
Shoot Me,Buster Moe,109.0,04:04
SEGA64,CARRINGTON CASH,117.0,03:06
Sometimes You Win,CHIC,103.0,04:29
Soup for One,CHIC,115.0,05:35
By the Throat,CHVRCHES,118.0,04:09
Bringing the House Down,CLOVES,103.0,03:36
The Way She Move,"CMDWN,FIJI,Lil Yachty",100.0,03:36
Dinner Lady,Cabbage,112.0,03:30
Slut Freestyle,"Cadet,Deno",105.0,03:12
Get Higher,Cali Life Style,102.0,03:10
Refugee,Camel,118.0,03:46
Used to This,Camila Cabello,100.0,03:30
Does It Feel Good To Say Goodbye?,Car Seat Headrest,115.0,05:04
I Scream Social,Car Seat Headrest,115.0,05:04
Leave Together,Car Seat Headrest,115.0,05:04
Pog Interlude,Car Seat Headrest,115.0,05:04
Stop Lying To Me,Car Seat Headrest,115.0,05:04
Shes the One,Caribou,119.0,03:55
She Bad Bad,Carl Carlton,114.0,05:47
No Secrets,Carly Simon,115.0,03:58
Hey Santa,Carnie And Wendy Wilson,113.0,04:37
Not Your Friend,Case,104.0,04:34
Sex Games,Case,112.0,04:32
Pray,"Cash Kidd,Peezy",100.0,04:48
Unappreciated,"Cash Kidd,Sada Baby",105.0,03:27
Monroe,"Caskey,Tyla Yaweh",108.0,03:51
Thats That,Cass McCombs,114.0,04:15
Robin Williams,CeeLo Green,100.0,03:29
Baby Me,Chaka Khan,100.0,04:06
Chain Smoker,Chance the Rapper,111.0,03:30
Been On,"Chanel West Coast,French Montana",118.0,03:22
Lonely as You Are,Charles Bradley,102.0,04:09
Smells Like Me,Charlie Puth,104.0,03:24
Forever Valentine,Charlie Wilson,102.0,03:58
Seventeen,Charlotte Lawrence,100.0,04:00
IS YOU UP?,Che Ecru,107.0,03:35
1998,"Chet Faker,BANKS",100.0,03:44
Melt,"Chet Faker,Kilo Kish",112.0,04:10
Who,Chris Brown,119.0,04:33
Money Calling,"Chris Brown,Tyga,Fat Trel",108.0,04:46
Come So Far Yet Still So Far To Go,Chris Rea,110.0,04:03
It's All Gone,Chris Rea,112.0,07:27
King Of The Beach,Chris Rea,102.0,05:02
Too Much Pride,Chris Rea,104.0,04:27
Whiskey Sunrise,Chris Stapleton,114.0,03:22
King of Glory,Chris Tomlin,100.0,03:08
Cah Stay Suh,Chronic Law,100.0,03:35
Next to You,"Ciara,R. Kelly",118.0,03:13
Fall Back,Cimorelli,100.0,03:16
Sideways Live,Citizen Cope,112.0,05:22
So Many Things,City High,102.0,04:08
Purple Light,"Citybois,Few Wolves,Bastiaan",118.0,03:45
Bags,Clairo,105.0,04:20
Moving In,Cliff Richard,107.0,03:24
Roll with da Winners,Clipse,100.0,03:10
Worlds Apart,Cock Robin,105.0,06:04
Deeper Than Love,Colleen Green,118.0,06:05
Remember When,Color Me Badd,106.0,04:16
JImi Was a Rock Star,"Common,Erykah Badu",113.0,08:41
Run Me My Money,Compton Av,100.0,03:44
Cruel Bloom,Converge,112.0,04:01
Glamorous Life,Cool C,114.0,03:59
Horse Print Dress,Corinne Bailey Rae,111.0,04:03
Fed Up,Cousin Stizz,107.0,04:39
Dont Let Me Die In Waco,Croy and the Boys,106.0,05:03
Just Another Case,Cru,100.0,03:35
Winning,"Curren$y,Wiz Khalifa",114.0,03:45
My First Night Without You,Cyndi Lauper,104.0,03:01
Back 2 Life 2001,"DJ Clue,Mary J. Blige,Jadakiss",101.0,03:30
Ima Do Me,"DJ E-Feezy,PHE",102.0,03:24
One day baby well be old,DJ Jason Medallion,119.0,03:31
Tha Divorce Song,"DJ Quik,James DeBarge",100.0,04:32
Saxophone,"DJ Tokuc,Tommy Gunz",100.0,03:37
Hard Times,DJNESS MUSIC LOVER,116.0,03:26
Good Morning California,Daemon Hatfield,110.0,04:41
Gratitude,Danny Elfman,111.0,05:05
Masterpiece,Danny Gokey,111.0,04:14
Oblivious Desire,Danny Vera,109.0,03:57
And We Danced,Dark Lotus,108.0,04:36
The Heartbeat The Soul,Dark Waves,110.0,03:53
Say Goodbye,Dave Matthews Band,103.0,06:11
Lazarus,"Dave,Boj",104.0,03:24
Million Dollar Memories,David Allan Coe,116.0,03:11
Trained To Bust Halloween,David Dallas,114.0,03:55
Jericho,David Duchovny,116.0,04:30
We Rolled Together,David Lynch,115.0,04:00
One in a Million,David Myles,104.0,03:14
Coldplay,David Ryan Harris,103.0,03:59
Pere,"Davido,Rae Sremmurd,Young Thug",100.0,04:02
Snapchat,Dax,102.0,03:02
Finish Line,Daye Jack,109.0,03:59
Nicknames,Dayglow,110.0,03:23
Dignity,Deacon Blue,105.0,03:58
Anything Thats Bad,Deal Casino,100.0,03:48
Alone,Death and All His Friends,116.0,03:13
Ima Boss,"Deep Lounge,Bossa Chill Out",108.0,03:55
What Is a Booty?,Del The Funky Homosapien,111.0,03:53
Emotion,Demi Lovato,104.0,03:41
Gets Like That,"Deno,Cadet",108.0,03:08
No One Does It Like You,Department Of Eagles,115.0,03:58
Jezebel,Depeche Mode,110.0,04:41
Wait On You,"Deraj,Haley Hunt",102.0,03:12
Nothing to Something,"Derek Minor,Propaganda,Aaron Cole",100.0,03:55
Boston,Dermot Kennedy,116.0,04:33
Dont Call,Desire,112.0,04:34
Fibonacci,Detsl aka Le Truk,100.0,03:57
Love Will Make It Right,Diana Ross,106.0,04:48
Heartbreaker,Dionne Warwick,101.0,04:18
Ticket To Heaven,Dire Straits,117.0,04:24
Thousand Years,"Diviners,Patrick Baker",110.0,03:29
Power-Ups,"Dj Cutman,Sammus",110.0,04:04
My Type of Party,Dom Kennedy,110.0,03:21
All She Wants To Do Is Dance,Don Henley,115.0,04:29
Issues,Don Toliver,100.0,03:07
On Me,"Don Toliver,21 Savage,2 Chainz",109.0,03:54
Pandora's Box,Donna Summer,106.0,04:58
Legend,Drake,100.0,04:01
Money 2 Blow,"Drake,Rick Ross",101.0,03:25
Shanaynay,"Drakeo the Ruler,Kellz",100.0,03:14
The Common Cold,Drax Project,116.0,04:36
Mineshaft a minecraft parody,Dreamreaver23,110.0,03:20
Lonely,Dreezy,105.0,04:02
Never Make A Promise,Dru Hill,113.0,05:26
New Rules Freedo Remix,"Dua Lipa,Freedo",116.0,03:33
New Rules SG Lewis Remix,"Dua Lipa,SG Lewis",113.0,04:13
Light a Candle,Ducktails,107.0,03:47
Paper Gods,"Duran Duran,Mr Hudson",115.0,07:04
Please Come Home,Dustin Kensrue,106.0,03:41
You Got It The Right Stuff,Déjà Vu,112.0,04:07
Maluma - Boy Toy English Translation,"EDY,BOY SODA",119.0,03:31
Hallelujah,Ed Sheeran,107.0,03:14
Touch And Go,Ed Sheeran,110.0,04:00
For the time being,"Edie Brickell,The Gadabouts",117.0,03:28
Cold,Editors,100.0,03:38
Nothingness,Editors,110.0,05:05
The Law,Editors,112.0,04:51
Bus Stop Boxer,Eels,116.0,03:42
Your Clown,Eiffel 65,110.0,04:09
Firebrand  Angel,Elbow,100.0,05:25
The Big Unknown,Elder Island,115.0,05:03
Burning Bridges,"Ella Vos,Sistek",109.0,03:09
I Love To Hate You,Elli Moore,118.0,03:05
Dont Be Afraid,Elliott Yamin,116.0,04:21
Sleeping With the Past,Elton John,113.0,05:04
Fooled around and fell in love - live,Elvin Bishop,113.0,04:36
The Long Honeymoon,Elvis Costello & The Attractions,118.0,04:15
Kill You,Eminem,107.0,04:24
Call It What It Is,Emma Klein,100.0,03:38
Personal,Emotional Oranges,100.0,03:45
Demons,Empathy Test,100.0,03:36
Lola,"Empire Cast,Jussie Smollett",109.0,03:26
Avery,Emtee,101.0,03:43
Terrific as Terrific Gets,Enjoy,105.0,04:18
Dirty Dancing,Eric Carmen,110.0,04:11
Whats Yo Phone Number / Telephone,Erykah Badu,117.0,05:10
Eshams Boomin,Esham,102.0,04:12
What Do You Call a Woman?,Esmé Patterson,103.0,03:56
All Of My Love,"Etta Bond,Chris Loco",103.0,04:34
Suffragette Suffragette,Everything Everything,105.0,04:03
01:32 AM / WALK ALONE,"Everything Is Recorded,Infinite Coles,BERWYN",111.0,03:27
Just Say,Extreme Party Animals,118.0,04:09
Give Up,FKA twigs,110.0,04:17
Problems Problems feat. Marc E. Bassy,"FRANKIE,Frankie Bird,Marc E. Bassy",105.0,03:41
Smile,FRND,114.0,03:55
Sneakin Up On Ya,FU-Schnickens,103.0,03:37
3 Blades,"Fabvl,Rustage,PE$O PETE",100.0,03:31
I Want You,Faith Hill,119.0,04:06
Edge Of The World,Faith No More,116.0,04:10
Cheap Love // Spoken Word,Fat Freddy's Drop,117.0,07:38
Friends,Fazerdaze,104.0,03:14
Colourblind,Feelds,119.0,04:09
Government Chicken Boy,Fela Kuti,118.0,29:15
Hope She Was Worth It,Felicia Temple,113.0,03:15
Another Knight,Felt,100.0,04:20
Together We Are Beautiful,Fern Kinney,110.0,04:17
Miss Blue,Filter,113.0,07:01
Its OK Its Alright,Fine Young Cannibals,115.0,03:30
Icon,Finom,117.0,03:17
I Need You Like A Drug,Fiona Apple,117.0,05:22
Book Of Love,Fleetwood Mac,106.0,03:22
Every...,Fleetwood Mac,115.0,03:46
Got To Move,Fleetwood Mac,115.0,03:18
Sisters Of The Moon,Fleetwood Mac,115.0,04:43
Prolly,Foggieraw,107.0,03:37
Spellbinder,Foreigner,119.0,04:55
You Are My Sunshine,Frank Iero,116.0,04:58
A Little Green Rosetta,Frank Zappa,118.0,08:16
Double Dutch Bus,Frankie Smith,119.0,05:20
Grease - 2007 Remastered Version,Frankie Valli,109.0,03:27
Petty,"Fre$H,2 Chainz,50 Cent",110.0,04:37
House party,Fred Wesley,102.0,04:14
Tell Nobody,"Fredo Santana,Chief Keef",109.0,05:07
Songs Of Yesterday,Free,104.0,03:35
Lose Myself,From Indian Lakes,100.0,03:58
Wrong Roads,Front Porch Step,118.0,04:19
Scooby Doo love song,Fun Lovin' Criminals,105.0,03:04
Groovallegiance,Funkadelic,107.0,06:56
Tell Me That Im Wrong,Future Jr.,100.0,03:46
Last Name,"Future,Lil Durk",112.0,03:28
Outta Time,"Future,Metro Boomin",106.0,03:25
Still Drake,"Future,Metro Boomin,The Weeknd",110.0,04:12
Killing Ground,Futurebirds,115.0,03:41
Wait For Me,"G-Eazy,Carnage,THIRTY RACK",110.0,05:13
Special,Gabbie Hanna,116.0,03:03
The Robbery / Javerts Intervention Another Brawl,Galcher Lustwerk,117.0,04:06
Sinner,Galimatias,104.0,03:30
I Love a Man in a Uniform,Gang Of Four,112.0,04:07
Heroes,Gang of Youths,110.0,03:35
Youth,Gang of Youths,110.0,03:35
2016 Was Horseshit,Garrett Adair,100.0,03:37
Remind Me to Smile,Gary Numan,114.0,04:03
This Wreckage,Gary Numan,102.0,05:26
Voix,Gary Numan,100.0,04:59
Whiskey Trip,Gary Stewart,113.0,03:10
Chelete,Gazza,110.0,04:59
Whered You Wanna Go?,Gebrasy,100.0,03:04
Would You Want Me,Generationals,100.0,03:52
Papa He Said,Genesis,115.0,04:09
Give Me The Ball,George Benson,110.0,03:42
Rhythm and Rhyme,George Clinton,108.0,04:47
Cars and Trains,George Michael,110.0,05:51
Dance Time In Texas,George Strait,114.0,03:16
Cherchez La Ghost,"Ghostface Killah,U-God",104.0,03:11
Dark Was the Case,Giggs,118.0,03:45
If Only,Gin Wigmore,100.0,04:45
Broken Dreams Club,Girls,116.0,03:36
Space Ghost Coast to Coast,Glass Animals,101.0,03:07
All Out of Love,Glee Cast,109.0,04:02
An Innocent Man,Glee Cast,108.0,03:41
For The Longest Time,Glee Cast,111.0,03:01
Hopelessly Devoted To You,Glee Cast,111.0,03:01
Try a Little Tenderness,Glee Cast,108.0,04:01
What A Friend We Have In Jesus,Glen Campbell,112.0,03:07
Moonlight Predators,Goldcheaper,110.0,04:12
Sundown,Gordon Lightfoot,106.0,03:33
The Hard Canadian,Gordon Lightfoot,106.0,03:33
Doing It Wrong,"Gorgon City,Liv",119.0,03:02
As She Dreams,Goth Babe,115.0,04:03
Tomorrow,Grace Jones,112.0,05:47
Your Girl,Grace Potter,111.0,03:38
The City,Grace VanderWaal,100.0,03:21
Pressure,Grady,100.0,04:31
Where Im Anymore,Grandaddy,100.0,06:06
In Good Company,Grandview,116.0,03:47
Shakedown Street,Grateful Dead,109.0,05:00
House Of Broken Love,Great White,116.0,05:58
When Were in Fitzroy,Gretta Ray,117.0,03:58
Lightning,"Greya,Marc E. Bassy",110.0,03:06
Run It Up,Griff Tyler,100.0,03:36
No Sleep Intro,Gucci Mane,112.0,03:34
Sorry,Gyyps,100.0,05:23
They Like It Slow,H-Town,116.0,04:39
Gone Away,H.I.M.,116.0,03:53
Crying Is Only Manly If Splinters Come Out,Hail The Sun,100.0,05:46
The Ratio Of Freckles To Stars,Halou,118.0,05:22
Heartstruck Wild Hunger,"Hamilton Leithauser,Angel Olsen",115.0,03:30
Super Soaker,Hardy Caprio,105.0,03:08
Mucho Mungo/Mt. Elga,Harry Nilsson,116.0,03:48
Call Ins,He Is Legend,107.0,03:42
Rubbery Bandz,Headie One,104.0,03:06
White Lightning and Wine,Heart,117.0,03:53
Big Daddy Remix,"Heavy D,McGruff",101.0,03:31
The Lung,Hiatus Kaiyote,113.0,04:53
Im a Ghost,Hilltop Hoods,116.0,04:23
Run Back to You,"Hoang,Alisa",106.0,03:14
You Feel Like,Hojean,102.0,03:15
Talk About,Horace Nahum,113.0,05:44
Friends of Friends,Hospitality,105.0,03:07
Everyone Wins,Hot Chocolate,108.0,04:49
Tears To Tell,Howard Jones,107.0,04:19
The Presence Of Other,Howard Jones,110.0,06:15
How I Want Ya,"Hudson Thames,Hailee Steinfeld,Dawin",101.0,03:15
From Now On,"Hugh Jackman,The Greatest Showman Ensemble",108.0,05:49
Golden,"Hurt Everybody,Alex Wiley",112.0,03:19
She Going,"Hustle Gang,Future,Yung Booke",110.0,03:52
Low Tide,"ISIS,Aereogramme",118.0,09:29
Tomi Lauren R.K.O,"ITSOKTOCRY,NICK PROSPER",111.0,03:10
On N Poppin,"Iamdominiquelee,Roze",100.0,03:35
Upper Sixth Loan Shark,Ian Anderson,107.0,05:40
God,Ian Hunter,114.0,05:45
"The Truth Whole Truth, Nuthin' But The Truth",Ian Hunter,113.0,06:14
Laugh Now Cry Later,Ice Cube,101.0,03:44
Just Another Night,Icona Pop,118.0,03:09
Tokyo Rose,Idle Eyes,115.0,03:50
Sometimes Love Takes So Long,Illiterate Light,115.0,03:40
Where Do We Go From Here,Incognito,105.0,05:20
Just A Phase,Incubus,108.0,05:29
DONT PLAY WITH MY HEART,India Shawn,100.0,03:39
Steady Love,India.Arie,116.0,04:22
Every Halloween,Insane Clown Posse,100.0,03:30
Low Low,"Intensce Spit Persona,Bryson Tiller,Beanie D,Im LowBody",105.0,03:25
Time Shawty,IshDARR,115.0,03:41
Youve Won My Affection,Israel & New Breed,114.0,05:15
Hypothetically We All Know Where This Is Going,Istasha,110.0,03:42
Champagne Taste,Ivy Levan,100.0,03:06
Tongue Tied,Iwan Rheon,110.0,04:46
On Camera,"J Molley,Frank Casino,Riky Rick",118.0,03:35
Meddafore Freestyle,J. Cole,100.0,04:52
Photograph,J. Cole,105.0,03:38
The Good Son Pt. 1,J. Cole,100.0,04:52
Poem,J.Cyrus,115.0,03:15
Still In Love,JAHKOY,100.0,05:07
Smile,"JAY-Z,Gloria Carter",100.0,04:49
Love 2 U,JMSN,111.0,08:11
Smoke Too Much,JOY.,100.0,03:04
Y2k,Jaah SLT,107.0,03:17
Hush Down,Jaakko Eino Kalevi,115.0,04:06
Downtown,Jackson Browne,116.0,05:31
All Mine,Jacob Banks,100.0,03:28
All Night Long,"Jacob Collier,Metropole Orkest,Jules Buckley,Take 6",108.0,07:19
Looking For Mr. Do Right,Jade,100.0,06:17
Someone Else,Jae Stephens,106.0,03:34
Special Day,Jaheim,105.0,04:42
CWJBHN,"Jake Scott,Josie Dunne",110.0,03:13
Good Winter,Jalen Santoy,111.0,03:05
Saliva,Jam Baxter,106.0,04:04
Till I Met You,James Caine,100.0,03:57
When Im Broken,Janine,112.0,04:17
Boti,Jaro Local,110.0,03:33
This Time Serious Symptoms Simple Solutions,Jarryd James,108.0,04:18
Better When You Lie,Jazz Cartier,110.0,04:13
Forgot Myself,Jen Cloher,105.0,04:23
What You Mean To Me,"Jennifer Lopez,Trey Songz",100.0,03:57
Lover Lover,Jerrod Niemann,112.0,03:13
Pretty Bird Freestyle,"Jhené Aiko,Common",113.0,04:49
I Wish Lunch Could Last Forever,"Jimmy Buffett,Elliot Scheiner",113.0,05:19
Everybodys Girl,Jinkx Monsoon,107.0,03:37
Police,Joeboy,104.0,03:09
Gimme Your Love,John Denver,115.0,03:44
You Are Special,"John Ellis,Mike Moreno,Aaron Goldberg,Matt Penman,Rodney Green,Fred Rogers",110.0,04:55
Prayer For Ruby Elm,John K. Samson,103.0,04:00
Stand By Me,John Lennon,105.0,03:31
Pray For Me,John Mellencamp,100.0,03:31
It Aint Me Babe,"Johnny Cash,June Carter Cash",106.0,03:02
Thinkin Of A Rendezvous,"Johnny Duncan,Janie Fricke",118.0,03:09
Barnacled Warship,Johnny Flynn,108.0,05:12
Summer Rain,Johnny Rivers,118.0,03:52
Jezebel,Jon Stevens,101.0,03:25
Moon,Jonah Kagen,110.0,03:40
Hat Trick,"Jonathan Thulin,Derek Minor",115.0,03:23
May,Jordan Rakei,118.0,04:04
Ordinary,"Joriah Kwamé,Allie Grace",110.0,03:20
By Any Means,Jorja Smith,105.0,03:45
The Days,Josef Salvat,117.0,03:40
Lie No More,Josh Levi,119.0,03:02
Blame,Joy Oladokun,105.0,03:35
Do You Really Love Me?,Joyner Lucas,110.0,05:49
Royal Canadian Kilted Yaksmen,Joyner Lucas,110.0,05:49
Dirty Mind,"Jr., Hank Williams",115.0,03:33
The Cheatin' Hotel,"Jr., Hank Williams",106.0,05:12
Dont trust,Juicy J,105.0,03:22
Jesus Said So,July Talk,113.0,04:23
Beyond This World,Jungle Brothers,115.0,04:08
Done by the Forces of Nature,Jungle Brothers,113.0,04:18
All of You,Junglepussy,105.0,03:40
All I Need,Justin Nozuka,109.0,03:44
Sexy Ladies Remix,"Justin Timberlake,50 Cent",100.0,03:50
Battle Of The Sexxxes,"Justin Timberlake,Timbaland",117.0,04:02
Agenda,Justine Skye,110.0,03:45
Good Problem,K CAMP,110.0,03:39
Love on Me,K. Michelle,102.0,03:24
Sister,K.Flay,100.0,03:25
I Get Lifted,KC & The Sunshine Band,106.0,03:05
Mr. Blackwell,KISS,111.0,04:52
Maine Dil Se Kaha,"KK,Neelesh Misra",110.0,05:12
Bad News,Kanye West,106.0,03:58
Phone My Line,"Kapulet,Spenny14,ONEFOUR",105.0,03:05
Take Aim,Kasabian,106.0,05:23
King of Shadow,Kat Cunning,116.0,03:16
Roll Wit Tha Flava,Katchafire,101.0,04:57
Durum,Kate Linn,114.0,03:10
Dont Try to Explain,Keb' Mo',111.0,03:57
Do U Dirty,Kehlani,118.0,03:17
Chocolate Girl,Keith Sweat,108.0,04:45
Way Too Long,Keith Urban,108.0,03:15
Big Shot,Kendrick Lamar,101.0,04:34
PP,Kendrick Lamar,101.0,04:34
Growing Apart To Get Closer,"Kendrick Lamar,Jhené Aiko",107.0,03:40
Harlem River,Kevin Morby,119.0,09:15
Where I Belong,"Kevin Quinn,The Cast Of Netflix's Film A Week Away",107.0,03:48
Boss,Keyshia Cole,117.0,04:15
Famous,Keyshia Cole,117.0,04:15
I Dont Wanna Be in Love,Keyshia Cole,118.0,03:50
MC Mom,Keyshia Cole,117.0,04:15
Same Thing Interlude,Keyshia Cole,117.0,04:15
Gittin Funky,Kid 'N Play,105.0,04:44
Yo-Da-Lin in the Valley,Kid Rock,105.0,04:18
SHIT,Killa Kellz,106.0,04:53
Solitary,King Iso,116.0,03:53
Black Tree,King Nun,116.0,03:45
First Love,Kirk Franklin,111.0,05:52
They Don't Know,Kirsty MacColl,112.0,03:06
After Party,Koffee Brown,105.0,03:34
.stitches.,Kora,110.0,04:27
Angel 2 Me International Version,Kora,110.0,04:27
Call Back in the Morning,Kora,113.0,05:16
Drag Em From The River,Kora,110.0,04:27
Ridin with the Driver,Kora,110.0,04:27
This Girl Shakira Smith,Kora,113.0,05:16
Trailer Park Life,Kora,110.0,04:27
DOLO,Kris Rich,100.0,03:14
Cruise,"Kygo,Andrew Jackson",110.0,03:44
Secret (Take You Home),Kylie Minogue,115.0,03:16
Grab It,L'Trimm,119.0,03:54
Come Hell or High Water,L.A.B.,100.0,03:44
Love Affair,L.A.B.,109.0,04:55
Slow Down,LUCKI,100.0,03:10
Separate Myself/Intro,La Capone,116.0,03:32
Woman in mirror,La Dispute,108.0,04:24
Everywhere,Ladi6,102.0,03:10
Flavor English Ver.,Ladi6,102.0,03:10
Haircut Freestyle,Ladi6,102.0,03:10
Water Into Wine,Ladi6,102.0,03:10
Close to Me,Laica,117.0,03:31
Happy Dreamer,Laid Back,113.0,04:26
Instances,Lais,100.0,03:32
Lets go Lando,Lando Kappalani,109.0,03:19
Glock 40,Larry June,115.0,04:27
Just A Little,Lauren Faith,110.0,03:43
Never Knew,Layton Greene,107.0,03:35
Im Getting Sick Of You,Le Butcherettes,117.0,04:06
Continuum,Lemaitre,116.0,04:47
Cut To Black,Lemaitre,102.0,03:21
Sweet Bod,Lemon Demon,110.0,04:10
I Can't Be Without You,Lenny Kravitz,113.0,04:48
I Cant Be Without You,Lenny Kravitz,113.0,04:48
To the Top,Lil Baby,113.0,03:38
Hear Me Out,Lil Kee,110.0,03:10
Yayo,Lil Peep,106.0,04:04
Right Now,"Lil Snupe,K. Smith",115.0,03:22
THROW DEM GUNZ,Lil Ugly Mane,118.0,03:27
You Better Move,Lil Uzi Vert,119.0,03:16
Basic,"Lil Woadie,Thee Prophecy,Mike Sherm",101.0,03:30
Big Time,Linda Eder,109.0,03:39
Sending All My Love,Linear,105.0,03:54
I Really Wanna Sex Your Body,Link,116.0,04:56
My December,Linkin Park,100.0,04:20
Rush,Little Dragon,100.0,03:29
Thunder Love,Little Dragon,110.0,03:54
Good Intentions,Liv Dawson,102.0,03:17
Elite,Ljay Currie,108.0,03:32
Feels So Right,Lloyd,119.0,04:49
No Blue Skies,Lloyd Cole,104.0,04:08
Mama,"Lola Kirke,Kelly Zutrau",112.0,04:53
Watch My Ting Go,Lola Young,111.0,04:44
Am I Still The Special Man,Lomez Brown,110.0,03:42
Keep Going,Lomez Brown,110.0,03:42
Kiss Me Thru the DMs,Lomez Brown,110.0,03:42
Midnight Love,Lomez Brown,110.0,03:42
A World Alone,Lorde,118.0,04:54
Perfect Places,Lorde,104.0,03:41
Team Lorde Remix,Lorde,100.0,03:13
Grave Digga,Lords Of The Underground,100.0,04:06
Ocean Away,Loreen,115.0,04:22
More Than Love,Los Lonely Boys,115.0,03:16
What Time Is It?,"Lou Phelps,Innanet James",107.0,03:44
Guilty,"Lou Reed,Ornette Coleman",116.0,04:54
Hole In My Heart,"Louis The Child,Wafia",114.0,03:42
A Message to Pretty,Love,101.0,03:13
21st Century Heartbeat,Luke Sital-Singh,118.0,03:25
See Me,Luther Vandross,102.0,05:30
8896,Låpsley,118.0,03:05
Slow Down,"M.I. Abaga,Julius Ceaser",105.0,03:58
Okay,"M.anifest,Worlasi",108.0,03:11
Black Ice,MAAD,100.0,03:26
Blue Vegeta,MANILA GREY,119.0,03:05
Midnight,MANILA GREY,109.0,03:14
Here It Comes,MC Serch,112.0,03:31
Calling,"Mabel,Kojo Funds",108.0,04:28
Ladders,Mac Miller,104.0,04:47
Teenager in Love,Madison Beer,110.0,03:34
Killers Who Are Partying,Madonna,100.0,05:28
Day And Night,Majid Jordan,115.0,05:06
Every Step Every Way,Majid Jordan,105.0,03:34
My Love,"Majid Jordan,Drake",119.0,04:08
Hatin,Major Nine,110.0,03:30
Uninvited,Mallrat,112.0,03:56
Your Love,Maranatha! International,117.0,04:31
I Want to Be Yours,Marcel,115.0,03:06
Ribbon,Mariah Carey,119.0,04:21
Play,Marian Hill,102.0,03:47
Wallflower,Maribou State,118.0,03:43
Spooky,"Maribou State,Holly Walker",115.0,03:41
I Call It Home,Mark Williams,106.0,03:17
Marina,Mark Williams,106.0,03:17
Ghetto Remix,Marlena Shaw,100.0,05:01
Lips on You,Maroon 5,103.0,03:36
Nostalgia,Martin Luke Brown,118.0,03:30
Message Of Love,Mary Black,113.0,04:03
I Will Be There,"Mary Black,Paul Brady",111.0,04:19
Spider Silk,Mat Kerekes,101.0,03:17
Kiss Quick,Matt Nathanson,115.0,04:25
My Love,Matthew Parker,112.0,05:19
Paradise,"Matthew Parker,Holly Starr",115.0,03:47
Satellites,Matthew Perryman Jones,107.0,05:04
In My Head,Maurice Moore,100.0,03:16
Cruise Pon Di Dick,"Mavado,Lady Saw",119.0,04:27
Halah,Mazzy Star,106.0,03:16
Tony Story 3,Meek Mill,108.0,04:30
Fault Line,Meeka Kates,109.0,03:40
Foolish,Meghan Trainor,108.0,03:19
Mentirosa,Mellow Man Ace,114.0,04:18
Crash  Burn,Melo,110.0,03:24
To The Top,Melvoni,108.0,04:09
Right on time,Metronomy,118.0,03:44
Learn Our Crystals,Mew,104.0,05:21
My Kind of Girl,Michael Bublé,114.0,04:06
Billie Jean,Michael Jackson,117.0,04:54
Its the Falling in Love,Michael Jackson,106.0,03:47
My Girl,Michael Jackson,106.0,03:08
Thriller,Michael Jackson,117.0,04:54
Money,Michael Kiwanuka,110.0,03:30
Human Spark,Michael W. Smith,114.0,04:50
Higher,"Midnight Kids,Opposite the Other",100.0,04:10
Beds Are Burning,Midnight Oil,119.0,04:15
Just One Day,Mighty Oaks,102.0,03:33
Chapel Perilous,Mild High Club,118.0,04:32
Rehab,"Milkavelli,Suspect OTB",118.0,04:10
Its Been You,Mindchatter,102.0,03:13
Works Every Time,Mini Mansions,102.0,04:37
Mama Sad,Mjaymicx,100.0,03:15
Untitled,Mk.gee,102.0,03:39
Dream About Me,Moby,118.0,03:21
When I Dream,Moderator,107.0,03:41
Dont Give Up,Modern Talking,112.0,03:19
Just Like an Angel,Modern Talking,119.0,03:14
Night To Remember,Modern Talking,117.0,05:34
Youre My Heart Youre My Soul,Modern Talking,117.0,05:34
Dreams Ill Never See,Molly Hatchet,106.0,07:06
Get to Know You,"Moods,Pip Millett",115.0,04:30
Come Away with Me,Moon King,111.0,04:35
Glamour Child,Moonrise Nation,115.0,03:14
Orinoco,Morabeza Tobacco,106.0,04:34
Break Up The Family,Morrissey,106.0,03:55
I Am Hated for Loving,Morrissey,116.0,03:40
The Lazy Sunbathers,Morrissey,104.0,03:06
Well Let You Know,Morrissey,117.0,05:13
So Down,Mother Mother,112.0,03:01
London Town,"Mr Eazi,Giggs",106.0,03:20
Day Ones,Ms Banks,110.0,03:40
Doo Wop That Thing Album Version,Ms. Lauryn Hill,100.0,05:20
Part of Me,Musiq Soulchild,107.0,03:18
Know My Name,"Mustard,Rich The Kid,RJ",103.0,03:33
Intro 10 Summers: The Mixtape Vol. 1,"Mustard,Ty Dolla $ign",100.0,04:19
Expedition,Myah Jackson,115.0,03:17
Money,Mystery Skulls,100.0,03:38
Basic,N i G H T S,105.0,03:30
Wocky Wocky,NOK from the Future,110.0,03:14
Im Awkward And Shy,"NVTHVN,tiffi",100.0,03:16
NumbNuts,Nacho Picasso,105.0,04:17
Lows and Highs,Nafe Smallz,119.0,04:34
Dinner Party,Nahko And Medicine For The People,116.0,05:28
You and I,Nate DePhangess,108.0,04:24
Coolin Out,Nathaniel Rateliff & The Night Sweats,110.0,04:07
Dont Care Darlin,Nathaniel Rateliff & The Night Sweats,110.0,04:07
Hey Mama,Nathaniel Rateliff & The Night Sweats,110.0,04:07
Ill Be Damned,Nathaniel Rateliff & The Night Sweats,110.0,04:07
Look It Here,Nathaniel Rateliff & The Night Sweats,110.0,04:07
Tearing at the Seams,Nathaniel Rateliff & The Night Sweats,110.0,04:07
Pin The Tail on the Donkey,Naughty By Nature,116.0,03:47
Hot Potato,"Naughty By Nature,Freddie Foxxx",101.0,04:59
Baby,Nazar Drago,100.0,03:15
Because Of You Remix,Ne-Yo,107.0,03:05
Here for You,Neil Young,107.0,04:29
Baby Love,New Edition,100.0,04:35
Eat It,New Edition,117.0,05:47
My Favorite Girl,New Kids On The Block,115.0,05:28
When We Kiss,Next,116.0,05:07
Lip Singer,Nic Hanson,100.0,03:32
G For Jesus,Nick Shoulders,112.0,03:07
Lotta Love,Nicolette Larson,114.0,03:11
Moment I Saw You,Nicolette Larson,114.0,03:11
JU MPS UI T,"Nicoïcmus,Micu",116.0,08:31
You Were Afraid.,Night Beds,105.0,03:53
Twenty Something,Nightly,100.0,04:36
DANCE WITH ME,Niko Moon,112.0,03:38
Empire,Nina Nesbitt,118.0,03:34
Had to Let Me Go,Nite Jewel,101.0,04:27
OT,Niykee Heaton,100.0,04:14
Confession,Nneka,113.0,04:49
Wild Side,"Normani,Cardi B",110.0,03:29
Sweet Sexy Thing,"Nu Flavor,Steve McDonald",103.0,04:45
I Want You So Bad I Cant Breathe,OK Go,111.0,03:22
Good Goodbye,ONE OK ROCK,102.0,03:44
Sar 21,Of Methodist,113.0,03:32
Acapella Ditty,Oingo Boingo,119.0,03:37
Ntwana Yam,Okmalumkoolkat,100.0,03:57
Attica 71,Olivver the Kid,115.0,04:00
Im Tryna Remix,Omarion,113.0,04:22
Walking in the Wind,One Direction,115.0,03:22
Your One And Only Man,Otis Redding,106.0,03:12
Falling Out,Otzeki,102.0,05:22
Air Traffic,Owl City,110.0,03:01
Dangerously in Love 772 Love Pt. 2,"P. Pathak,YNW 772",113.0,03:13
Her Way,PARTYNEXTDOOR,111.0,03:36
THE NEWS,PARTYNEXTDOOR,117.0,04:27
Gangster,PJ,102.0,03:37
The Ministry of Defence,PJ Harvey,106.0,04:11
Murda Land vs. Dark Lyfe,PNC,118.0,03:08
Life In A Box,POS,104.0,03:20
I Will,"Pablo Nouvelle,Sam Wills",115.0,03:58
Start a Fire,Passenger,115.0,04:21
Precious Time,Pat Benatar,118.0,03:21
Love,Patrice Lovely,100.0,03:11
When Doves Cry,Patti Smith,102.0,04:59
Father and Daughter,Paul Simon,106.0,04:11
Take Me to the Mardi Gras,Paul Simon,102.0,03:30
Hu Tao,"PeachyFranny,Raayo",108.0,03:19
Bushleaguer,Pearl Jam,101.0,03:57
At Least Not Yet,Pepper Coyote,118.0,03:22
Do You Wanna Get Funky With Me,Peter Brown,101.0,09:06
Kolly Kibber,Peter Doherty,110.0,03:57
A Wonderful Day in a One-Way World,Peter Gabriel,106.0,03:35
Baby When the Sun Goes Down,Peter Green,104.0,05:36
Marilyn Monroe,Pharrell Williams,117.0,05:51
Sure As Sun Turns to Moon,Phil Collins,116.0,03:26
Under Your Spell,Phyllis Hyman,115.0,04:37
Space I Believe In,Pixies,112.0,04:18
Exit Wounds,Placebo,101.0,05:48
Much to Touch,Planningtorock,104.0,04:42
I Hate Hos,Poison Clan,107.0,03:12
Wine for Me,Popcaan,100.0,03:09
Nina,Popp Hunna,100.0,03:50
Up the Downstair,Porcupine Tree,110.0,10:13
Look at the Sky,Porter Robinson,115.0,05:09
Daddy Was An Old Time Preacher Man,"Porter Wagoner,Dolly Parton",104.0,03:03
My Generation,Potter Payper,107.0,03:54
Wait,"Power Walking Music Club,Music for Fitness Exercises,Running Music Academy",117.0,04:22
Hey Manhattan,Prefab Sprout,118.0,04:45
D.M.S.R.,Prince,110.0,08:17
Digital Garden,Prince,117.0,04:07
I Need a Man,Prince,103.0,05:33
Sexmesexmenot,Prince,101.0,05:40
Send Nudes,Prof,100.0,03:37
Alice,"Professor Green,Alice Chater",108.0,03:19
John Doe,Public Announcement,108.0,04:23
Dragonfly,Pumarosa,106.0,04:41
Freudiana,Pyramid Eye,110.0,05:51
I Remember,"Quando Rondo,Lil Baby",100.0,03:50
White Wishy Washy World,Quarry,100.0,03:28
'39,Queen,102.0,03:30
39,Queen,102.0,03:30
N.G.D,Queen,110.0,03:34
On One,Queen,110.0,03:34
I Never Came,Queens of the Stone Age,115.0,04:48
Snuggle Up,Quincy,100.0,04:23
Violence,Qveen Herby,114.0,03:08
I Like the Crotch on You,R. Kelly,101.0,06:37
Anything Goes,"R. Kelly,Ty Dolla $ign",111.0,04:35
Tourist,"RAC,Tokyo Police Club",106.0,03:04
Love Me,"RAYE,Jess Glynne",110.0,03:09
Apartment,RJMrLA,100.0,03:02
Blammer,RJMrLA,100.0,03:22
Dont Sleep,ROSDRI114,102.0,03:30
Talk 2 Me,Racki,113.0,03:11
Reborn,Rae Morris,110.0,04:04
Somewhere Along the Way,Rag'n'Bone Man,115.0,04:16
Lose My Best Friend,Rahsaan Patterson,102.0,05:10
Keep It Simple,"Raleigh Ritchie,Stormzy",102.0,03:41
A Thousand Dollars,"Ralo,DJ Kutt Throat",117.0,03:02
I Say Fever,Ramona Falls,100.0,04:27
Depression,Random Randy,100.0,05:38
Its Money That I Love,Randy Newman,104.0,03:39
Open the Eyes of My Heart,Randy Travis,117.0,03:55
In Here Ta Nite,Rated R,100.0,03:43
Erik the Awful,Ray Stevens,107.0,04:34
Mississippi Squirrel Revival,Ray Stevens,108.0,03:43
Cooler-N-Hell,Ray Wylie Hubbard,101.0,03:31
Violence,Red Hearse,102.0,03:47
Red Velvet - Beg For Me English Translation,Red Velvet,106.0,03:45
Red Velvet - So Good English Translation,Red Velvet,106.0,03:45
Red Velvet - Wildside English Translation,Red Velvet,106.0,03:45
Funk Wave,Reece Brunke,100.0,03:21
Balance,Reo Cragun,112.0,03:03
Paradise,Rex Orange County,108.0,03:37
Gucci Mane Sauce,Rexx Life Raj,100.0,03:04
Emotion In Motion,Ric Ocasek,106.0,04:40
Ivy,Richard Dawson,110.0,06:38
My Everything Praise Waiteth,"Richard Smallwood,Vision",118.0,05:48
Silver Lining,Rilo Kiley,117.0,03:36
Ice Cold Rita,Rita Chedrawi,102.0,03:18
Fuck Cancer,"Rittz,Candice Freeman",113.0,04:55
Towards the Blue Horizon,Riverside,110.0,08:08
Night Is Young,Ro Ransom,106.0,04:14
On  On,"Rob Thomas,GOLDHOUSE,Mokita",112.0,03:22
Uh-Uh Ooh-Ooh Look Out Here It Comes,Roberta Flack,119.0,04:40
All Night Long,Robin Thicke,104.0,03:41
Ask Myself,Robin Thicke,100.0,03:47
Downtown Train,Rod Stewart,115.0,04:39
If Only,Rod Stewart,114.0,04:56
Riches to Rags,"Rod Wave,Lil Baby",118.0,03:55
After the Fire,Roger Daltrey,116.0,04:37
Dont You Know How Much I Love You,Ronnie Milsap,105.0,03:33
Right Thing,Rosie Lowe,119.0,04:37
Bitter-Sweet,Roxy Music,118.0,04:50
Running Away,Roy Ayers Ubiquity,116.0,06:54
Friday Night,Roy Orbison,108.0,03:29
Honey,Ruby Haunt,110.0,04:06
Masterjam,Rufus & Chaka Khan,118.0,03:39
Darryl and Joe Krush-Groove 3,Run–D.M.C.,102.0,06:32
I've Crossed Oceans Of Wine To Find You,Rupert Holmes,109.0,04:06
Silent Love,Russ Taff,110.0,04:49
Steal My Bike,"Ryan Leahan,abbot,gordon snyder,patchymate",110.0,03:46
Gangsta Mac,"Rydah J. Klyde,Mac Dre",109.0,03:32
Make You Mine,"SAINT WKND,Boy Matthews",112.0,03:52
You My Baby,"SHELOVESKAMO,Ch'cco,Crush",112.0,06:23
Dont Wait Up,SIX60,110.0,03:21
Vibes,SIX60,103.0,03:31
Mission Complete,SL,115.0,03:24
Colour Of Love,SNAP!,103.0,05:32
Lane Changing 2,SOB X RBE,119.0,03:33
Faceshopping,SOPHIE,114.0,03:56
The Anonymous Ones,SZA,100.0,04:09
Mirage,Sabrina Carpenter,102.0,03:25
Cycle,Sabrina Claudio,100.0,04:08
Bezubaan,"Sachin-Jigar,Mohit Chauhan,Priya Saraiya,Deane Sequeira,Tanvi Shah",102.0,04:42
Lovefurypassionenergy Lita,Sad Lisha,105.0,03:03
Old Soul,Saint Motel,107.0,03:29
Ill Be Ok,Sal Houdini,104.0,03:44
Run Back,Sal Houdini,112.0,03:38
Last Time,Salmonella Dub,105.0,06:47
Pretty Penny,Salmonella Dub,105.0,06:47
Take Me To Heaven,Salmonella Dub,105.0,06:47
Lets Talk About Sex,Salt-N-Pepa,107.0,03:33
Shake Your Thang,Salt-N-Pepa,103.0,04:01
Tip of My Tongue,Sam Bruno,105.0,03:25
Nefertiti,Sammy Pharaoh,100.0,03:02
Blood on Me,Sampha,104.0,04:06
Hell Yeah,"San Quinn,Allen Anthony,E-A-SKI",102.0,03:46
Since Supernatural,Santana,117.0,03:58
Touch Me,Sasha Alex Sloan,104.0,03:29
Roach Eggs,Saul Williams,112.0,04:23
600 Bars,SaysoTheMac,100.0,04:57
Caramel,Scarlet Pleasure,108.0,03:17
Deja Vu,Scarlet Pleasure,105.0,03:29
Stand By Me,Seal,107.0,04:02
Awake My Soul,"Sean Feucht,Kristene DiMarco",119.0,05:49
All I Want To Do,"Sean Kelly, Scott Carne,Don Nadi",103.0,05:24
You,"Seinabo Sey,Kygo",114.0,05:51
Translation,Sevyn Streeter,110.0,03:53
Sexy Girl,Shaggy,102.0,03:20
Excuses,Shakey Graves,105.0,04:17
LO-FI,Shannon Saunders,110.0,03:42
Dont Baby My Baby,Shatta Wale,105.0,03:09
Fifth Of Henny,Shawn Harris,103.0,04:18
Miserable,Shekhinah,109.0,04:18
Hard to Make a Stand,Sheryl Crow,102.0,03:06
Love Is a Good Thing,Sheryl Crow,103.0,04:43
M.T.V. - Get Off the Air,Shona Laing,112.0,03:27
Breakdown,"Shoreline Mafia,Mac P Dawg",100.0,03:02
Tycoon,"Show Dem Camp,Reminisce,Mojo",105.0,03:58
Lucky,Sia,111.0,03:13
Say My Name,Sickick,104.0,03:46
Time Will Break the World,Silver Jews,101.0,03:17
Israel,Siouxsie and the Banshees,108.0,04:53
High Level,Skeme,117.0,03:12
Wolf,Skott,100.0,03:43
Cheat On Me,Slimeball Mk,100.0,03:08
Come Back In,Slow Hollows,110.0,03:07
What Its All About,"Slum Village,Busta Rhymes",100.0,04:20
Psychotic Opera,Small Leaks Sink Ships,105.0,03:42
Put You On,"Smoke DZA,Curren$y,Girl Talk,Wiz Khalifa,Big K.R.I.T.",100.0,04:30
Blue Face Hunnids,"Snoop Dogg,YG,Mustard",104.0,03:16
Dont Let Me Down,Solange,102.0,04:13
Down with the Clique,Solange,100.0,03:42
Feeling You,Sona,103.0,03:22
Sunday Sound,Sons of Zion,107.0,03:14
Famous,Sophie Rose,103.0,03:48
Dont Quit,"Soul II Soul,Caron Wheeler",101.0,03:48
Steal,Spandau Ballet,100.0,04:27
Stickin to the G Code,Spice 1,100.0,03:47
The Delicate Place,Spoon,103.0,03:42
Deepest,Squeeks,106.0,03:04
Onto The Dance Floor,Squeeze,117.0,03:38
All 2 U,"Stallyano,Dinah Jane,Stunna June",108.0,03:44
Watching Telly,Stella Donnelly,118.0,04:45
Leave Me,Steven Moses,105.0,04:02
Overture / Prologue: A Warning to the Audience,Steven Vitali,112.0,03:09
Two Kinds of Love,"Stevie Nicks,Bruce Hornsby",104.0,04:46
Happy Birthday,Stevie Wonder,116.0,05:57
Childrens Crusade,Sting,116.0,05:01
Creep,Stone Temple Pilots,108.0,05:32
Pretty Song from Psych-Out,Strawberry Alarm Clock,111.0,03:17
Thank You,Style O,113.0,03:47
Nothing Ever Goes As Planned,Styx,114.0,04:46
Variations,Submotion Orchestra,116.0,04:24
Down On Me,Sudan Archives,110.0,04:10
Honeyweed,Summer Salt,106.0,03:31
Murder Show,Summer Thieves,115.0,03:39
Walking in Staten,Summer Thieves,115.0,03:39
The Changeover,Sundara Karma,114.0,04:46
On The Set,Super Jay,113.0,03:38
Aint Nobody But Me,Supertramp,102.0,05:14
Pacifico,"Surfaces,salem ilese",112.0,03:29
S t i l l  b e l i e v e,Survive Said The Prophet,108.0,05:00
Eye Of The Tiger,Survivor,109.0,04:05
Breakout,Swing Out Sister,113.0,03:46
Dirty,Swipey,106.0,04:19
LManburg Lullaby,T'Zar - Teuira Williams,105.0,03:26
Paid,"T-Rell,Kevin Gates",119.0,03:37
Fear of Falling Asleep,TENDER,116.0,04:10
Want You,"THEMXXNLIGHT,Croosh",116.0,04:29
Black And Jewish,Tahuna Breaks,108.0,04:27
Happiness Is Easy,Talk Talk,107.0,06:30
Swamp vs. Your Honor,Talking Heads,117.0,04:30
One Man,Tank,114.0,04:25
Liability,"Tape Machines,Astyn Turr",118.0,03:26
A Chi Sa Dove Sara,Tarantella,108.0,03:05
Fine,Tayler Buono,102.0,03:25
Afterglow,Taylor Swift,111.0,03:43
Forever Winter Taylors Version From the Vault,Taylor Swift,116.0,04:23
Hey Stephen Taylors Version,Taylor Swift,116.0,04:14
Between The Lines,Tear Ducks,115.0,04:17
Rose Tinted View,Teflon Sega,114.0,03:56
Where Does the Good Go,Tegan and Sara,105.0,03:37
Intentions,"Terrace Martin Presents The Pollyseeds,Terrace Martin,Chachi",103.0,03:59
Cant Breathe Without You,"Terrence Parker,Marc Romboy",118.0,06:41
Compromise,Tesla Boy,115.0,04:24
Past 2,Teuira Williams - T'Zar,105.0,04:06
Release Me,"Tevlo,Veelo,Nick Veron,Illmatic Deep",118.0,05:10
Dreams,Teyana Taylor,106.0,03:22
All These Engagements,The Airborne Toxic Event,118.0,04:40
Intruders,The Antlers,112.0,05:23
WWJD?,The Axis of Awesome,104.0,03:33
Hit And Run,The Bar-Kays,112.0,03:50
The Slide,The Beautiful South,108.0,05:02
If I Said You Had a Beautiful Body Would You Hold It Against Me?,The Bellamy Brothers,117.0,03:14
Old Hippie,The Bellamy Brothers,104.0,04:05
Seeing Things,The Black Crowes,116.0,05:18
Fade Away,The Black Heart Procession,108.0,03:42
Stay This Way,The Brand New Heavies,110.0,04:09
Revelry,The Careful Ones,102.0,03:36
Double Life,The Cars,118.0,04:14
Dont Say,"The Chainsmokers,Emily Warren",100.0,03:48
The Only One I Know,The Charlatans,113.0,03:58
Giant Song,The Chills,115.0,03:28
Hello Chicago,The Chills,115.0,03:28
In The Morning In The Evening,The Chills,115.0,03:28
I Sure Miss You,The Crabb Family,108.0,04:04
Not Sorry,The Cranberries,104.0,04:20
Other Voices,The Cure,117.0,04:23
Soul Kitchen,The Doors,116.0,03:33
Feel Alive,The Dreggs,119.0,03:27
Body,The Foreign Exchange,104.0,04:30
Trust Me,The Fray,107.0,03:22
Shake,The Gap Band,100.0,04:58
Bachelor Kisses,The Go-Betweens,118.0,03:33
Best Friend,The HamilTones,115.0,04:51
Weightless Again,The Handsome Family,114.0,03:37
Romany,The Hollies,104.0,03:39
The Stars Are Going Out,The Human League,115.0,04:05
Settle Down,The Isley Brothers,112.0,06:29
Calling U Back,The Marías,117.0,03:19
Blackberry Way,The Move,102.0,03:41
Life Hereafter,"The Muppets,Will Arnett",104.0,03:37
Yellow Box,"The Neighbourhood,Death Stranding: Timefall",107.0,03:02
Booty Bounce Bopper,The Pack,110.0,03:51
Lorcas Novena,The Pogues,117.0,04:40
The Enemy Strikes Back,"The Psycho Realm,Big Duke,Sick Jacken",103.0,06:35
Hither,The Ransom Collective,115.0,04:31
Time We Try,The Sam Willows,100.0,03:58
Comeback,The Score,110.0,03:43
Nothing At All,The Shins,118.0,04:09
Cherry,The Smashing Pumpkins,106.0,04:01
Reel Around the Fountain,The Smiths,110.0,05:59
Coming Home,The Soldiers,110.0,05:07
Too Hot,The Specials,103.0,03:11
If Youre Ready Come Go with Me,The Staple Singers,101.0,04:27
Shoot You Down,The Stone Roses,109.0,04:13
Someday Demo,The Strokes,106.0,03:03
The Chairman Rolls Again,The Stupendium,102.0,03:11
20 Excuses,The Supervillains,101.0,03:19
You Are in My System,The System,109.0,05:57
Law Of The Land,The Temptations,114.0,05:00
Runaway Child Running Wild,The Temptations,108.0,04:46
Hair Too Long,The Vamps,101.0,03:25
Kiss,The Vamps,110.0,03:20
Talk Later,The Vamps,108.0,03:01
Right Now,"The Vamps,Krept & Konan",110.0,03:09
Impressions of You,The Virgins,105.0,03:58
Corn Circles,The Waterboys,118.0,04:04
Keep a Secret,The Whitest Boy Alive,119.0,04:07
Towel,The Wldlfe,102.0,04:36
Loaded,The Wood Brothers,109.0,04:03
Lemon Lean,The-Dream,108.0,05:36
Where Have You Been?,"The-Dream,Kelly Rowland",114.0,03:51
Seals Remix,"Theophilus London,Lil Yachty",118.0,03:27
Miss You,Thieves Like Us,110.0,04:16
A Song for While Im Away,Thin Lizzy,115.0,05:13
Here I Go Again,Thin Lizzy,117.0,06:44
The Flat Earth,Thomas Dolby,117.0,06:41
Waiting by the Door,"Thomas Reid,Snøw,Skinny Atlas",115.0,04:17
Glow,Thousand Foot Krutch,105.0,03:20
Out in the Country,Three Dog Night,100.0,03:09
Still Life,Thrice,105.0,05:14
Still Walking,Throbbing Gristle,110.0,04:48
Missing You,Thundamentals,110.0,03:28
Should've Been Me,"Tiffany,George Tobin,Bill Smith",109.0,03:40
Stormy Weather,Tinashe,114.0,03:09
H20,Tink,118.0,03:56
Dirty Dancing,"Tion Phipps,Ca$h Out",100.0,03:09
Drive By,"Tion Wayne,Swarmz",109.0,03:20
Rhino Skin,Tom Petty and the Heartbreakers,119.0,03:57
T.O.P - Of all days Romanized,Tom Tom Club,103.0,05:39
The Cause,Tommy Lefroy,116.0,03:05
Holy Water,Tommy Newport,104.0,03:16
Dont Want It,Tony K,104.0,03:18
I Dont Wanna Fall in Love,Tonya Mitchell,118.0,04:51
Until Forever,Tori Kelly,105.0,03:02
Freelance,Toro y Moi,115.0,03:45
Don Queen Don Q Diss,Tory Lanez,107.0,03:57
Good Night,Tory Lanez,105.0,03:46
Honest,Tory Lanez,107.0,03:57
Save It,Tory Lanez,107.0,03:57
Unforgetful,Tory Lanez,105.0,03:46
Walked Out,Tory Lanez,105.0,03:46
Kiss You All Over,"Trace Adkins,Exile",101.0,05:14
Blow My High,"Trav,Meek Mill",101.0,04:38
Chinese Blues,Travis,105.0,03:46
One Night,Tray Jack,100.0,03:14
Condemned to Silence,"Trees of Eternity,Mick Moss",105.0,05:22
All We Do,Trey Songz,117.0,04:27
Tug of War,Trey Songz,100.0,03:54
We Should Be,Trey Songz,118.0,05:55
Secrets,Tribe Society,105.0,04:09
They Dont Live Long,Trick Daddy,101.0,03:53
Somebody,"Tru Life,Dave East,Jermaine Elliott",105.0,03:18
Jingle Bells - A Yandere Simulator Christmas Carol,Tsundere Twintails,118.0,03:03
Play This Only at Night,Tucka: King Of Swing,105.0,05:27
Cut My Lip,Twenty One Pilots,112.0,04:42
Keeping Me Under,Two Another,108.0,03:38
Functioning,"Two-9,Slim Jxmmi of Rae Sremmurd",111.0,03:31
GODDAMN,"Tyga,A Boogie Wit da Hoodie",105.0,03:31
Higher Ground,UB40,101.0,04:21
Red Light,USHER,115.0,04:48
Dont,"USHER,Juicy J",113.0,04:11
MEMORIES WONT SHOW,Unaverage Gang,115.0,04:28
Leave Dat Trap,"Unknown T,AJ Tracey",104.0,03:21
Turn It Well,Up Dharma Down,113.0,06:07
Spirit Of Freedom,Uriah Heep,116.0,03:30
If I Didn't Try,Utopia,103.0,04:12
Stand For Something,Utopia,113.0,03:50
Out the Game,V. Rose,110.0,03:03
Catch the Wave,VELVET MOON,110.0,06:43
Dancin',Vanilla Ice,108.0,05:00
Heart In Hand,Vertical Horizon,100.0,04:39
Take This Ride,Vigiland,112.0,03:23
Dressed In Black Uniforms,Von Thronstahl,113.0,04:24
Codeine,Vundabar,106.0,03:28
Trail Of Tears,W.A.S.P.,116.0,05:50
Eternal,"WE ARE FURY,TELLE",100.0,03:07
Everything,"WESTSIDE BOOGIE,Eminem",107.0,03:54
Medicine,WNDR,111.0,03:44
Mind Candy,Walker Hayes,113.0,03:40
Nicole,Ween,100.0,09:20
Freak Me Out,Weezer,107.0,03:26
Come in Out of the Rain,Wendy Moten,114.0,04:17
Far Cry,Wet,117.0,04:38
Secret Love Song,Wet Baes,118.0,05:04
Blue Armed With Love,Wham!,101.0,03:55
Licky Sticky,Whatchyamacallit,108.0,04:32
How Will I Know,Whitney Houston,119.0,04:35
Oh Yes,Whitney Houston,100.0,06:47
Theres Music In You,Whitney Houston,119.0,04:35
Count On Me,"Whitney Houston,CeCe Winans",114.0,04:26
Country Rap Facts,"Who TF Is Justin Time?,Adam Calhoun",119.0,03:13
Wilbur Soot - Your New Boyfriend Official Sus Remix,Wilbur Soot,105.0,03:59
Eat Your Heart Out Adonis,Wild Beasts,118.0,03:56
Fish,Will Joseph Cook,118.0,03:02
Big Willie Style,Will Smith,108.0,03:17
Be Thankful for What You Got,William DeVaughn,107.0,03:41
One And Only,"Wingy,liightflower",109.0,03:22
Most Of Us,Wiz Khalifa,115.0,04:12
How Can I Let You Go,Wulf,119.0,03:11
Big Phat Fish,"Xtatik,Machel Montano",100.0,03:06
Enemies,Xzibit,113.0,04:01
Poison,YAS,105.0,03:06
Keep It Real,"YFN Lucci,YFN Trae Pound",100.0,04:04
Just Want You,YNW BSlime,105.0,03:39
Beauty in Falling Leaves,YOB,112.0,16:27
Heavy,YONAKA,105.0,03:14
Get Rich or Die Tryin,YSN Fab,104.0,03:13
Walk Away From Love,Yazoo,119.0,03:20
Narcoticz,"Yeat,Yung Kayo",117.0,03:49
Growin Up in the Gutter,"Yelawolf,Rittz",112.0,03:40
Telescope,"Yellowcard,Hammock",112.0,04:47
Autumn Sweater,Yo La Tengo,102.0,05:18
Moonrock Mambo,Yo La Tengo,105.0,04:49
The Way Some People Die,Yo La Tengo,102.0,05:18
Everybody Wants to Be Loved,"Yoke Lore,NVDES",119.0,03:33
Dancing Away In Tears,Yola,106.0,03:48
Juice,"Young Franco,Pell",112.0,03:31
Slow Jukin,Young Steff,116.0,03:49
Bodega,Your Neighbors,107.0,03:22
A Memory,Yumi Zouma,115.0,03:41
In Blue,Yumi Zouma,104.0,03:02
All Night,"Yungen,Mr Eazi",100.0,03:47
Problem,"Yxng Bane,Fredo",106.0,03:04
Blast Myself,Z-Ro,112.0,04:18
Smell the roses,Zenzile,108.0,03:55
Cookie,Zerynah Hugs,110.0,04:10
Saturday Night,Zhané,100.0,03:56
I Wont Sell My Soul,Zheani,105.0,03:07
Walk You Home,Ziggy Alberts,110.0,04:32
You Got Me Now,Ziggy Alberts,109.0,04:03
Heartbeat,Zola Blood,118.0,03:42
New You,Zolita,112.0,03:44
Im okay now,badly,101.0,03:02
The Antidote,"blackwave.,Winston Surfshirt,Benny Sings",119.0,03:16
I Believed It,dvsn,110.0,06:59
So What,"dvsn,Popcaan",103.0,03:14
Friends,levitation room,100.0,03:37
Poster,"nobigdyl.,Aaron Cole",117.0,03:26
LOTTERY,"nobigdyl.,Kaleb Mitchell",110.0,03:32
Mineshaft,reptilelegit,105.0,03:27
More Than Just a Fling,"spring gang,Ed Mills",100.0,03:13
Afterhours,"teamwork.,Nina Nesbitt,AJ Mitchell",103.0,03:25
Txt Me,tobi lou,110.0,04:07
Deaths last kiss,yung van,112.0,03:43
Theme from Rocky XIII The Rye or the Kaiser,"\Weird Al\"" Yankovic""",113.0,03:36
Whats The Matter Here?,"10,000 Maniacs",100.0,04:49
No Good 4 U,12AM,103.0,03:06
Long Way,1K Phew,106.0,04:06
Ouuu,2OUTLANDISH,105.0,03:55
Aint Nothin Wrong,2nd II None,100.0,03:19
Without Chu,"7 Minutes Dead,Emsi",104.0,03:16
FLARE,ASHWARYA,107.0,03:18
Pisces,ATM Curly,107.0,03:16
Afraid,Aaron Lewis,105.0,03:51
Anywhere But Here,Aaron Lewis,117.0,05:07
Lost and Lonely,Aaron Lewis,110.0,04:57
O Come O Come Emmanuel,Aaron Shust,114.0,03:38
Message to the Label,Ace Hood,112.0,04:38
Across This Million Stars,Adhitia Sofyan,109.0,06:03
One Night,After 7,103.0,05:00
Dancing With The Mountain,Air Supply,119.0,05:27
Learning To Make Love To You,Air Supply,115.0,04:16
Gonna Have A Party,Alabama,117.0,04:09
Real Bad Lookin,Alex Cameron,107.0,04:33
Boy,Alex G,109.0,03:11
You Were Meant To Be My Lady Not My Girl,Alexander O'Neal,100.0,06:31
What I Long For,Alexander Rybak,107.0,03:18
Be My Lover,Alice Cooper,118.0,03:21
Funny Business,Alice Merton,104.0,03:06
Doesnt Mean Anything,Alicia Keys,104.0,04:32
Dreamy Dragon,"Alison Wonderland,Chief Keef",119.0,04:21
Dont Come Home,All Human,115.0,04:58
Kitchen Floor,All the Rest,115.0,03:51
Perfect World,Allen Stone,113.0,03:14
Unaware,Allen Stone,117.0,05:49
Baby,"AllttA,20syl,Mr. J. Medeiros",115.0,03:20
Family,Aloe Blacc,105.0,03:07
Live My Life,Aloe Blacc,113.0,03:36
A Victory of Love,Alphaville,119.0,04:17
Middle Of The Riddle,Alphaville,118.0,03:19
Ghost in the Night,Always Never,118.0,04:28
Fallin' Off The World,America,102.0,03:30
High In The City,America,105.0,03:03
Might Be Your Love,America,115.0,03:46
Welcome To Rehab,Amir Obe,109.0,03:24
Mr Magic Through the Smoke,Amy Winehouse,100.0,03:56
You Know Im No Good,Amy Winehouse,103.0,04:17
Beauty Has A Price,"Andrew Lloyd Webber,Carrie Hope Fletcher,Gloria Onitiri",105.0,06:32
I Aint Done,Andy Mineo,115.0,03:35
Risk It All,Angel,118.0,04:46
The Life of Hilda,Anna Ramsey,104.0,03:49
Pavement Cracks,Annie Lennox,114.0,05:08
Love You Like the Movies,Anthem Lights,106.0,03:48
Make Me a Bird,"Arcane Station,Marianne Hekkilæ",116.0,04:00
Dull Boys,Archy Marshall,115.0,03:25
Whos Zoomin Who,Aretha Franklin,110.0,04:44
Round and Round,Ariel Pink,110.0,05:08
Ill Be There for You,Ashford & Simpson,101.0,05:12
It Seems to Hang On,Ashford & Simpson,101.0,05:12
Were So Cool,Au Pairs,111.0,03:28
If We Broke Up,August Alsina,118.0,03:47
The Space Between,"Auri,Johanna Kurkela",114.0,05:00
Love Love Love,Avalanche City,100.0,03:12
Gem of the Ocean,"Aves,JFDR",106.0,04:34
Low Life,"Axe Murder Boyz,Twiztid",110.0,04:45
A Reapers Tears,Azizi Gibson,110.0,03:08
Eden After Hours,Azizi Gibson,103.0,04:22
TIDDIES ON MY MIND,Aznromeo,115.0,04:31
Love Killa,B. Smyth,110.0,03:29
30mgs,"BEAM,Vory",119.0,03:32
Blu,BENEE,100.0,03:22
Get Away,"BJ The Chicago Kid,JID,Buddy,Kent Jamz",118.0,04:43
SeanPaulWasNeverThereToGimmeTheLight,BONES,105.0,04:20
BTS - A Brand New Day BTS WORLD OST prt.2  English Translation,"BTS,Zara Larsson",105.0,03:25
Baby Shoes,Bad Books,113.0,03:50
How About That,Bad Company,113.0,05:26
Trump Card,Bagatelle,116.0,04:59
Fucked Up,Bahari,119.0,03:39
Do Not Claim Them Anymore,Balthazar,100.0,03:57
Fever,Balthazar,119.0,06:05
Vibes,"Bandhunta Izzy,Dream Doll",100.0,03:07
The Spy in the Cab,Bauhaus,108.0,04:32
Other Mens Girls,Baxter Dury,110.0,03:45
Sun Machine,Bears In Trees,104.0,03:28
Help,"Beccy Cole,Busby Marou,Fanny Lumsden,Glenn Shorrock,Jasmine Rae,The McClymonts,Travis Collins,Wendy Matthews",100.0,03:31
I Wont Be Long,Beck,113.0,05:05
Brutal Hearts,"Bedouin Soundclash,Cœur De Pirate",118.0,03:10
Heartbreaker,Bee Gees,101.0,04:23
Rings Around the Moon,Bee Gees,118.0,05:03
Tragedy,Bee Gees,118.0,05:03
Da Hot Shit,Bell Biv DeVoe,112.0,04:21
Poor Boy,Belle and Sebastian,100.0,03:25
Steal My Kisses,Ben Harper And The Innocent Criminals,101.0,04:05
Bangkok/One Night In Bangkok,"Benny Andersson,Björn Ulvaeus,Trice,Stage Sound Unlimited",110.0,03:51
Mixed Signals,Berry Starr,110.0,03:53
Nina,Beshken,100.0,03:44
Green Light,Beyoncé,107.0,03:30
Children of the World,Big K.R.I.T.,107.0,03:10
City of Syrup,"Big Moe,Z-Ro,Tyte Eyez",104.0,04:21
Watering,Big Thief,106.0,03:22
From 44 to 48,Blackfield,102.0,04:31
The Lord Is Real Time Will Reveal,Blackstreet,119.0,04:13
Heart of Glass,Blondie,114.0,04:35
Hadron Collider,Blood Orange,112.0,03:43
She Wants A Thug,Bmc Boyz,110.0,04:16
If Dogs Run Free,Bob Dylan,104.0,03:37
Who Colt The Game,Bob Marley & The Wailers,115.0,03:14
Winters Song,Bob Moses,114.0,07:09
The Real Love,Bob Seger,115.0,04:39
Chances Are,"Bob Seger,Martina McBride",116.0,04:17
Paradise,Bodeans,115.0,03:40
Spit Of Love,Bonnie Raitt,109.0,04:41
I Am Here I Am Alive,Bonny Doon,114.0,05:23
First Fires,"Bonobo,Grey Reverend",110.0,04:38
Turn My Eyes,Bonray,100.0,03:13
No Drake On,"Boosie Badazz,Lil Scrappy",118.0,04:30
Your Sufferin Heart,Born Ruffians,100.0,03:54
On Bended Knee,Boyz II Men,117.0,05:29
What Can I Say,Boz Scaggs,115.0,03:01
Dont Let it Go to Your Head,Brand Nubian,100.0,04:04
Can You Hear Me Now?,Brandy,100.0,05:00
Be Ready,Brian Puspos,108.0,04:04
You Know What You Did,Brian Puspos,114.0,03:59
Lost In Istanbul,"Brianna,Pascal Junior",119.0,03:20
World Sick,Broken Social Scene,118.0,06:47
American Skin 41 Shots,Bruce Springsteen,103.0,07:22
Grenade,Bruno Mars,110.0,03:42
7:00,Bryson Tiller,117.0,03:08
Trouble on Central,Buddy,100.0,03:07
yawadey,Burna Boy,103.0,03:57
Lets Talk About Cars,Butthole Surfers,106.0,04:34
Wait Til I Get Home,C Note,108.0,03:36
Hit Me,"CA$HPASSION,Rob $tone",100.0,03:05
Frank Sinatra,CAKE,114.0,04:01
What's Now Is Now,CAKE,113.0,03:37
Life Is Wet,"CAMO,JMIN",100.0,03:06
Peaches,CRAY,112.0,03:25
OT,"CTT Beats,Sho Madjozi,Tashinga,Sneakbo,Robot Boii,Matthew Otis",112.0,04:51
High,"Cam Meekins,Skizzy Mars",115.0,03:34
Save It for Tomorrow,CammWess,100.0,03:06
Venus  River,Capital Cities,108.0,03:04
A Pleasant Sort of Terror,Car Seat Headrest,115.0,05:04
Beach Life-in-Death 2011,Car Seat Headrest,115.0,05:04
Cute Thing 2018,Car Seat Headrest,115.0,05:04
Deadlines Alternate Acoustic Demo,Car Seat Headrest,115.0,05:04
Portrait of the Artist as a Young Fag,Car Seat Headrest,115.0,05:04
Twin Fantasy Those Boys 2011,Car Seat Headrest,115.0,05:04
You and I,Caribou,112.0,04:03
Snowflake,Carl Broemel,118.0,04:03
Ice Box Man,Carl Carlton,114.0,03:55
Pon Ya Body,Carlito Olivero,103.0,03:25
Give Me All Night,Carly Simon,107.0,04:19
Sangre Dolce,Carly Simon,100.0,04:27
Better Than You,Caroline Kay,112.0,04:03
Lovesick,"Caroline Pennell,Felix Snow",101.0,03:54
Feel the Way I Want,Caroline Rose,107.0,04:03
Brighter,Cass McCombs,109.0,03:56
Therapy,Catie Turner,118.0,03:21
Walking Into Sunshine,Central Line,112.0,07:53
Pass It On,Chaka Khan,118.0,05:04
Wandering Mind,Chance Emerson,118.0,03:01
No Plans,Chanel West Coast,110.0,03:30
Good Hurt,Chappell Roan,100.0,03:12
As You Are,"Charlie Puth,Shy Carter",114.0,03:55
Hol Up,"Chaz French,Shy Glizzy",116.0,04:27
Zuko,Che Lingo,112.0,03:45
Best Life,Cheekface,110.0,03:07
Sexy National Anthem,Cheekface,115.0,03:01
Love You More,Chelsea Cutler,102.0,03:35
Oooh,Cherish,116.0,04:16
Straight To Hell,Cherlene,103.0,05:40
Ugly Truth,Chetta,110.0,03:29
Sticc To The Plan,Chevy Woods,115.0,03:54
Never Been In Love Before,Chicago,110.0,04:10
If You No Love Remix,Chike,100.0,03:40
Vibrations Divine Signature,Children of Zeus,116.0,08:04
Not Lonely Just Alone,Chloe Gilligan,104.0,03:45
Picture Me Rollin,Chris Brown,103.0,03:13
Picture Perfect,"Chris Brown,will.i.am",118.0,04:13
Tougher Than the Rest,Chris LeDoux,100.0,04:57
Gin  Tonic,Chris Orrick,109.0,04:50
Josephine,Chris Rea,110.0,03:57
She's Gonna Change Everything,Chris Rea,110.0,04:03
Get The Old Band Back Together,Christian Lee Hutson,101.0,03:08
Express,Christina Aguilera,107.0,04:20
A Stranger I Remain Demo/Original Mix,Christoph El Truento,119.0,03:52
Count My Blessings,Chronic Law,103.0,03:15
I Am Enough,Cimorelli,108.0,03:53
All Right,"Cisco Adler,gnash",116.0,03:13
Lifeline,Citizen Cope,112.0,03:54
I Write Your Name,"Claptone,Jay-Jay Johanson",118.0,03:41
Lalalove,Claudia Isaki,108.0,04:13
Jungle Mood,Clavish,113.0,03:56
Never Say Die,Cliff Richard,102.0,03:38
Spyro,Cold Hart,113.0,03:15
I Want to Grow Up,Colleen Green,118.0,06:05
Ffun,Con Funk Shun,111.0,04:11
Fantastic Voyage,Coolio,105.0,05:34
When Paula Sparks,Copeland,116.0,04:54
Long Gone to Saskatchewan,Corb Lund,102.0,03:31
Love Myself On The Weekend,Coyot,100.0,04:50
Never Gonna Reach Me Hot Toddy Remix,"Crazy P,Hot Toddy",110.0,09:40
FWU,"Croosh,Alexya",119.0,03:13
Its Only Natural,Crowded House,116.0,03:32
Castaway,"Crush,Miso",100.0,03:14
Kerosene,Crystal Castles,118.0,03:12
You Didnt Have To Do It,Crystal Lewis,110.0,04:51
Runner,Cub Sport,100.0,03:21
Summer Lover,"Cub Sport,EMBRZ",115.0,03:04
Take Control,Culture Club,116.0,03:09
Kung Fu,Curtis Mayfield,116.0,06:12
Lolita,Céline Dion,116.0,04:19
A Golden Rush,"DAVID AUGUST,Nelia Kit",106.0,07:21
No More Free Dougie B,DJ Collo,111.0,03:45
Everywhere I Go,"DJ E-Feezy,Denzel Curry,Yung Simmie,808 Mafia",110.0,04:34
For Free,"DJ Khaled,Drake",104.0,03:03
Diggin U Out,DJ Quik,100.0,04:48
Sweet Black Pussy,DJ Quik,102.0,04:21
Do like I Do Remix,"DJ Sliqe,Riky Rick,Reason,L-Tido,Nadia Nakai,Kwesta,Flabba",102.0,05:14
Young  Wild,"DJ Tight,Baby Soulja,City Girl J.T.,Keymah Renee",107.0,03:04
Learning Alive,DMA'S,108.0,03:11
Dead  Gone,DRAMA,104.0,03:24
Waste of Time,DYGL,119.0,04:02
Kendall,DYSN,110.0,03:05
Take Over,"Da Beatfreakz,Mr Eazi,Shakka,Seyi Shay",105.0,03:36
Ghetto Romance,Damage,102.0,03:46
Arkansas,Damien Jurado,106.0,03:11
Let Her Go,Dan Fogelberg,108.0,04:56
Worth It,Danielle Bradbery,115.0,03:26
Cold Blooded,Darke Complex,118.0,03:37
We Worship You Today,Darwin Hobbs,107.0,06:23
Savage,Datakrash,116.0,03:45
Home,Daughter,104.0,04:18
Stove Top,Dave East,104.0,03:41
Snow Outside,Dave Matthews Band,116.0,06:11
Wanna Know,"Dave,Drake",100.0,03:19
Cracks of Heaven,David Archuleta,107.0,03:55
New Angels Of Promise Omikron: The Nomad Soul Version,David Bowie,106.0,04:38
Chemical,Dead Man Ray,116.0,04:23
We Dont Run From Anyone,Delara,106.0,03:37
No Visa,"Delinquent Society,HANZM",113.0,04:02
My Whole Life Long,Delta Rae,110.0,03:59
Grown Man On,Dem Hoodstarz,108.0,03:21
100,"Demetria McKinney,Da Brat",115.0,04:00
About Skyscraper,Demi Lovato,104.0,03:41
Skyscraper,Demi Lovato,104.0,03:41
I Am a Stone,Demon Hunter,112.0,05:46
Just In Case The World Ends,Deniro Farrar,103.0,04:36
Lifestyle,Deno,105.0,03:23
MAD I GOT IT | MAD 1 GOT 1T,Denzel Curry,108.0,03:52
Stories of Old,Depeche Mode,115.0,03:14
Couldnt Tell,Dermot Kennedy,102.0,04:16
Bored,Dev09,109.0,03:01
What I Want the Most,Diamond Cafe,105.0,03:16
Baby It's Love,Diana Ross,108.0,03:56
Set Free,Diarra Sylla,105.0,03:16
Stars and Moons,Dizzy,113.0,04:44
Dont Ever Forget,"Dizzy Wright,Krayzie Bone",102.0,03:48
Gangs,Do Nothing,110.0,05:00
Dapper,"Domo Genesis,Anderson .Paak",113.0,03:13
Nasty Girl,Done Again,118.0,05:04
Friends,Donna Summer,119.0,03:26
Dont Say Nothin,"Dr Maleek,Tory Lanez,The Game",103.0,03:30
Arizona Iced Tea,Dr. Reknaw,108.0,03:16
Rare Form Doms,Dr. Reknaw,108.0,03:16
Madiba Riddim,Drake,106.0,03:25
P.O.V.,"Drake,dvsn,Pimp C",100.0,04:50
Dawn Toliver,"Drakeo the Ruler,Don Toliver,Ketchy the Great",100.0,03:12
Drake Medley,Drax Project,118.0,03:02
They Love Me,"Drew Howard,Birthday Boy",114.0,03:47
NEED YOU RIGHT NOW,"Dro Kenji,$NOT",116.0,04:09
Pretty Please,Dua Lipa,107.0,03:14
Let A Woman Be A Woman - Let A Man Be A Man,Dyke & The Blazers,112.0,03:13
One Night Stand,"E-40,DJ Kay Slay",100.0,04:11
Til the Dawn,"E-40,Suga Free,Bosko",104.0,04:38
Function,"E-40,YG,Iamsu!,JasonMartin",100.0,04:19
Frodo Baggins,"E.L,Nova Blaq",111.0,04:35
The Eagles,Eagles,107.0,05:04
Euphoria,Echos,110.0,04:00
Eyes Closed,Ed Sheeran,107.0,03:14
Heartbreaker,Eighty Ninety,103.0,03:42
Prolog English Translation,Einstürzende Neubauten,119.0,03:30
All My Love,Elderbrook,118.0,03:31
Talking,Elderbrook,115.0,03:22
In Between Stars,Eleanor Friedberger,110.0,03:29
Falling Apart,"Eli Sostre,Johan Lenox",102.0,03:29
Sunshine of Your Love,Ella Fitzgerald,109.0,03:19
Intro  Prod by DMile,"Ella Mai,Ty Dolla $ign",100.0,04:24
I Figured You Out,Elliott Smith,117.0,03:45
8 Mile: Lilys Lullaby,Eminem,107.0,04:24
SADD,"Emir Hermono,Alicia Amin,Clevt",107.0,03:03
All Of The Above,"Empire Cast,Jussie Smollett",112.0,03:41
I Wanna Love You,"Empire Cast,Jussie Smollett",100.0,03:06
Starlight,"Empire Cast,Serayah",105.0,03:34
Marian,Empty Country,103.0,06:05
Manando,Emtee,105.0,04:20
Crying In The Rain,Erasure,104.0,03:49
Don't Say No,"Erasure,Peter Colin,Nick Titchener",110.0,06:09
Thats Why I Like You,Eric Chou,115.0,03:33
Chain Glow,Eric Clapton,105.0,03:41
Cocaine,Eric Clapton,105.0,03:41
Highway 49 - With Jimmy Page,Eric Clapton,105.0,03:41
Wanna Make Love To You,Eric Clapton,105.0,03:41
Fuck It I Hate Everything.,Eric North,115.0,03:12
Buss It,Erica Banks,110.0,03:07
Can U Hear Me Now,"Erick Sermon,Marvin Gaye",100.0,03:43
Someone New,"Eskobar,Heather Nova",110.0,03:31
USED TO BE GOOD FRIENDS,Eyedress,110.0,05:56
The Joke Was on Me,Ezra Bell,106.0,03:44
HUMAN,FELIX SANDMAN,118.0,03:15
Good Life Remix,Faith Evans,101.0,04:35
Never knew,Faith Evans,101.0,04:35
Men Are Trash,Faith Nketsi,117.0,03:02
Daddy,"Falz,Ms Banks",105.0,03:35
Silver and Gold,Fat Freddy's Drop,100.0,06:10
Still Life with Hot Deuce on Silver Platter,Fat Freddy's Drop,100.0,06:10
Locked In,Fetty Wap,100.0,03:52
Have Yourself A Merry Little Christmas,"Fifth Harmony,Ty Dolla $ign",105.0,03:34
Dice,"Finley Quaye,William Orbit",111.0,04:14
Everywhere,Fleetwood Mac,115.0,03:46
King,Florence + The Machine,106.0,04:40
My Gold,Flynn,105.0,03:17
Full Sette,Focalistic,100.0,03:04
Skin and Bones,Foo Fighters,101.0,04:02
Crooks,Foolio,102.0,03:13
Draw Down the Moon,Foxing,114.0,03:15
If I Believed in Love,Foxing,100.0,03:25
Whole Thing Remix,"Frank On Tap,XUZZ",116.0,03:03
Dummy Up,"Frank Zappa,The Mothers",118.0,06:03
Relax New York Mix,Frankie Goes To Hollywood,115.0,07:23
Shawty,Freeville,101.0,03:29
Jump,"French Montana,Travis Scott",112.0,03:41
End of It,Friday Pilots Club,101.0,03:29
My Mouth My Lips,From Indian Lakes,118.0,04:26
Till I Can Walk,From Indian Lakes,118.0,04:50
The Lunatics Have Taken Over the Asylum,Fun Boy Three,115.0,03:14
Who Says a Funk Band Cant Play Rock?,Funkadelic,106.0,06:16
Freestyle no autotune,Future,111.0,04:25
Hard to Choose One,Future,119.0,03:13
Thrill,Future Islands,115.0,04:20
Kings,"Future Of The Purple,Emery Bingham",117.0,03:47
Run Up,G Bugz,101.0,03:30
Heaven or Hell,"G Herbo,Zuse",107.0,03:35
You Want It,GASHI,114.0,04:27
Everybody Dies,GAWNE,118.0,03:37
Show Me,GAWVI,104.0,03:23
Wasnt Easy,GJan,100.0,03:58
One More Night,"GRM Daily,WSTRN,kamille,Wretch 32",100.0,03:36
The Great Unknown,GROUPLOVE,100.0,03:57
HEALER,"Gaba Cannal,George Lesley,Russell Zuma",111.0,08:40
I Dont Care At All,Garrett Klahn,101.0,03:15
Call Out The Dogs,Gary Numan,119.0,04:39
Exile,Gary Numan,100.0,05:23
Angel,Gavin Friday,103.0,06:06
Show Me,Gavin Haley,112.0,03:11
Its The Light,Gavin Turek,112.0,05:25
Proclamation,Gentle Giant,115.0,06:56
Never Give Up On A Good Thing,George Benson,114.0,04:04
Atomic Dog,George Clinton,108.0,04:47
This Guitar Cant Keep from Crying,George Harrison,116.0,04:13
Cars And Trains,George Michael,110.0,05:51
Somewhere Down in Texas,George Strait,114.0,03:18
Taking Everything Soap Opera Remix,Gerald Levert,110.0,04:44
My Life,"Gerreddi,Boosie Badazz",116.0,04:08
Night Owl,Gerry Rafferty,103.0,06:08
Only When Ur Lonely,Ginuwine,117.0,05:49
Oouuwop,"GirlzLuhDev,DACHINC",103.0,03:07
Its Time,Glee Cast,106.0,03:43
Blind,Glenn Travis,106.0,03:39
Wolverine,Goghi,101.0,03:30
Always,Golden Features,110.0,03:24
Ive Been Thinking About You,GoodLuck,116.0,03:02
Baby Step Back,Gordon Lightfoot,106.0,03:58
Fading Away,Gordon Lightfoot,109.0,03:11
Mama Said,Gordon Lightfoot,106.0,03:33
White Lines Dont Dont Do It,"Grandmaster Flash,Grandmaster Melle Mel",115.0,04:29
Mum,Grayscale,107.0,04:54
Lazy Nina,Greg Phillinganes,101.0,05:26
Drive,Gretta Ray,106.0,05:02
History Love mix,Groove Armada,114.0,03:42
Super Bad,"Gucci Mane,C-Note,K CAMP,Trinidad James",111.0,03:18
Rich Bitch,"Gunna,Roddy Ricch",117.0,03:17
Round and Round Merry Go Round of Love,Guy,107.0,04:17
Baby Dont Lie,Gwen Stefani,100.0,03:22
Julie Rain,H-Town,100.0,04:16
Blank Slate,HMLTD,117.0,03:44
Selfish Heart,HYLLS,108.0,04:00
Hell Nos And Headphones,Hailee Steinfeld,103.0,03:50
Big House,Hak Baker,118.0,03:41
Drive,Halsey,114.0,04:18
Now or Never,Halsey,110.0,03:34
You should be sad Original Voicenote,Halsey,111.0,03:25
Fuck My Life,Hans Pucket,105.0,05:17
Bands,Harlem Spartans,105.0,03:26
Blurry Nights,Hayden,100.0,04:16
Permission To Love,Hayden James,100.0,04:24
Body Language,Heidi Montag,119.0,03:35
Rockabye,Henry Gallagher,102.0,04:10
Anybody Go Hard,Herbs,100.0,04:31
Bitter Pill,Hey Violet,118.0,03:03
Overkill,Holly Humberstone,107.0,03:06
Horoscope,"Hoodie Allen,Travis Garland",107.0,03:15
All My Love,House Of Pain,115.0,03:19
My Squad,"House Party,Fetty Wap,Produced by Peoples",107.0,03:26
Soak It Up,Houses,103.0,04:11
Is There A Difference?,Howard Jones,115.0,03:32
Naked Noises,Huntar,109.0,03:33
So They Say,Hydelic,102.0,03:21
This Is What We Find,"Ian Dury,The Blockheads",104.0,03:43
When The Daylight Comes,Ian Hunter,116.0,04:28
Why We Thugs Remix,Ice Cube,101.0,03:44
Magician,"Ice Prince,J-Milla,Yung L",108.0,03:52
A Machine for Loving,Iggy Pop,105.0,03:15
Blank Space/Stand By Me Live From Spotify London,Imagine Dragons,102.0,05:03
Stuck,Imagine Dragons,115.0,03:10
I Am in Love with You,Imogen Heap,110.0,03:06
If Not Now When?,Incubus,101.0,05:05
Slow Down,India.Arie,115.0,03:52
Bad Luck,Indiana,100.0,03:14
Wasted on You,Indiana,116.0,03:19
Three Hits,Indigo Girls,103.0,03:10
Die Alone,Ingrid Michaelson,109.0,04:21
Fly Away,Insane Clown Posse,102.0,04:33
Smell of Rain,Insane Clown Posse,108.0,03:51
Taste,Insane Clown Posse,112.0,05:09
They Built Our Bench Again In Palmer Square,Into It. Over It.,115.0,03:33
Always,Isak Danielson,113.0,03:33
Skylines,Ivan B,115.0,04:22
Spang DVD Freestyle Episode 1,J Hus,105.0,03:01
Good Time,"J Hus,Burna Boy",110.0,03:05
NBA Playoff Promo,J. Cole,100.0,04:52
COCA WHITE,JAILENXJORDAN,101.0,03:52
Sunshine,JMSN,106.0,04:56
Walk My Way,JONES,103.0,03:49
DD Form 214,JPEGMAFIA,117.0,03:15
Thats All,"Jack Harlow,Chris Brown",103.0,03:17
In Between Dreams Medley,Jack Johnson,105.0,03:03
Sitting Waiting Wishing,Jack Johnson,105.0,03:03
To the Sea,Jack Johnson,116.0,03:05
You and Your Heart,Jack Johnson,107.0,03:12
Dead Weight,Jack Stauber,108.0,03:06
I Just Know,Jacob Lee,118.0,04:04
Lil Nigga Aint Mine,"Jaheim,Castro,Duganz,Precise",100.0,03:50
Think About Us,Jake Miller,100.0,03:04
Before,James Blake,111.0,04:47
A Fertile Wood at Heart,"James Currier,Ryan Borbone",114.0,03:03
Cry,"James Maslow,City Fidelia",112.0,03:21
Rachels Song,James McMurtry,117.0,04:39
Hooked On A Feeling,"James,Sunfly Karaoke",115.0,03:11
Weekend Lover,Jamie Foxx,108.0,04:12
Extravaganza,"Jamie Foxx,Kanye West",100.0,04:15
Multiply,Jamie Lidell,111.0,04:26
Every Time,Janet Jackson,100.0,04:17
The Great Forever,Janet Jackson,105.0,04:18
Answer,Janice,117.0,03:48
Old Beside You,Janine,100.0,03:20
Defense Mech,Jarv,105.0,04:35
Someone That I Needed,"Jason Ross,Dia Frampton",100.0,04:14
Lovin You Right,"JasonMartin,Stoney Tha Dealer",100.0,04:07
Racks On Racks Piano Remix,"Jayy Scott,KayyStar777",112.0,05:26
Tell Me,"Jazz Cartier,River Tiber",112.0,03:43
Dont Stop,"Jeezy,Shawty Redd",100.0,04:11
I Really Dont Need No Light,Jeffrey Osborne,107.0,03:43
Flower,Jehnny Beth,119.0,03:19
Barking at the Moon,Jenny Lewis,111.0,03:17
The New You,Jenny Lewis,113.0,03:27
Erica America,Jens Lekman,115.0,03:56
Bye Bye,Jeremy Passion,105.0,03:27
Mistakes,"Jeremy Shayne,Brooke Williams",105.0,03:32
Song For The Life,Jerry Jeff Walker,102.0,03:43
Under the Sun,"Jesse James Solomon,kadiata",118.0,03:12
Holy Ghost,Jessie Early,110.0,04:33
One More Try,Jessie J,115.0,03:16
110% If Youre Never Gonna Move,Jessie Ware,101.0,03:27
The Greatest Conversation Ever in the History of the Universe,"Jesu,Sun Kil Moon",117.0,09:44
Duke's On Sunday,Jimmy Buffett,100.0,04:35
This Town,Jinkx Monsoon,111.0,04:15
Monster,"Jo Rodeo,Kevin Gates",105.0,03:27
X 1 Thing Wrong,JoJo,107.0,03:23
What Are We Doing,Joakim Lundell,102.0,03:07
Its Different for Girls,Joe Jackson,118.0,03:42
All Rap,"Joe Moses,Young Thug,RJMrLA",100.0,03:22
What Do We Mean To Each Other,Joe Pizzulo,114.0,04:35
Family,Joe Walsh,104.0,04:21
Gideons Bible,John Cale,109.0,03:20
I Keep a Close Watch,John Cale,109.0,03:28
Walkin Behind the Star,John Conlee,117.0,03:18
My Little Box,John Frizzell,100.0,04:08
Disappointing,"John Grant,Tracey Thorn",108.0,04:55
YOUTH,John Jin Han,100.0,03:30
The Healer,"John Lee Hooker,Carlos Santana,The Santana Band",108.0,05:40
Til the Right One Comes,John Mayer,113.0,03:39
Golden Gates,John Mellencamp,108.0,04:04
Heart and Soul,John Mellencamp,104.0,04:14
If Anybody Had A Heart,John Waite,105.0,04:29
Run To Mexico,John Waite,105.0,04:29
In the Mood,Johnny Gill,116.0,05:06
It Would Be You,Johnny Gill,118.0,04:08
Pisces,Johnny Rain,106.0,03:34
In Zaire,Johnny Wakelin,100.0,03:20
Tonto Rides the Gain,Jon Kennedy,100.0,03:47
Plucking Petals,"Jonathan Bree,Princess Chelsea",108.0,03:22
Now,"Jonathan Groff,Christian Borle",107.0,03:36
Sex Kills,Joni Mitchell,114.0,03:57
Genie Out the Bottle,Jonny Englsh,105.0,03:26
A Prince,Jorja Smith,117.0,03:02
Hide And Seek,"Jr., Hank Williams",106.0,03:25
I Touch Myself - Live Spotify NYC,Julia Stone,106.0,04:33
Mess,Julian Lamadrid,113.0,03:51
Relative Fiction,Julien Baker,101.0,04:19
Doin Our Own Dang,Jungle Brothers,113.0,04:18
Your Life Your Call,Junip,115.0,04:07
Never Been,Justin Stone,100.0,03:56
Sexy Ladies / Let Me Talk to You Prelude,Justin Timberlake,100.0,05:32
Hungry n Lurkin,K CAMP,119.0,03:50
Rolling,"K CAMP,Snoop Dogg",106.0,04:43
Faith,"K-OS,Drake",113.0,03:06
We All Got Problems,"K.A.A.N.,Dem Jointz",112.0,04:31
Words 4 U,KAMRAD,105.0,03:23
VIVID DREAMS,"KAYTRANADA,River Tiber",118.0,04:36
HOTT,"KOPPS,Joywave",101.0,03:39
Salvation,KOPS,102.0,03:10
King Wavy,"KYLE,G-Eazy",112.0,03:04
Save Me,Kadebostany,115.0,03:48
Dont Tread On Me,Kai Straw,101.0,04:28
Knew You,Kailee Morgue,110.0,03:05
I Think She Knows,Kaki King,115.0,03:04
Fix My Lonely,Kali Claire,106.0,03:01
Melting,Kali Uchis,115.0,03:28
Tomorrow,Kali Uchis,107.0,03:10
2K,Kalin White,108.0,03:15
Twisted,Kalin White,108.0,03:15
Never See Me Again,Kanye West,110.0,03:35
Ok Ok,Kanye West,108.0,03:24
Remote Control pt 2,Kanye West,110.0,05:23
Clique Freestyle,"Kanye West,JAY-Z,Big Sean",109.0,04:53
Sakura,"Karakter,Triart",118.0,05:05
Runway,Karaoke Diamonds,106.0,03:36
Purest Feeling,Karaoke Universe,119.0,03:04
This Christmas Night,"Kaskade,Dia Frampton",110.0,03:19
Stupid as You,"Katnip,Asta",114.0,03:50
Hackensack,Katy Perry,117.0,03:01
She Just Wants to Dance,Keb' Mo',112.0,03:28
You Should Be Here,"Kehlani,Chance the Rapper",101.0,04:22
Lights On,Kelly Le Roc,110.0,04:19
All the Stars,Kendrick Lamar,101.0,04:34
Go,"Kendrick Lamar,Anna Wise",100.0,07:23
Sweetheart,Kerry Courtney,115.0,04:01
Mask of the Great Deceiver,"Kerry Livgren,Ronnie James Dio",107.0,07:34
No Time Flat,Kevin Devine,114.0,04:19
Get In The Way,"Kevin Gates,Malachi X",109.0,03:08
Wild Side Oh the Places Youll Go,Kevin Morby,116.0,05:40
Control,Keyshia Cole,117.0,04:15
Gates,Keyshia Cole,117.0,04:15
Love On Ice Remix,Keyshia Cole,117.0,04:15
Remember Me,Keyshia Cole,117.0,04:15
Twisted,Keyshia Cole,117.0,04:15
Brakes,Kid Ink,102.0,03:28
Soul Ties,Kiddo Marv,103.0,04:15
You Are My Ministry,Killa Knox,114.0,07:56
In Love With You,Killloane,101.0,03:02
Night Time,King George,104.0,04:14
Drowning Remix,Kings,102.0,03:31
Ride em Jewboy,Kinky Friedman,111.0,05:38
Living Each Day,"Kirin J Callinan,Connan Mockasin",100.0,04:00
Prayer,Klaverson,105.0,03:02
Every Move I Make,Kora,113.0,05:16
Thick Bonus Track,Kora,113.0,05:16
Church,Kota the Friend,114.0,04:22
Ricky,"Kt Foreign,Sethii Shmactt,Fenix Flexin,Mike Sherm",104.0,03:12
On The Floor,"Kulud,Verd,Chuckie",101.0,04:34
Thank God,Kurt Rockmore,104.0,03:22
Happy Birthday,"Kygo,John Legend",108.0,04:10
Stargazing Kaskade Remix,"Kygo,Justin Jesso,Kaskade",102.0,03:03
Wait Kygo Remix,"Kygo,M83",100.0,05:35
Lost In Paradise,Kyla,100.0,03:53
Secret Take You Home,Kylie Minogue,115.0,03:16
Why Do You Think They Call It Dope?,LL COOL J,118.0,03:50
Unfucwitable,Ladi6,102.0,03:10
Weak,Ladi6,102.0,03:10
Mezzanine,Lady Lamb,101.0,03:42
Get Ready,Lady Wray,115.0,04:06
Smile,Lalah Hathaway,101.0,04:55
Sidelines,Laura Dreyfuss,115.0,03:15
Its Not Good Bye,Laura Pausini,110.0,04:38
Sharkeys Day,Laurie Anderson,116.0,07:47
Heartbeat,"Laxcity,Nakala",110.0,04:19
We Are Gods We Are Wolves,Le Loup,115.0,03:17
Hollow Sky,Lebanon Hanover,116.0,04:38
Yes He Did,Lee Scott,119.0,04:05
Nothing Worth Loving Isnt Askew,Lemon Demon,110.0,03:43
Living in a Fantasy,Leo Sayer,103.0,04:24
When The Money Runs Out,Leo Sayer,100.0,03:39
Free,"Leon Somov,Monika Linkyte",109.0,03:22
The Cloak,Leprous,110.0,04:09
Strap Me Down,"Liam Payne,Quavo",106.0,03:22
MUSHROOM,Lil Darkie,108.0,06:52
My mom took my vape,"Lil Dicky,Brendon Urie",115.0,04:04
Melrose,"Lil Duke,Wiz Khalifa",116.0,03:43
Rockstar,"Lil Dumbo,Vinny Circs",118.0,04:23
Grandparents,Lil Keed,116.0,03:45
Dead Doc,"Lil Keed,Lil Gotit",117.0,03:19
4 EYES,"Lil Migo,Moneybagg Yo",110.0,03:04
Designer Talk,"Lil Tracy,Lil Keed",118.0,03:16
So  So,"Lil Wayne,Sosamann",118.0,03:36
Butterfly,Lloyd Cole,100.0,03:02
Go To Sleep,Locke Monroe,116.0,03:56
LOVER LONER,Lomez Brown,110.0,03:42
Secret Lover,Lomez Brown,110.0,03:42
Sweetest Girl Remix,Lomez Brown,110.0,03:42
Back Together,Loote,110.0,03:03
Bloody Ski Mask,Lord Infamous,116.0,04:44
Sober,Lorde,108.0,03:17
Just Had To Let You Know,Lorenzo's Music,117.0,03:06
Salt,Lori McKenna,108.0,04:25
Dont Worry Baby,Lorrie Morgan,115.0,03:24
RESURRECT,Lost Tribe Aotearoa,115.0,03:15
HiyHiy,Lostboycrow,105.0,03:36
Scorpio,Lostboycrow,104.0,03:50
73 The Nearness Of You,Loud Harp,105.0,05:42
So Alive,Love and Rockets,119.0,04:17
Are You Alright?,Lucinda Williams,119.0,05:18
Phantom,Lukas Rieger,108.0,03:02
These Arms,Luke James,115.0,04:54
Going Out Of My Head,Luther Vandross,110.0,03:50
It's Over Now,Luther Vandross,114.0,06:10
I Get Up,"MD NO ONE,Amy Cole Diang",103.0,04:43
How Much,MKTO,101.0,03:26
Tessellating,"MUTO,Oliver Dibley",109.0,03:48
La La La La,Mac Miller,104.0,04:47
Soulmate,Mac Miller,111.0,04:32
I Bring The Soul  He Brings The Funk,Maceo And The Macks,102.0,03:18
Say It to My Face,Madison Beer,114.0,03:09
Whats on Your Mind?,Madrugada,111.0,04:02
Legend,"Maino,Dios Moreno",115.0,03:30
Closure,Makio,114.0,03:14
Rather Be,Malte Ebert,105.0,03:13
Got to Have Your Love,Mantronix,106.0,06:23
Presence,"Manu Crooks,Anfa Rose",117.0,04:05
SWNGN,MarcLo,108.0,03:58
Since You Put Me Down,Margo Price,110.0,04:53
Not OK,Maria Mena,100.0,03:29
I Still Believe,Mariah Carey,118.0,03:56
Make It Happen,Mariah Carey,108.0,05:07
Wild,Marian Hill,108.0,03:43
No One Can Take You Away From Me Now,Marillion,106.0,04:03
Check,Mark Battles,112.0,03:06
U Deserve It Girl,Martin Kember,115.0,03:49
Far Cry,Marvin Gaye,108.0,04:32
Its OK To Be Sad,Mary Chapin Carpenter,118.0,05:04
Walking,Mary Mary,100.0,03:20
Silly Crush,Masaki Matsubara,102.0,04:11
John 3:16,"Mathematics,Method Man",104.0,03:16
Unplanned From Unplanned,Matthew West,116.0,03:36
Yeah Yeah Yeah,"Maurice Moore,Tay Jasper",112.0,03:45
Money,Mavado,108.0,03:24
If You Wanna,Maximillian,107.0,03:08
Otherside,McClenney,102.0,03:21
Eyes Wide,Meadowlark,114.0,03:44
Good At Being Lonely,Medium Build,110.0,03:17
Lil snupe,Meek Mill,106.0,03:27
Loves Comin At Ya,Melba Moore,114.0,05:43
Grill,MellowHype,117.0,03:46
I Will Never Lose My Way,Men At Work,107.0,03:42
Undressed,Merges,112.0,03:54
Bring the Pain,Method Man,102.0,03:09
Every Time She Whispers,Michael Franks,111.0,07:23
Fly Away,Michael Jackson,111.0,03:27
Who Is It,Michael Jackson,103.0,06:33
Youngn Holla Back,Midifine Systems,109.0,03:25
Buriedfed,Miles Benjamin Anthony Robinson,102.0,04:50
Bang Me Box,Miley Cyrus,107.0,03:41
Golden G String Backyard Sessions,Miley Cyrus,105.0,03:55
I Cant Get You Off My Mind,Miss Li,105.0,03:55
Dont Touch Me,Miyuze,115.0,03:08
Gucci,MoneyMarr,110.0,03:12
Touch It,Monifah,115.0,04:45
Empress,Morningsiders,100.0,03:19
Wide To Receive,Morrissey,118.0,03:53
Family,Mother Mother,104.0,03:12
Suffer Head,"Mr Eazi,2Baba",107.0,03:19
Shitor,"Mr Eazi,Juls",106.0,03:50
The Miseducation of Lauryn Hill,Ms. Lauryn Hill,100.0,05:20
One Night in Bangkok Original Recording Session,Murray Head,109.0,03:56
Interstate 10,"Mustard,Future",102.0,03:17
All night,"Mwayz,Sailor Goon",101.0,03:05
Crash and Burn,My Indigo,108.0,04:37
Perfect You,Myah Jackson,115.0,03:17
Selene,NIKI,110.0,03:17
Ourself,NSG,103.0,03:10
Porsche,NSG,102.0,03:14
Tinder,NSG,100.0,03:36
Two Hearts,NZCA LINES,117.0,03:19
What Do You Mean,Nafe Smallz,117.0,04:28
Wash It Away,Nahko And Medicine For The People,105.0,09:26
Im a Villain,Nas,100.0,04:30
Juice Back Remix,"Nasty C,Davido,Cassper Nyovest",111.0,05:26
God Morning,Natalie Lauren,115.0,03:23
Thank You,Nathaniel Rateliff & The Night Sweats,110.0,04:07
What I Need,Nathaniel Rateliff & The Night Sweats,110.0,04:07
Strike a Nerve,Naughty By Nature,102.0,06:22
Scanners,"Neako,Wiz Khalifa",116.0,04:33
Song Sung Blue,Neil Diamond,110.0,03:05
Rick James,"Nelly,T.I.",115.0,03:46
Cool It Now,New Edition,117.0,05:47
Hear Me Out,New Edition,118.0,05:12
Big,New Fast Automatic Daffodils,114.0,06:09
Playing With Fire,Nick Leng,100.0,04:37
Zazz,"Nicole Kidman,Jo Ellen Pellman",119.0,03:08
Electric Blue,"Nicole Scherzinger,T.I.",100.0,03:41
Vampires,Night Club,108.0,03:33
Strands Align,Night Moves,115.0,03:07
The Blues,"Niklas Ibach,Dan Reeder",113.0,03:43
Sanctified,Nine Inch Nails,107.0,05:48
All Stars,"Nines,Clavish,Frosty,Q2T,Chappo CSB",118.0,04:10
Joe Knows How To Live,Nitty Gritty Dirt Band,114.0,03:54
By Tonight,NoCap,115.0,03:19
Got You,Noah Reid,105.0,03:01
My Lover,Not3s,106.0,03:12
Drawing Pins,Nothing But Thieves,113.0,03:37
Before November Love Me,November,106.0,03:17
Help,ONI INC.,105.0,03:24
Pretend,"Oak Hollow Sessions,Lukr",111.0,03:27
Rush Hour,"Oh Boy,Mallrat",110.0,03:32
Day  Night,Ok Goodnight,102.0,06:07
We Will Meet Again,Oleta Adams,108.0,04:45
I Don't Wanna Say Goodnight,Olivia Newton-John,112.0,03:59
Feel Alright,Ookay,108.0,03:09
Shame,Orchestral Manoeuvres In The Dark,114.0,04:16
Clueless,Orla Gartland,110.0,03:34
Strange Entity,Oscar and the Wolf,115.0,04:36
Kiss Me Babe Its Christmas Time,Owl City,106.0,03:49
Weakness,Oxlade,102.0,03:34
Holy for Tonight,Ozzy Osbourne,112.0,04:52
Bizzy Body,P-Square,100.0,04:49
Ballin,PARTYNEXTDOOR,106.0,03:12
WANTING YOU,PLAZA,112.0,03:59
Trust,PRETTYMUCH,112.0,03:03
Honey in the Summer,PUBLIC,114.0,03:20
Same Soul Marian Hill Remix,"PVRIS,Marian Hill,Jaymes Young",101.0,03:43
The Passing Light of Day,Pain of Salvation,101.0,06:33
It Really Happened,Paris Jones,111.0,03:22
Hold Me Back,Parker McCollum,107.0,03:03
Funkin for Jamaica 2,Party Tyme,110.0,03:48
Fantasy Bad Boy Remix,Party Tyme Karaoke,102.0,04:50
Love In The Ice Age,Pat Benatar,107.0,04:06
Lonesome Town,Paul McCartney,108.0,03:30
Blue Hawaiian,Pavement,111.0,03:33
Everything About You,Peach Pit,102.0,03:18
Ill Be Home For Christmas,Pentatonix,113.0,03:27
Champion Lover,"Peruzzi,Burna Boy",105.0,03:28
Love to Be Loved,Peter Gabriel,113.0,05:17
The Family and the Fishing Net,Peter Gabriel,110.0,07:07
Do You Wanna Make Love,Peter McCann,110.0,03:31
Again,Phil Collins,116.0,03:26
Going Back,Phil Collins,100.0,04:36
Better,Phil Good,100.0,03:09
I Know,Philip Bailey,106.0,03:57
Villain,"Photay,golda may",116.0,03:52
Winona Ryder,Picture This,118.0,03:30
Hollow,Pierce Brothers,104.0,03:45
Run Like Hell,Pink Floyd,117.0,04:23
A Man From Argentina,"Pitch Black,International Observer,Horace",100.0,05:05
The Happening,Pixies,110.0,04:19
Blow Poppin,PopLord,119.0,03:16
Anesthetize radio edit,Porcupine Tree,110.0,17:52
7 Seconds,Porridge Radio,117.0,04:12
Loaded,"Preme,YG",110.0,04:21
Sense Of Purpose,Pretenders,119.0,03:02
Gently,Pretoria,115.0,03:32
Yiken Certified,Priceless Da Roc,102.0,03:18
Anotherloverholenyohead,Prince,104.0,04:00
Black Sweat,Prince,109.0,03:11
Boys Girls,Prince,117.0,05:29
Hot Wit U,"Prince,Eve",100.0,04:23
Can I Play With U?,"Prince,Miles Davis",112.0,06:39
Just Drifting,Psychic TV,112.0,03:40
Pull Up,Puffy L'z,110.0,03:36
Theorem,Puscifer,105.0,05:11
Come To Me,Quarterflash,116.0,03:20
Love Signals,R. Kelly,100.0,05:28
I Shouldve Guessed,"RAC,Speak",110.0,04:07
Love Me Again,RAYE,110.0,03:18
The Butcher,Radiohead,119.0,04:35
Take It or Leave It,Rae Sremmurd,118.0,03:31
So Confused,Raghav,106.0,03:12
Counting Cards,Rainbow Kitten Surprise,110.0,03:49
Overdose,"Raleigh Ritchie,The Internet",106.0,03:43
Calm Down Ralo,Ralo,106.0,03:51
She Belongs To Me,Ramones,106.0,03:55
Aint Waitin on You,Randall King,113.0,03:37
Look Heart No Hands,Randy Travis,100.0,03:11
"Look Heart, No Hands",Randy Travis,100.0,03:11
Open The Eyes Of My Heart,Randy Travis,117.0,03:55
Exhale,Rarity,110.0,04:15
Dreamgirl,"Ravyn Lenae,Ty Dolla $ign",112.0,03:39
Dare To Believe,Ray Boltz,100.0,04:57
Invisible,Reba McEntire,107.0,04:02
cry,Reba McEntire,110.0,03:25
Hard To Concentrate,Red Hot Chili Peppers,106.0,04:01
Red Velvet - Blue Lemonade English Translation,Red Velvet,106.0,03:45
Red Velvet - RBB Really Bad Boy Romanized,Red Velvet,106.0,03:45
Red Velvet - SAPPY English Translation,Red Velvet,106.0,03:45
Red Velvet - Time To Love English Translation,Red Velvet,106.0,03:45
Red Velvet - You Better Know English Translation,Red Velvet,106.0,03:45
The Calculation,Regina Spektor,102.0,03:11
Quiet On Set,Remi Wolf,100.0,03:15
Remy Ma  Papoose Freestyle on Flex | Freestyle 027,Remy Ma,100.0,03:39
Holy,"Rhye,Frank Wiedemann",110.0,05:34
Keep Your Distance,Richard Thompson,113.0,04:11
Give up,Richie Campbell,116.0,03:20
Kiss It Better KAYTRANADA Edition,Rihanna,108.0,05:25
Sex with Me,Rihanna,112.0,03:26
OHMAMA,"Ril3y,Ladesa",116.0,04:24
The Jealous Kind,Rita Coolidge,102.0,04:19
Chill Bill REMIX,"Rob $tone,DRAM,Denzel Curry,Cousin Stizz",108.0,04:02
Put It Down,"Rob Bruce,Problem Child Luchi,Eastside Mass",103.0,03:48
Louise,Robbie Williams,100.0,04:46
You Are My Heaven,"Roberta Flack,Donny Hathaway",102.0,04:14
Forever Young,Rod Stewart,102.0,04:08
Here To Eternity,Rod Stewart,108.0,06:01
Lost in You,Rod Stewart,119.0,05:02
Banana Clip,Roddy Ricch,117.0,03:16
Breathe on Me,Ronnie Wood,109.0,06:32
Best Love,Rose Royce,119.0,03:53
Catching Fire,Ross Harris,115.0,03:29
Free Time World Tour Setlist,Ruel,100.0,03:38
Like You Mean It,Ruelle,109.0,03:47
Blue Love,"Rufus & Chaka Khan,Chaka Khan",119.0,03:18
Presto,Rush,112.0,05:45
Tarantino,Russian Red,102.0,04:07
The Girls from Texas,Ry Cooder,109.0,04:44
Son Shine,SAULT,109.0,03:16
Dont,SIX60,110.0,03:21
Six Horsemen The Brixtons,SIX60,110.0,03:21
Wonderland,SaddiqyTheNyeGuy,107.0,04:24
Pet Sematary,Sadistik,117.0,03:16
Kick Down,Salmonella Dub,105.0,06:47
Long Time Going,Salmonella Dub,105.0,06:47
No One Does It Better,Salt-N-Pepa,103.0,03:54
DJ,Sam Dew,100.0,03:16
BulletProof Tangle Eye Mix,Samantha Fish,110.0,05:19
Under,Sampha,115.0,04:41
Around My Heart,Sandra,117.0,03:18
Sideways,"Santana,Citizen Cope",112.0,04:40
Upon The Thing,"Sarkodie,Ruger",102.0,03:03
Tatted On My Face,"Sauce Twinz,5th Ward JP,Kevin Gates",115.0,06:12
Oh My Sauce,"Sauce Twinz,Sosamann",114.0,05:23
Sauce Overload,Sauce Walka,119.0,03:13
There she go,"Saudi,A-Reece",110.0,05:01
Angels Above Me,Say Lou Lou,110.0,04:23
When I Come Home,SayWeCanFly,117.0,04:02
Hit Em Up Style Oops,"Scott Bradlee's Postmodern Jukebox,Olivia Kuper Harris",107.0,03:26
There May Be Tears,Scott Cunningham Band,109.0,04:29
Broke,Scott Lavene,115.0,08:01
Spiderweb,Sean Matsukawa,110.0,03:30
Royalty,Seedhe Maut,108.0,05:00
Vulnerable,Selena Gomez,100.0,03:12
The Supremacy of Pure Artistic Feeling,Self Defense Family,103.0,04:28
Isnt It Strange,Senaka Batagoda,118.0,04:15
Take Your Clothes Off,Seven,106.0,03:39
4EVA MOBN,"Sevin,Sevin Duce,Faith Pettis",114.0,05:34
Bad Bitch Walking,"Shabazz Palaces,Stas THEE Boss",119.0,06:20
Tin Man,Shakey Graves,110.0,04:24
Dont Wait Up,Shakira,119.0,03:24
Vanya,"Shane Eagle,Santi",113.0,03:49
Umbrella,Shatta Wale,108.0,03:35
Under Pressure,"Shawn Mendes,teddy<3",114.0,03:53
Sex Cymbal,Sheila E.,114.0,04:26
Flags,"Shoffy,Yuna",115.0,03:28
Whos Loving My Baby,Shola Ama,110.0,04:39
Flex,"Shoreline Mafia,Q Da Fool,Fenix Flexin,OHGEESY,YG",101.0,03:22
Top Off,"Shoreline Mafia,Warhol.SS",105.0,03:44
Saved My Life,Sia,114.0,03:55
Games,Silver Warehouse,112.0,03:37
Attack on the Stars,Sir Mix-A-Lot,111.0,04:25
Swap Meet Louie,Sir Mix-A-Lot,104.0,04:30
Astronaut,Sir Sly,112.0,03:44
Childrens Story,Slick Rick,103.0,04:02
Mistakes of a Woman in Love With Other Men,Slick Rick,105.0,04:08
Breakdown,Smiley,112.0,03:12
Remedy,"Smrtdeath,Horse Head",107.0,04:11
Back Up,Snoop Dogg,106.0,04:21
Contraband,SoMo,115.0,03:48
Rising,Sofa Surfers,105.0,04:03
Almeda,Solange,110.0,03:56
One Long Dream,SonReal,100.0,03:16
Being in Love,Songs: Ohia,112.0,05:41
Thats When Ya Lost,"Souls Of Mischief,Pep Love",100.0,03:34
LEAP,"Souly Had,Lonr.",104.0,03:25
Eddies Ragga,Spoon,114.0,03:41
Out Go the Lights,Spoon,111.0,04:36
Someone Youd Rather Be Dating,Sports,112.0,03:51
OMG,Squidnice,115.0,05:16
Digital Witness,St. Vincent,105.0,03:22
Now Were Starting Over Again,Stacy Lattisaw,116.0,03:36
Night Guard,Stan Rogers,117.0,03:16
Changed,Stanaj,117.0,03:27
Good Old Days,Stathis Psaltis,105.0,03:17
Change Of The Guard,Steely Dan,119.0,03:39
The Medicine Song,Stephanie Mills,113.0,04:55
With You,"Sterkøl,Weazley,Coline",103.0,03:45
Perfect World,Steve Miller Band,113.0,05:30
All Yours,"Stevie Stone,Tech N9ne,Adrian Truth",104.0,03:28
My Eyes Don't Cry,Stevie Wonder,115.0,07:05
My Eyes Dont Cry,Stevie Wonder,115.0,07:05
Children's Crusade,Sting,116.0,05:01
Straw Foot,Strawpeople,105.0,04:09
We Just Wanna Party With You,Studio Group,100.0,04:06
Locomotive,Styx,108.0,05:03
Coming Up,Sudan Archives,110.0,03:41
Jingle Barack,Summer Thieves,115.0,03:39
Salad,Summer Thieves,115.0,03:39
Sausalito Summernight,Summer Thieves,115.0,03:39
Be More Chill - Part 2,Summer Time Chillout Music Ensemble & Chillout Ibiza Cooler,112.0,03:45
Do You Miss It,Summerella,112.0,04:00
Pancho Villa,Sun Kil Moon,111.0,05:12
Rose,Sun Rai,110.0,03:57
Why Does It Always Rain On Me,Sunfly Karaoke,108.0,04:44
Take Me To Eterna,"Sweater Beats,Ruuth",116.0,03:14
Its Like That Yall,Sweet Tee,101.0,04:57
So Good,Swipey,110.0,04:04
Lucky,Swiss,102.0,03:36
Bad Dreams,"Swollen Members,Madchild,Moka Only",102.0,03:31
Bring it Home,"Swollen Members,Madchild,Moka Only",101.0,03:14
Baggage Claim / What Are We,Sy Ari Da Kid,116.0,06:35
Make It Easy On Me,Sybil,100.0,04:15
Figure It Out,"SŸDE,Evan Klar",118.0,03:02
Taz Died,T'Zar - Teuira Williams,105.0,03:26
Calm the Fuck Doun,T-Pain,115.0,04:03
Do Wrong,TYuS,100.0,03:13
A Trail to Hope Full Version,Tahuna Breaks,108.0,04:27
My Proper Tea,Tahuna Breaks,108.0,04:27
Twist in My Sobriety,Tanita Tikaram,115.0,04:52
God So Loved Live,"Tasha Cobbs Leonard,We The Kingdom",100.0,07:07
Keep Me Close,Taylor Swift,111.0,03:16
Treacherous Taylors Version,Taylor Swift,110.0,04:02
Paint My Love,Tayy Brown,115.0,04:04
Say You Do,Tei Shi,101.0,03:53
.44,Tejon Street Corner Thieves,107.0,04:34
Tranquilize,Telenova,103.0,03:25
Are You With It,Tellaman,106.0,03:21
Ladies Dont Play Guitar,Tennis,100.0,03:44
Yr So Beautiful,Thaiboy Digital,116.0,03:43
Too Late,The Alan Parsons Project,115.0,04:30
Busy Doin Nothin,The Beach Boys,118.0,03:05
Deirdre,The Beach Boys,109.0,03:29
Have Fun,The Beautiful South,103.0,04:43
Vertical Expression of Horizontal Desire 2002,The Bellamy Brothers,109.0,03:16
The Blackest Day,The Black Seeds,114.0,04:56
Shelter Is Illusory,The Body,107.0,04:27
London Song,The Breeders,109.0,03:39
Devils Lighthouse,The Correspondents,118.0,05:12
One Night,The Corrs,115.0,04:38
Wrapped Up In You,The Country Gentlemen,105.0,04:27
Whats On My Mind,The Cranberries,112.0,03:12
All Cats Are Grey,The Cure,110.0,05:27
Dear Avery,The Decemberists,106.0,04:51
I Will Not Say Your Name,The Decemberists,110.0,06:43
Another Park Another Sunday,The Doobie Brothers,113.0,04:27
Give Myself To You,The Dreggs,109.0,03:39
Here I Am,The Filthy Souls,100.0,03:12
I Still Have A Praise Inside Of Me,The Georgia Mass Choir,110.0,06:26
Fascination,The Human League,119.0,04:56
Swang,The Human League,108.0,04:36
Somthings Missing,The Internet,100.0,06:19
You Dont Even Know,"The Internet,Tay Walker",118.0,04:57
Eternal,The Isley Brothers,116.0,08:30
STONED OUT OF MY MIND,The Jam,111.0,03:15
Critical,"The Jokerr,Masetti,Dubbs",105.0,03:57
Got 2 Let U,The Knife,106.0,03:59
Sunlight Darius Remix,"The Magician,Olly Alexander (Years & Years),Darius",109.0,04:04
Desert Skies,The Marshall Tucker Band,110.0,06:23
Me  Magdalena,The Monkees,115.0,03:33
Stench of the Unburied,The Mountain Goats,108.0,04:29
Vanity Fair,The Neal Morse Band,103.0,03:59
You and Me,The O'Jays,116.0,05:39
Fix You,The Offspring,107.0,04:18
Little Fluffy Clouds,The Orb,105.0,04:27
O.R.B. Childhoods End,The Orb,105.0,04:27
A Teenager in Love,The Pains Of Being Pure At Heart,102.0,03:19
Beautiful Day,The Perrys,115.0,03:20
The Killing Fields,"The Psycho Realm,Sick Jacken,Big Duke,Cynic,Crow Soto",107.0,05:45
Cant Be Guilty,The Radio Dept.,117.0,04:35
The Ugly And The Beautiful,The Real Tuesday Weld,106.0,03:06
Kaw-Liga,The Residents,119.0,09:31
Same Old Brand New You,The Retro Spectres,108.0,04:13
High And Dry,The Rolling Stones,114.0,03:08
Roannas song,The Skints,112.0,09:52
A Night Like This,The Smashing Pumpkins,104.0,03:37
I Don't Owe You Anything,The Smiths,113.0,04:04
The Storm,The Sounds Of Garth Brooks,111.0,03:51
Lifes a Gas,The Strokes,106.0,03:03
True Happiness This Way Lies,The The,101.0,03:10
Purple Eyes,"The Toxic Avenger,Sophie-Tith",110.0,04:45
Aint Shit Midnight Augusto,The Underachievers,112.0,03:27
Its Going to Happen,The Undertones,111.0,03:39
Wicked Games,The Weeknd,114.0,05:23
Help Is On the Way,The Whatnauts,104.0,07:13
Palomino Gold,The Wilder Blue,108.0,04:33
Waterfalls,The Wldlfe,106.0,04:29
Broken But Im Healed,The Worship Crew,100.0,06:40
Little Girl in Bloom,Thin Lizzy,111.0,05:17
Country Home,Thomas Cohen,110.0,04:19
Fake FWM,Thouxanbanfauni,100.0,03:06
General Hospi-Tale,"Three Houses Down,JP,General Fiyah",107.0,03:38
Honeychain,Throwing Muses,113.0,04:23
Redemption Nice  Slow,"Thugga Massina,Guala",106.0,04:01
Too Far Gone,Tiamat,104.0,04:49
Ghost,Tilian,100.0,03:21
Curtains?,Timber Timbre,114.0,03:43
Lovebug,Timmy Albert,105.0,03:19
Different,Tink,110.0,04:05
4 Life,"Tion Wayne,Afro B",101.0,03:14
All Ways Remix,"Tizzy x Brandz,Tizzy,Brandz,Ard Adz,M Dargg,Sho Shallow",101.0,03:39
Nobody,"Todrick Hall,Jade Novah,Cynthia Erivo",100.0,03:52
Only In America,Tom Jones,118.0,04:16
That's How I Got To Memphis,Tom T. Hall,110.0,03:02
Thats How I Got To Memphis,Tom T. Hall,110.0,03:02
Sweet Cherry Wine,Tommy James & The Shondells,106.0,04:30
Movie Screen,Tommy Newport,112.0,03:03
Hello Goodbye,"Tone Damli,Erik Segerstedt",105.0,03:05
Ive Got To Go Now,Toni Childs,102.0,06:27
Many Rivers to Cross,Toni Childs,102.0,06:27
The Greatest,Tonight Alive,112.0,03:51
Boys and Girls,Tony! Toni! Toné!,104.0,04:38
Buffalo,Toro y Moi,100.0,03:17
Rose Quartz,Toro y Moi,110.0,04:13
10 FUCKS,Tory Lanez,105.0,03:46
392,Tory Lanez,105.0,03:46
Do It for Me,Tory Lanez,107.0,03:57
Dont I Know Ya,Tory Lanez,105.0,03:46
Keishas Intro Skit,Tory Lanez,107.0,03:57
Loud Pack,Tory Lanez,107.0,03:57
Tic Toc,Tory Lanez,105.0,03:46
Turn It Back,Tory Lanez,105.0,03:46
We Made It,Tory Lanez,107.0,03:57
On a Level,Tove Styrke,100.0,03:31
The Velvet Voices,Townes Van Zandt,115.0,03:15
Weightlifting,Trashcan Sinatras,101.0,04:39
MAFIA,Travis Scott,110.0,04:00
All Night,Trevor Something,104.0,05:11
Love You Again,Trevor Something,114.0,04:06
I Follow Rivers,Triggerfinger,110.0,03:33
Unrung,Turnpike Troubadours,117.0,03:07
So Many People,Two Door Cinema Club,107.0,04:41
None of These,"Two-9,FatKidsBrotha,KEY!,Jace",105.0,03:57
Sitting Pretty,"Ty Dolla $ign,Wiz Khalifa",112.0,03:26
Everything Will be Alright,Tye Tribbett,110.0,03:34
I think Im Swipa,Tyga,105.0,03:14
Nigga Wit Money,Tyga,102.0,03:28
Werkkkk,Tyga,105.0,03:20
Goddamn,"Tyga,A Boogie Wit da Hoodie",105.0,03:31
Country Boy,Tyra B,103.0,03:48
Gonna Give You What You Need,Tyrese,113.0,04:54
How You Gonna,Tyrese,113.0,04:54
New Age Thriller,U.S. Girls,112.0,04:58
U Dont Have To Call,USHER,100.0,04:29
I Love You So Much,Umar Keyn,111.0,03:54
Sallys Song,Universal Hall Pass,113.0,05:37
So Good at Being in Trouble,Unknown Mortal Orchestra,104.0,03:50
Petrichor,Until The Ribbon Breaks,110.0,03:38
Moving on All the Good Things,Up Dharma Down,110.0,03:33
Theme Song,"Urban Etiquette,Matt Burton",109.0,04:21
Free Me,Uriah Heep,116.0,03:30
The Speed Of Sound,Uriah Heep,116.0,03:30
Cantaloop Flip Fantasia Nellee Hooper Remix,Us3,115.0,04:39
Hold On You,Valley Queen,112.0,04:57
One Blakes Got a New Face,Vampire Weekend,110.0,03:13
Honeywheat,VanJess,104.0,03:12
Dont Wanna Be Your Lover,Vanessa White,100.0,03:12
Play That Funky Music,Vanilla Ice,100.0,04:45
Scars,Vanilla Ice,116.0,03:51
Escape Wagon,"Versatile,Coolio",101.0,03:12
Used To Hungry,Vershon,117.0,03:30
Obsession,"Vice,Jon Bellion",102.0,03:41
Landsailor,"Vienna Teng,Glen Phillips",118.0,03:45
Oklahoma Swing,"Vince Gill,Reba McEntire",112.0,03:08
I've Been Here Before,Vonda Shepard,108.0,03:33
Wake Up The House,Vonda Shepard,114.0,04:16
Freaks Remix,Vox Freaks,111.0,03:22
OGLudes...,WDNG Crshrs,105.0,04:58
Further,WESTSIDE BOOGIE,103.0,03:54
U,WSTRN,116.0,03:25
SOS,"WWE,Collie Buddz",100.0,03:31
Good Things,Wafia,116.0,03:01
Guess Again,Waka Flocka Flame,114.0,03:17
Look At Me Now,Wang Chung,115.0,04:37
Swing,Wang Chung,119.0,04:27
Wait,Wang Chung,104.0,04:22
Jewels,Warhola,100.0,03:30
Chunky,Wax,100.0,03:36
Carry On,We Are KING,102.0,03:53
Nightlight,We Three,115.0,03:18
Whered The Cheese Go?,Ween,116.0,05:45
Theres a Reason,Wet,105.0,03:18
Turn Away,Wet,102.0,03:26
Guess,Wet Baes,104.0,04:08
Dont Wanna Know Why,Whiskeytown,119.0,03:59
Slow An' Easy,Whitesnake,106.0,06:09
Strange Overtones,Whitney,110.0,03:26
I Dont Belong In This Club Acoustic,"Why Don't We,Macklemore",115.0,03:42
Babkak Omar Aladdin Kassim,Wide Open Mouth Karaoke,100.0,03:48
Bed of Nails,Wild Beasts,118.0,04:18
Get My Bang,Wild Beasts,106.0,03:32
Lets Get Married,William Singe,103.0,03:08
Little Hooker,Willie D,102.0,04:27
Dedicated To The One I Love,"Wilson Phillips,Owen Elliot-Kugell",102.0,03:07
Plane 4 U,Wiz Khalifa,118.0,03:52
All of a Sudden,"Wiz Khalifa,THEMXXNLIGHT",110.0,03:38
Up Reprise,Worthikids,101.0,03:15
Method Man,"Wu-Tang Clan,Method Man,Raekwon,GZA,RZA,Ghostface Killah",102.0,05:50
Protect Ya Neck bloody version,"Wu-Tang Clan,RZA,Method Man,Inspectah Deck,Raekwon,U-God,Ol' Dirty Bastard,Ghostface Killah,GZA",102.0,05:04
Mid Life Crisis,"Wyclef Jean,Maino",102.0,04:28
ATARAX,XOV,115.0,03:25
All of a Sudden Its Too Late,XTC,111.0,05:21
If This Is Love,Xavier Omär,104.0,03:40
Falkland Rd.,Xiu Xiu,110.0,03:06
The Arms Of The One Who Loves You,Xscape,115.0,04:20
Misunderstood,"Xuitcasecity,Gomey",118.0,03:47
Scenery,YAØ,101.0,03:42
I Know,"YFN Lucci,Rich Homie Quan",105.0,04:44
Yo Pussy,"YG,Raw Smoove,D-Lo,Jonn Hart",100.0,03:25
Easy,Yatta Bandz,104.0,03:25
Legendary,Yo Gotti,117.0,03:23
We Get Lit,Young Futura,112.0,03:28
Night After Night,"Young Pappy,BuDouble",114.0,03:32
Fever Dream,Young Summer,112.0,04:12
As I Walk Away,Yuck,118.0,04:17
Lockdown,"Yung Bambi,Zotiyac,Hounds",112.0,03:05
Diamonds Dancing,Yung Bizzle,118.0,04:09
Dead Beat,Yung Simmie,111.0,04:12
Cuffing Season,Yungen,110.0,03:38
Sweet Jamaica,Yusuf / Cat Stevens,102.0,03:31
Angel Of War,Yusuf Islam,100.0,04:28
Don't Tease Me,ZZ Top,119.0,04:21
It's Only Love,ZZ Top,110.0,04:23
Leila,ZZ Top,111.0,03:15
Somebody Great,Zerimar,110.0,03:35
Dont Call It Love,Zero 7,118.0,06:25
Turn Me On,Ziyaad Luceō,101.0,04:05
Need Somebody,"Zolo,Tory Lanez",111.0,03:31
Stay on These Roads,a-ha,104.0,04:44
Strawman,"billy woods,Googie,Barrie McLain",102.0,03:28
Feel You,blackbear,111.0,03:30
​up in this,blackbear,111.0,03:32
Feeling Lonely,boy pablo,118.0,03:17
The Show,clipping.,113.0,03:04
See Me,death's dynamic shroud,101.0,04:33
Monday with Ashe,"filous,Ashe",114.0,03:15
Brighter light,iluvtora,100.0,03:41
Confused,kenzie,108.0,03:20
Swish,mike.,115.0,04:38
Toothwheels,múm,100.0,04:47
My Fair Lady,of Montreal,112.0,04:25
Purple Flowers,owlh,111.0,03:26
Venus Out In The Roses,selki girl,106.0,06:27
Can I Hold Your Hand?,the jet age of tomorrow,116.0,03:21
New Drugs,untradition,116.0,04:36
Voices,wewantwraiths,100.0,03:23
The Beginning of the End,✝✝✝ (Crosses),100.0,04:34
Fat,"\Weird Al\"" Yankovic""",117.0,03:36
Theme From Rocky Xiii,"\Weird Al\"" Yankovic""",113.0,03:36
1000 Words,0171,102.0,03:59
Change Your Mind,03 Greedo,100.0,03:25
Keep Up,"070,070 Shake,070 Malick",112.0,03:30
T.K.O.,"100 gecs,Charli xcx,Rico Nasty,Kero Kero Bonito",107.0,03:34
The Things We Do for Love,10cc,107.0,03:27
Peaches  Cream Remix,112,102.0,03:13
Peaches Cream,112,102.0,03:13
Low Estate,16 Horsepower,104.0,04:28
Icy,"1double0 Music,IcyBrown,Breeze",101.0,03:22
Put Her in the Buck,2 LIVE CREW,103.0,03:57
Rage,2gaudy,117.0,03:25
Bhristmas,"3 The Hard Way,Bobbylon",102.0,05:33
Midnight,5 Seconds of Summer,102.0,03:57
Wolverine,7 Minutoz,110.0,03:36
Waldorf Worldwide,8-Bit Arcade,100.0,03:24
Tequila,"88rising,Jackson Wang,Higher Brothers,AUGUST 08,GoldLink",100.0,04:03
Celentano,A Toys Orchestra,110.0,04:00
4:02,A$AP Ferg,107.0,03:35
Phantom Limbo,A. Savage,111.0,03:53
Mufasa,AKA,100.0,03:44
Fuck The Church,"ALEX,Ra",115.0,04:19
Better Than You,AM Kidd,113.0,04:21
Love Is,Aaron Frazer,103.0,04:03
Gods Reign,"Ab-Soul,SZA",112.0,04:18
Star Man,"Abra Cadabra,Gabzy",106.0,03:05
Sun Dried,Abstract,100.0,03:34
Cant Keep Running,Ace Hood,100.0,03:13
Drugs,Adam Jensen,105.0,03:26
Two fingerz,"Adrian Marcel,Sage The Gemini",102.0,03:57
By A Mile,Aer,100.0,04:18
Keep You Here,Aer,100.0,03:25
You Make It Easy,"Air,Beth Hirsch",110.0,04:01
I Wanna Love Again,"Akon,Snoop Dogg",100.0,04:07
I Wanna Love You Remix,"Akon,Snoop Dogg,Tego Calderón",100.0,04:36
Rescue Me,Al B. Sure!,101.0,03:57
Boogie Down,Al Jarreau,113.0,04:12
Sweating,Alewya,102.0,03:24
Untitled 3,Alex Wiley,116.0,03:06
Jerseys  Loafers,Alex Wilke,118.0,03:13
Over Now,Alice In Chains,111.0,07:12
Why So Serious,Alice Merton,108.0,03:47
All Night Passion,Alisha,117.0,06:49
P.G.O,Almighty Suspect,100.0,03:29
Inside Out,Alphaville,100.0,05:17
Youre the Only Woman,Ambrosia,105.0,04:22
Don't Go Knocking On My Door,Ameritz Tribute Standards,111.0,03:14
Bad Habits,"Amir Miles,Nxfce",100.0,04:27
Lost Control,Anathema,118.0,05:49
Harley Quinn,Anna Murphy,100.0,03:34
Keep Your Mind Wide Open,AnnaSophia Robb,111.0,03:36
Stole,Anne-Marie,106.0,03:53
Float,Anthony Hamilton,113.0,05:41
Turn Back Time,Aqua,104.0,04:08
We Exist,Arcade Fire,116.0,05:44
Grampa,Ari Lennox,105.0,03:52
Getting To Know Each Other,Ariel Rivera,100.0,03:17
Is It Light Where You Are,Art School Girlfriend,115.0,04:57
You Are,Ash B,110.0,04:08
Love Train,Asiahn,110.0,04:48
Imaginary Lover,Atlanta Rhythm Section,110.0,05:04
Set-Up,Au Pairs,103.0,03:20
Hold It Against Me,Austin Mahone,110.0,03:52
If Only That Day Was Today,Avalanche City,100.0,03:12
Free,"Avicii,Mikah Freeman,Vance Musgrove",107.0,03:39
Judas,BANKS,108.0,03:56
The Hunter,"BASECAMP,Yeo",101.0,04:22
Havana,BFF Girls,105.0,03:05
Jack In Titanic,BODEGA,108.0,03:04
Calcium,BONES,116.0,03:11
TellMeSomethingIDontKnow,"BONES,Andy Hull",112.0,03:08
The Mexican,Babe Ruth,113.0,03:25
Baecation,Baby Tate,107.0,03:02
I Wish I Never Met You,Babygirl,110.0,03:31
You Were in My Dream Last Night,Babygirl,117.0,04:01
Give In To Me,Backing Track Central,116.0,03:44
Just Want You To Know,Backstreet Boys,106.0,03:51
Shes Bad,"Bad Rabbits,Soul Clap,Gadi Mizrahi",117.0,06:58
DG,Badda TD,110.0,03:32
Second Violin,Bagatelle,117.0,04:10
Afterburners,Bain,114.0,03:53
Imagine,Bakersteez,114.0,04:04
Do They Know Its Christmas?,Band Aid 30,112.0,03:48
With Her,Banoffee,111.0,04:21
Cabin Fever,Barbra Streisand,112.0,03:14
Canada Dry,Barenaked Ladies,119.0,03:09
On The Road Again,Barrabas,119.0,05:49
Wild Safari,Barrabas,110.0,04:59
Lady Sweet Lady,Barry White,111.0,05:40
Dont Front,Bas,110.0,03:15
Dropkick,"Beach Chapel,Samuel Sterk",112.0,03:14
Raw  Uncut,"Beanie Sigel,JAY-Z",102.0,03:36
Imposter,"Bearson,Mark Johns",100.0,03:36
Jive Talkin',Bee Gees,106.0,03:42
SOS,Belly Squad,104.0,03:35
Me And I Hand In Hand,Benjamin Amaru,105.0,04:54
Good Intentions,Benjamin Ingrosso,100.0,03:27
RICO,"Berner,Bone Thugs-N-Harmony",113.0,05:21
Gone,"Berner,The Jacka",111.0,03:09
Love Is A Lie,Beth Hart,114.0,03:15
Feast of Your Faithfulness,Bethany Barnard,112.0,04:53
Medicine,Biffy Clyro,113.0,03:53
I Want To Spend The Night,Bill Withers,105.0,03:41
Birds of a Feather,Billie Eilish,105.0,03:30
The Price I Pay,Billy Bragg,109.0,03:34
Leave a Tender Moment Alone,Billy Joel,110.0,03:56
CREEPIN,"Bino Rideaux,BlueBucksClan,Mustard",100.0,03:12
Time,"Black Coffee,Cassie",119.0,04:52
CONSTANT pt.1 pt.2,"Black Eyed Peas,Slick Rick",115.0,05:03
Confines,Black Pumas,113.0,03:09
Angry Heart,Black Sabbath,102.0,03:06
Complete Failure,Blood Orange,119.0,03:35
Perfect Too,Blossom Caldarone,118.0,03:09
King of the World,Blue,118.0,03:25
Chameleon Boy,Blue October,105.0,05:48
Pete Standing Alone,Boards of Canada,110.0,06:07
Dignity,Bob Dylan,116.0,05:35
Talk,Bob Moses,113.0,06:49
My Angel Never Leave You,Bobby V.,111.0,04:45
Addicted,Body Language,118.0,04:49
She Got Crazy,Bone Thugs-N-Harmony,102.0,03:25
Stereo,BoomBox,111.0,05:46
I Will Get There,Boyz II Men,110.0,04:23
Lowdown,Boz Scaggs,117.0,05:17
Brand Nubian,Brand Nubian,110.0,04:38
Death of Me,Brandon Jenner,115.0,03:34
Piano in the Dark,Brenda Russell,100.0,05:20
Mother Whale Eyeless,Brian Eno,118.0,05:45
Let Me Love You,Brian McKnight,119.0,03:46
Circles,Brooke Fraser,108.0,03:52
Respect Yourself,Bruce Willis,119.0,03:53
Winter Wonderland,Bryan White,117.0,03:28
So Hood,Bullys Wit Fullys: Guce & Messy Marv Featuring Clyde Carson of the Team,102.0,03:49
Open Book,CAKE,103.0,03:44
Pat Earrings,CASISDEAD,102.0,03:55
Lay Back,"CLAVVS,bad tuner",114.0,03:12
One Meatball,Calvin Russell,112.0,04:22
Scale of Anubis,"Cambatta,NATURAL ONYX",104.0,03:43
Petty,Cameron J,100.0,04:07
Havana Demo,"Camila Cabello,Young Thug",105.0,03:37
Home Away from Home,Canopy Climbers,110.0,04:01
Kangaroo Court,Capital Cities,100.0,03:43
Cosmic Hero,Car Seat Headrest,117.0,08:31
Deadlines Hostile,Car Seat Headrest,115.0,04:21
High to Death 2011,Car Seat Headrest,115.0,05:04
Glory Days,Carl Carlton,114.0,05:47
Carlito Getz ft Italiano - Pull Up,"Carlito Getz,Italiano",103.0,03:48
Anyone But Me,Carly Simon,107.0,04:17
Just Like You Do,Carly Simon,110.0,04:14
We Have No Secrets,Carly Simon,115.0,03:58
You Are So Vain,Carly Simon,106.0,04:17
Black Valentine,Caro Emerald,113.0,05:03
Sweet Seasons,Carole King,116.0,03:13
Hit Me Where It Hurts,Caroline Polachek,117.0,03:04
So Cold Youre Hurting My Feelings,Caroline Polachek,112.0,03:03
So Hot Youre Hurting My Feelings A. G. Cook Remix,"Caroline Polachek,A. G. Cook",119.0,03:35
Hark The Herald Angels Sing,Carrie Underwood,102.0,03:40
Hypnosis,Casedi,103.0,03:06
Socks on Jupiter,Cash Kidd,100.0,03:50
No Hesi,"Cash Kidd,FWC Big Key",114.0,03:26
Dreams-Come-True Girl,"Cass McCombs,Karen Black",116.0,05:20
Teledrone,"Castelle,austenyo",104.0,03:13
Fuck Jesus Christ,Casual Healing,117.0,05:16
Fall In Love With A Girl,"Cavetown,beabadoobee",107.0,03:10
Ghetto Story Chapter 3,"Cham,Akon",106.0,04:22
How Long,Charlie Puth,110.0,03:20
Without You,Charlie Wilson,105.0,05:00
Talk to Me,Chasing Abbey,114.0,03:13
Kiss To Kiss,Cher,107.0,04:23
Love On A Rooftop,Cher,109.0,04:25
In Loving Memory,Chester Lockhart,108.0,03:08
Feel Good,Chet Faker,100.0,03:04
Summertime Magic,Childish Gambino,100.0,03:33
Wife You,"Childish Major,Curtis Lowe",102.0,03:27
Arizona Sky,China Crisis,107.0,05:24
Real Bitch,"Chinx,Remo the Hitmaker",100.0,03:18
Never Coming Back,Chris Batson,116.0,04:12
Covered In You,Chris Brown,117.0,03:22
Boom Boom,Chris Rea,105.0,05:20
Joys Of Christmas,Chris Rea,116.0,05:11
Smile,Chris Rea,110.0,03:31
Standing In The Doorway,Chris Rea,110.0,04:03
Cold,Chris Stapleton,117.0,05:09
Scrub The Ground,Chris Travis,115.0,03:10
Strong,Christian Paul,100.0,03:36
CPH Girls,"Christopher,Brandon Beal",108.0,03:31
Grazing,Chuuwee,104.0,03:24
Capture The Sun,"Cloud Under,Illogical Post",116.0,03:10
Slow Down,"Clyde Carson,The Team",101.0,03:40
Let Me Check It,Coco Jones,115.0,03:39
Momma Bear,Col3trane,109.0,04:00
Complainer,Cold War Kids,100.0,03:39
A Message,Coldplay,117.0,04:45
Money Dance,Compton Av,113.0,03:18
Beneath the Lights,"Cool Company,Jean Tonique",105.0,03:28
Too Hot,Coolio,103.0,03:39
Ugly Bitches,Coolio,104.0,04:07
Valleys,Cortes,115.0,03:22
Foreign Whip,Country Dons,115.0,03:04
No Explanation,Cousin Stizz,110.0,04:05
Evolve,"Croosh,Indica",116.0,03:35
Best Behavior,"Cruels,Phil Good",110.0,03:51
Watch,Curtis Williams,117.0,03:36
I Know What Love Is,Céline Dion,104.0,04:28
Reason,"D.E.V.,Corbin Wesley",113.0,03:26
Swim,"DJ Cam,Chris James",110.0,04:44
Big Belly Goddess,"DJ Discretion,JKING",104.0,03:47
Inside Looking Out,"DJ Screw,20-2-Life",118.0,06:43
Pain Rap Almighty Push,"Daddyphatsnaps,Rustage",104.0,03:46
Face to Face,Daft Punk,118.0,04:00
Wait,Damian Lynn,103.0,03:11
Negative Vibes,Damien Dempsey,116.0,04:44
Jerusalem,Dan Bern,111.0,03:44
More Than Ever,Dan Fogelberg,107.0,05:04
Phoenix,Dan Fogelberg,112.0,07:06
Shes A Drug,Dan Griffin,107.0,03:34
I Can Dream About You,Dan Hartman,113.0,04:12
MAGIC PU$$$Y,Dana Dentata,117.0,04:06
I Cant Go For That No Can Do,Daryl Hall & John Oates,111.0,05:07
Bad Apple,David Wilcox,106.0,03:41
4 More,"De La Soul,Zhane",104.0,04:18
Sumn Bout Your Love,"DeJ Loaf,Jacquees",115.0,03:38
Title and Registration,Death Cab for Cutie,116.0,03:39
Do What You Want,Declan Welsh and The Decadent West,101.0,03:51
Sheikh Abu Dhabi,Deen Squad,115.0,03:56
One By One,"Deeperise,Jabbar",115.0,04:06
How We Do,Delinquent Habits,110.0,03:15
Think About You,Delta Goodrem,109.0,03:08
Mr Chicken,Deluxe,115.0,03:13
Crime Lord,"Demarco,Notnice",113.0,04:12
Trade It All,Demetria McKinney,107.0,04:00
Every Breath You Take Re:Imagined,Denmark + Winter,108.0,03:42
Free,Depeche Mode,103.0,06:10
Bad Young Brother,Derek B,102.0,04:00
Bullet From A Gun,Derek B,101.0,05:34
Homesick,Derez De’Shon,115.0,03:03
On Me,Derin Falana,116.0,03:37
Descendents,"Descendants – Cast,Disney",107.0,03:38
Suicide Demo for Kara Walker,Destroyer,105.0,08:25
You'll Accompany Me,Detroit Rock Hitters,109.0,03:55
DEEP IN THE NIGHT,Devilish Trio,101.0,03:41
Daddy,"Devin Townsend,Ché Aimee Dorval",104.0,05:11
Temperature,Devvon Terrell,106.0,04:03
Way Too Much,"Devvon Terrell,Tray Pizzy",105.0,03:32
A Place In The Sun,"Diana Ross & The Supremes,The Temptations",105.0,03:29
I Want My Dippin Dots,"Dippin' Dots,L2M",102.0,03:20
Discoverer,Discovery Zone,105.0,04:06
Treat Her Like a Lady,"Dj Jazzy D The GrooveMaster,GrooveMaster Band",116.0,05:37
Freaky Deaky,Doja Cat,100.0,03:51
Juicy,Doja Cat,100.0,03:51
I Wish I Never Met You,Domo Wilson,100.0,03:54
A!! She Wants To Do Is Dance,Don Henley,115.0,04:29
All She Wants to Do Is Dance,Don Henley,115.0,04:29
Brite nightgown,Donald Fagen,107.0,07:16
The Ghetto,Donny Hathaway,114.0,06:53
Move Your Body,Donny Montell,108.0,03:37
Talking To Spirits,Doobie,100.0,03:36
Reggae Gone Ragga,Dr. Alban,100.0,04:04
The Ballad of Lucy Jordon,Dr. Hook,104.0,03:54
BMS  Baby Making Swag,Dr. Reknaw,112.0,04:09
The Motto,"Drake,Lil Wayne",101.0,03:01
Fountains,"Drake,Tems",100.0,03:12
Til I Fall Aleep,Drax Project,118.0,03:02
All The Ways We Are Together,Dreamer Boy,115.0,03:26
Gotta Love,Dresses,101.0,03:21
Do You Believe in Shame?,Duran Duran,110.0,04:24
Girls It Ain't Easy,Dusty Springfield,115.0,03:20
I Am Curious,Dusty Springfield,105.0,04:06
Imagine Where You Can Go Commercial Song,Dwight Rhodes,101.0,03:08
Not So Secretly,Dylan Conrique,118.0,03:25
My Town,Dylan Scott,105.0,03:11
Perfect World,Déjà Vu,108.0,04:01
19 Dolla Lapdance,"E-40,Suga Free",102.0,03:10
Stop the World,EB 4010,104.0,03:43
End,EMM,100.0,03:02
Its Your World Now,Eagles,108.0,04:22
Fire and Smoke,Earl Thomas Conley,115.0,03:13
It Doesnt Matter Now,Early James,100.0,03:27
And As For Love,Ebony & Ivory,115.0,04:53
Sweet Sound,Eddie Lovette,114.0,03:58
Open Your Arms,Editors,116.0,06:00
The Boxer,Editors,113.0,04:40
For You,"Ekoh,Drowsy",100.0,04:12
The Fix,"Elbow,Richard Hawley",113.0,04:27
Take a Minute,Elderbrook,107.0,03:29
Everyday,Elijah Blake,115.0,05:31
My Way,Ella Mai,100.0,03:11
Blessed,Elton John,102.0,05:02
Eisenhower Blues,Elvis Costello,114.0,03:46
Jack Of All Parades,Elvis Costello,101.0,05:17
Soda Glass,Emily Kinney,117.0,03:27
Over That,"Emily Vaughn,Yuppycult",107.0,03:25
Role Model Demo,Eminem,107.0,04:24
Take Me Out,Emma Blackery,101.0,03:05
Not Worth It,Emotional Oranges,108.0,03:06
Catch 22,Erasure,112.0,03:36
Divas Lament Whatever Happened to my Part?,Eric Mar,115.0,03:20
Buss It Remix,Erica Banks,110.0,03:07
Music Remix,"Erick Sermon,Keith Murray,Redman",100.0,03:36
Wait,Eryn Martin,114.0,03:30
Earth to Heaven,Esperanza Spalding,105.0,03:49
Judas,Esperanza Spalding,119.0,04:09
Miss You,Etta James,117.0,06:00
Headless Heroes,Eugene McDaniels,102.0,03:34
Hold Tight,Eugy Official,104.0,03:24
Something So Right,"Eurythmics,Annie Lennox,Dave Stewart",118.0,05:35
Betcha She Dont Love You,"Evelyn \Champagne\"" King""",108.0,04:58
Chineke Meh,Ezi Emela,104.0,03:36
Franzis,FIL BO RIVA,117.0,04:14
Movie Scene,FU-Schnickens,114.0,04:01
Not Give a Fuck,Fabolous,107.0,03:18
In Your Head,Fallen Pine,105.0,03:50
Gay Freestyle,"Fat Freddy's Drop,Jazzanova",105.0,03:45
The Journey,Fatboy Slim,108.0,04:36
When Youre Smiling and Astride Me,Father John Misty,111.0,04:34
I Know Ill Find You One Day,Faye Webster,119.0,03:05
Kind Of,Faye Webster,103.0,05:25
Take Your Time,Felicia Temple,115.0,04:34
L.A.LOVE la la,"Fergie,YG",101.0,03:31
Sauced Up,Fifth Harmony,100.0,03:17
White Like That,Filter,115.0,04:17
Oh Well,Fiona Apple,108.0,03:40
Walk Unafraid,First Aid Kit,110.0,05:17
Ask Courtney,Flatbush Zombies,100.0,03:03
Book of Love,Fleetwood Mac,106.0,03:22
Pure Feeling,Florence + The Machine,106.0,04:40
The Rich Girl Meets The New Girl,"Fly My Pretties,Samuel Flynn Scott",106.0,04:03
Christian Dior,Focalistic,102.0,03:52
Tread Lightly,Forest Blakk,105.0,03:18
Just Chill,"Forrest.,Biskwiq",100.0,03:40
Hang,Foxygen,115.0,04:13
Japanese Pancakes,Fran Vasilić,110.0,04:08
Cosmik Debris,Frank Zappa,111.0,04:15
"December '63, Oh What A Night",Frankie Valli & The Four Seasons,104.0,03:17
Hard,Future,119.0,03:13
Gets My Staccs,G Perico,100.0,03:41
What Up Cuz,G Perico,101.0,03:49
Dont Panic,"GR1ZZY,S Wavey,Sneakbo,M Dargg",100.0,03:52
Stay in Line,"GZA,Santigold",110.0,04:02
Gold - thomas jack radio edit,"Gabriel Rios,Thomas Jack",103.0,03:16
Count On Me,Gaither Vocal Band,104.0,04:40
Wont Forget,Galimatias,103.0,04:03
Jupiter Grayscale,Gallant,100.0,04:30
Mexico,"Gamma Skies,Amaranthine",100.0,03:05
Torn,Gary Numan,104.0,05:10
Amen,Gaza Kim,107.0,03:17
Martial Law,George Clinton,108.0,04:47
Martial Law Hey Man... Smell My Finger,George Clinton,108.0,04:47
Rocking Chair In Hawaii,George Harrison,114.0,03:07
She Let Herself Go,George Strait,114.0,03:18
Another Nigger in the Morgue,Geto Boys,104.0,03:11
Trophy,Geto Boys,110.0,03:08
Part Of Me,"Getter,AudioOpera",115.0,06:04
Run The Night,Gigi Rowe,114.0,03:42
Work for Peace,Gil Scott-Heron,101.0,07:33
Twisted,Ginette Claudette,115.0,04:22
Love You More,Ginuwine,117.0,04:01
It Gets More Blue,Girlpool,110.0,03:26
Beautiful Object,Glass Candy,105.0,05:04
Big Girls Dont Cry,Glee Cast,113.0,04:31
Cant Get Your Love,Glimmer of Blooms,109.0,03:20
Falling Out,Golden Features,118.0,03:40
Heaven Don't Deserve Me,Gordon Lightfoot,106.0,03:33
Just Like Tom Thumb's Blues,Gordon Lightfoot,106.0,03:33
Westwood Crib Session 2019,Gordy Crumpton,111.0,03:06
We Are Happy Landfill,Gorillaz,100.0,03:39
Warm Leatherette,Grace Jones,107.0,04:28
Dont Ask Me Questions,Graham Parker & The Rumour,105.0,05:37
Get Down,Gramma,111.0,03:15
Stars n Stripes,Grant Lee Buffalo,113.0,04:41
China Town Shuffle,Grateful Dead,109.0,05:00
Free My People,"Greentea Peng,SIMMY,Kid Cruise",108.0,03:35
The Circle,Gregorian,100.0,05:14
No Smoke,Gucci Mane,118.0,03:48
Clique,"Gunplay,Rick Ross,Rockie Fresh",109.0,03:17
Ditch,Gus Dapperton,113.0,03:30
New Jack City,Guy,109.0,03:30
Emotions,H-Town,118.0,04:57
Black Hole,HANA,100.0,03:43
One Last Time,HIM,100.0,05:10
It Aint Wrong Loving You,HONNE,100.0,03:16
Let Me Drown,HYUNJUN,100.0,03:15
GO,"Hablot Brown,Dam Swindle",105.0,04:39
Most Girls,Hailee Steinfeld,103.0,03:24
I Never Knew,Hardcastle,111.0,03:35
Colors,Haschak Sisters,101.0,03:10
Lord Youre Holy,Helen Baylor,108.0,05:27
You Better Hope You Die Young,"Hellbound Glory,Tanya Tucker",112.0,03:57
Questions,Herman Suede,100.0,03:56
Hurt For Now,Hinterwood,116.0,04:17
Devil Do,Holly Golightly,118.0,03:33
Glide,"Hoodboi,Tkay Maidza",115.0,03:53
Volcano,Horse Jumper of Love,112.0,03:32
Easy To Get,Hot Chip,116.0,05:10
Isis Magic Carpet Ride,"Hot Natured,The Egyptian Lover",119.0,06:32
All of Your Love,"Hotboii,Toosii",105.0,03:32
Assault And Battery,Howard Jones,107.0,04:52
Old Man River,Howard Keller,116.0,03:52
Apology,"Hugh Christopher Brown,Kate Fenner",115.0,04:25
You Me Cellphones,Husbands,100.0,03:37
Why We Thugs,Ice Cube,101.0,03:44
Ghetto Ice,"Icewear Vezzo,Rio Da Yung Og",117.0,03:24
Sunday,Iggy Pop,112.0,06:06
Cinematic,Illy,116.0,04:52
Tightrope,Illy,116.0,04:52
In the Heat of the Night,Imagination,105.0,06:27
Pieces Of A Dream,Incognito,108.0,04:19
Just a Phase,Incubus,108.0,05:29
Nature,India.Arie,102.0,04:24
Come Up,"Innocent,Montana of 300",110.0,04:24
So-Lo,Iron Butterfly,101.0,04:02
I Need Ya,Isaura,110.0,03:23
Doorstep,Izzy Bizu,100.0,03:12
Sunshine,"J Boog,Peetah Morgan",118.0,03:37
Bad Habits,J Wawa,100.0,03:36
1 0 0 . m i l ’,J. Cole,100.0,04:52
Temptation,J. Cole,100.0,04:52
More Than I Can Bear,J. Monty,118.0,03:21
Lost I Want You To Stay,JAEHYUN,100.0,03:42
1000 Times,JAHKOY,104.0,03:45
Ahh Haa,JL,102.0,03:46
Missing,JL,115.0,04:13
Waves,JMSN,100.0,04:13
Broken Glass,Jack Savoretti,114.0,03:14
On The Day,Jackson Browne,118.0,03:56
Some Bridges,Jackson Browne,101.0,04:51
I Belong to You,Jacob Lee,118.0,05:48
Come Thru,Jacquees,112.0,04:51
Caroline,Jadu Heart,118.0,04:10
Hyper Romance,Jadu Heart,106.0,03:13
2high,"Jaiden Stylez,Luna",107.0,03:44
Two Men Down,James Blake,100.0,06:01
Coldblooded,James Brown,108.0,04:46
Funky Drummer,James Brown,100.0,09:13
I Got Ants In My Pants And I Want To Dance,James Brown,108.0,07:26
Something to Lose,James Supercave,118.0,04:04
Dont Stop the Music,Jamie Cullum,103.0,04:48
Way Up,Jamila Woods,118.0,03:53
Synth For The Devil,Jan Blomqvist,118.0,03:50
My Need,Janet Jackson,100.0,03:44
Bad Shit,Jarreau Vandal,100.0,03:12
Dark Roads,"Jarren Benton,Sareena Dominguez",112.0,05:08
Two Nights,Javailin,112.0,03:28
SOMETHING SPECIAL,Jay Aliyev,110.0,04:06
RUN IT DOWN,Jay Prince,101.0,06:10
See Me Now,Jay Silva,117.0,03:30
On Go,"Jay Supra Smiles,Avery On The Beat",109.0,04:24
Single Friends,Jay Watts,107.0,04:05
TEMPTED,Jazz Cartier,102.0,03:42
Holy Water,Jeezy,106.0,04:13
Lets Get Together,Jefferson Airplane,119.0,03:34
Dont You Get So Mad,Jeffrey Osborne,115.0,03:51
How We Met the Long Version,Jens Lekman,119.0,04:16
Your Arms Around Me,Jens Lekman,106.0,05:01
Hotwire the Ferris Wheel,"Jens Lekman,Tracey Thorn",102.0,04:13
What Would I know,Jeremy Loops,103.0,03:34
The Party Continues,"Jermaine Dupri,Da Brat,USHER",101.0,04:02
Black Hearts and Evil Done,Jerry Cantrell,115.0,06:02
If I,Jesse Powell,110.0,04:01
Covered in Regret Blue Black  Red,Jessie Buckley,115.0,04:12
One More Try from  Juliet,Jessie J,115.0,03:16
Bungle in the Jungle,Jethro Tull,106.0,03:36
Sufi Woman,Jidenna,106.0,03:28
Idiot Boyfriend,Jimmy Fallon,102.0,03:54
Get A Bag,"Jinx Da Rebel,CJ SO COOL",116.0,03:37
Love Sex Hollywood,Joe,110.0,04:08
Why Just Be Friends,Joe,102.0,04:26
Stay Lost,"Joe Hertz,Amber-Simone,Cabu",110.0,03:46
Revolution,John Butler Trio,110.0,05:05
Diet Gum,John Grant,110.0,07:25
Again,John Legend,112.0,03:55
Come When I Call,John Mayer,113.0,03:23
Jack  Diane,John Mellencamp,104.0,04:14
Nothings For Free,John Mellencamp,104.0,04:14
Automobile,John Prine,109.0,04:23
Act Of Love,John Waite,114.0,04:29
Gonna Be Somebody,John Waite,105.0,04:29
Head Above The Waves,John Waite,105.0,04:29
Union Jack,John Waite,105.0,04:29
Dyin' Ain't Much Of A Livin',Jon Bon Jovi,119.0,04:39
Everybody Else,Jon Keith,110.0,03:31
The Best Song,Jon Lajoie,110.0,03:18
Daydreamin,Jonathan Tilkin,118.0,03:27
Hurt Yo Body,"Jonn Hart,Dozay",101.0,03:19
My Confession,Josh Groban,101.0,04:56
Lay down your blade,Joy Wellboy,100.0,03:44
If The South Woulda Won,"Jr., Hank Williams",109.0,03:19
Happy Man,Jungle,108.0,03:11
So This Is Goodbye,Junior Boys,105.0,05:23
Je fais le mort,Juniore,114.0,03:43
Bedpunk,Just Nick,109.0,03:18
Anyone,Justin Bieber,116.0,03:10
On The Rocks,Justin Moore,101.0,03:30
Last Night,Justin Stone,110.0,04:45
Control,K CAMP,108.0,03:48
Ride Out,K. Michelle,100.0,03:56
When Crying Is Easy,K. Michelle,113.0,04:45
Reset,"KIALLA,Bengfang",115.0,04:15
Underground,KONGOS,106.0,03:17
Smoke All Day,Ka'ikena Scanlan,113.0,04:23
Fruit Punch,Kaiydo,104.0,03:41
Tyrant Remix,"Kali Uchis,Daniel Caesar",110.0,03:24
I Am a God,Kanye West,112.0,03:51
Praise God,Kanye West,118.0,03:46
Curve,Kara Marni,107.0,03:44
FREEVERSE FEAST LANGAR,"Karan Aujla,KR$NA,Mehar Vaani",105.0,03:14
Lets Get Retarded,Karaoke Backtrax Library,105.0,03:44
Lock And Load,Karaoke Diamonds,107.0,04:55
What a Night,"Kat Deluna,Jeremih",104.0,03:04
Crazy4luvinU,Katzù Oso,100.0,04:00
1st Position,Kehlani,117.0,03:10
I Can't Believe It,Keith Green,118.0,03:36
Lies,Keith Green,105.0,03:41
I Want Her,Keith Sweat,108.0,03:41
Got Me Fucked Up,"Keke Palmer,Dreezy",105.0,03:23
He Proposed,Kelly Price,108.0,05:03
Diamonds,"Kelly Rowland,Lord Quest,Fabian Mazur",110.0,03:11
The Relevant,Kendrick Lamar,101.0,04:34
LOYALTY.,"Kendrick Lamar,Rihanna",111.0,03:47
Giving Up the Ghost,Kerli,110.0,04:12
Try Me,Kero Kero Bonito,107.0,03:29
The Dead They Dont Come Back,Kevin Morby,101.0,04:39
Christmas Time,Keyboard Kid,100.0,03:41
Bling Benzy  Da Struggle,Keyshia Cole,117.0,04:15
Dig It,Keyshia Cole,117.0,04:15
East/West Bowl Rap,Keyshia Cole,117.0,04:15
If I Dont Have You,Keyshia Cole,117.0,04:15
Move,Keyshia Cole,117.0,04:15
Squeamish,Keyshia Cole,117.0,04:15
Guess What,"Keyshia Cole,Jadakiss",100.0,03:45
Winter,Khalid,100.0,04:01
Did I Fail?,Khary,101.0,03:40
DEEP END,Khi Infinite,118.0,03:38
NEW DRIP,"Kidd Keo,Ele A El Dominio",100.0,04:28
Gold Remix,"Kiiara,Lil Wayne",113.0,03:27
From Mother To Daughter,Killa Knox,114.0,07:56
When I Look Into Your Holiness,Killa Knox,114.0,07:56
Hold On,Kim Wilde,114.0,04:35
Heart,King George,100.0,03:55
Sucios Cypher,"King Lil G,Krypto",107.0,03:34
Talk That Shit,"King Trell,Iamsu!,RJ",100.0,03:36
Say Yeah,Kishi Bashi,110.0,04:34
Damage Done,Kita Alexander,118.0,03:58
Love Me Not,"Kitty,Jhawk Productions",100.0,03:26
Ghost,"Klangkarussell,GIVVEN",106.0,05:31
Memories,Knowmads,100.0,03:30
Love Me Too,Kody West,117.0,04:11
Where Im From,Koffee,117.0,03:22
No Pain No Gain,Kokane,110.0,04:47
Is This Love,Kolohe Kai,119.0,03:40
No Respect,Kool Moe Dee,102.0,05:24
Come Thru,Kora,110.0,04:27
Crunk Muzik,Kora,110.0,04:27
Just Fine Sam  Cat Theme Song,Kora,110.0,04:27
Montero Call Me By Your Name R.A. The Rugged Man Remix,Kora,110.0,04:27
The Come Down,Kora,110.0,04:27
Wonderwoman,Kora,110.0,04:27
Ya Mums Ya Dad,Kora,110.0,04:27
Bitches I Know,Krizz Kaliko,115.0,03:31
I Like,Kut Klose,112.0,04:18
Hey Selena Gomez,"Kygo,Selena Gomez",100.0,03:40
That Dont Mean A Thing,Kyle Dion,115.0,03:01
Sonate pacifique,L'Impératrice,100.0,05:50
Thick and Thin,LANY,100.0,03:32
I'm That Type Of Guy,LL COOL J,119.0,05:16
Not Leaving You Tonight,"LL COOL J,Fitz and The Tantrums,Eddie Van Halen",100.0,04:03
Night Like This,LP,117.0,04:00
LA Capone Intro,La Capone,116.0,03:32
RHODONITE AND GRIEF,La Dispute,108.0,03:36
Changing Skies,Ladi6,102.0,03:10
New Freezer,Ladi6,102.0,03:10
Open Up to the Heavens,Ladi6,102.0,03:10
Tesla,Ladi6,102.0,03:10
Even in the Tremor,Lady Lamb,118.0,04:24
Carmen,Lana Del Rey,100.0,04:08
Jheeze,Lauren Faith,100.0,03:14
Shakespeare In Love,Layla Kaylif,115.0,04:29
Triflin,"Leaf Ward,Ohdatsrida",110.0,03:52
Come Kali Come,Lebanon Hanover,106.0,06:32
Bron-Y-Aur Stomp,Led Zeppelin,108.0,04:17
What If Lee Was A Lil Rapper? Wow OMG,Lee Scott,110.0,03:21
I Want to Love You,Lenachka,114.0,04:34
God Save Us All,Lenny Kravitz,116.0,03:53
Yesterday Is Gone,Lenny Kravitz,118.0,03:52
I Think We Fell In Love Too Fast,Leo Sayer,115.0,03:08
Foe,Leprous,115.0,05:15
How Not to Love You,Leroy Sanchez,100.0,03:18
Like That,"Letoa,lilbubblegum,Ciscaux",100.0,03:16
Oldest Teenager,Lexi Jayde,114.0,03:16
On My Mind,Liam Bailey,110.0,03:33
Pretty Boy Remix,Lil B,119.0,05:08
Trap Lust,Lil Debbie,102.0,03:12
Off-White,"Lil Gotit,Lil Keed",116.0,03:38
MisUnderstood,Lil Jairmy,112.0,04:18
None of Your Love,Lil Jjay,114.0,03:16
Go Crazy,Lil Tjay,106.0,03:48
Losses,Lil Tjay,100.0,03:15
Upgrade,Lil Wayne,112.0,03:26
I Will Never Be,Lily Moore,115.0,03:52
Money,Lime Cordiale,110.0,03:58
For A Dancer,"Linda Ronstadt,Emmylou Harris",111.0,04:43
Smoke Dat Weed,Liquid Audio,110.0,04:41
Customz,"Little Simz,Bibi Bourelly",117.0,04:01
Brick by Brick,Liz Vice,100.0,04:59
Big Snake,Lloyd Cole and the Commotions,108.0,05:15
Speedboat,Lloyd Cole and the Commotions,118.0,04:38
IDR,Lolo Zouaï,110.0,03:07
Holloway Hey Love,Lomez Brown,110.0,03:42
Lovers,Lomez Brown,110.0,03:42
Lovers Spit,Lomez Brown,110.0,03:42
Best Woman Wins,"Lorrie Morgan,Dolly Parton",114.0,03:18
Love Alive,"Lost Frequencies,Love Harder",112.0,03:03
No Don,Lotto Boyzz,106.0,03:52
Sex With Your Parents Motherfucker Part II,Lou Reed,109.0,03:37
War With Heaven,"Louis Mattrs,Catching Flies",116.0,05:52
Always See Your Face,Love,110.0,03:29
Fuck With Me,Lucas Coly,100.0,03:26
Gone Insane,Lucius,103.0,04:17
Teach The World,Lucky Dube,116.0,04:42
Tiger Lily,Luna,104.0,04:47
I Really Didn't Mean It,Luther Vandross,115.0,05:43
The Best Things in Life Are Free,Luther Vandross,110.0,03:50
Think About It,Lyn Collins,113.0,03:24
Aint No Good Life,Lynyrd Skynyrd,116.0,04:43
He's Alive,Lynyrd Skynyrd,118.0,03:10
Play Sides,MALIA,118.0,04:06
Gone,"MISOGI,Night Lovell",114.0,04:07
Same Old Strangers,"Mac Ayres,Keys Open Doors",116.0,04:05
Alarm,Mac Miller,104.0,04:47
Zara,"Macklemore,ABIR",116.0,03:37
All I Want For Christmas,Macy Gray,113.0,04:40
The Dance,Madaila,105.0,05:23
Blue,Madison Beer,114.0,03:49
Beautiful Scars,Madonna,112.0,04:19
Mother and Father,Madonna,106.0,04:32
Fuck No,"Maez301,Nef The Pharaoh",100.0,03:35
Small Talk,Majid Jordan,100.0,04:19
Altitude This Party Sucks,Mal Blum,105.0,03:20
Figure 8,Maliibu N Helene,117.0,03:34
Groceries,Mallrat,116.0,03:37
Fallen Out Of Love,Manny,112.0,03:30
Ease Yo Mind,Marcellus Juvann,109.0,03:31
AM,Marika Hackman,105.0,04:05
Bike (excerpt),Marillion,106.0,04:03
Kayleigh,Marillion,106.0,04:03
Mirages (demo),Marillion,106.0,04:03
NY BABY,"Marlon Craft,Bodega Bamz",110.0,03:32
Vampire Again,Marlon Williams,115.0,04:02
Girls Like You CRAY Remix,"Maroon 5,CRAY,Cardi B",100.0,03:57
Everything,Marques Houston,113.0,04:47
Thats the Way Love Is,Marvin Gaye,111.0,03:42
Not Lookin,"Mary J. Blige,K-Ci",102.0,05:27
Nightdrive,Mary PopKids,105.0,03:53
Maybe I Shouldnt,Matt Borden,113.0,03:10
Wedding Dress,Matt Nathanson,103.0,03:54
What You Will,Matt Pless,102.0,04:10
Numb,Max Jury,117.0,04:10
Let Go The Line,Max Webster,107.0,03:32
Mama,Mayorkun,104.0,03:18
Long Distance,Megan & Liz,112.0,03:43
You Stop My Heart,Melanie Fiona,117.0,03:45
Murphys Law,"Melo Makes Music,Ju,Tatiana Hazel",111.0,04:10
Same To You,"Melody Gardot,Bakermat",115.0,04:01
Skin Horse,Melvins,114.0,05:14
Ain't Nothing Gonna Hold Me Down,Men At Work,107.0,03:42
Angels Pray,Messer,105.0,03:08
My Girl,Michael Bolton,101.0,03:22
This Is The Way,Michael Bolton,104.0,03:35
Off the Wall,Michael Jackson,114.0,03:40
I Gotta Try,Michael McDonald,115.0,03:55
Cruisin,Michael Nesmith,101.0,03:51
Rabbit in the Headlights,Michael Oakley,108.0,04:13
I'll Lead You Home,Michael W. Smith,112.0,05:22
Nothing to Talk About,Michelle Gurevich,116.0,04:36
New Money,Mickey,110.0,05:03
Under The Weather,Midnight Fusic,115.0,05:27
Suicide,"Midnight To Monaco,Whethan",100.0,03:52
Never Coming Down,"Midoca,Virtu,Lostboycrow",110.0,04:11
New Man in Town,Mighty Sam McClain,106.0,05:41
Oh My Dear Remix,Miguel Campbell,109.0,04:43
Sherane Thomas,Mike Braxton,114.0,03:24
No More,"Mike's Dead,DempseyRollBoy",110.0,03:02
Bottle of Jack,"Mikey Wax,Achtabahn",119.0,03:09
Bad Karma,"Miley Cyrus,Joan Jett & the Blackhearts",114.0,03:08
Folk-metaphysics,Milo,109.0,04:41
Memory Card,Milo Meskens,112.0,03:21
Teddybear,Miriam Bryant,105.0,03:14
It Aint Helping,Mitch James,117.0,03:52
Lounge,Modest Mouse,116.0,07:03
Believing in Me,Monica,109.0,04:00
Want Me Too,Mons Vi,115.0,03:26
Tonight,"Monsieur Minimal,Rosey Blue",118.0,03:58
Get It on Tonight,Montell Jordan,101.0,03:50
These City Lights,"Moog,Hannah Rae",110.0,04:59
I Am Hated For Loving,Morrissey,116.0,03:40
Out of My Hands,Morten Harket,100.0,03:37
48,"Moss Kena,Jay Prince",107.0,05:17
Strength to Dance,Motion Worship,109.0,03:05
Truth Or Truth Remix,Mou.Fetz,100.0,03:16
Stuck in the 90s,Moxy Früvous,103.0,04:29
Rude Boy,Mr Twin Sister,101.0,03:20
Platypus,Mr. Bungle,119.0,05:07
Slutty Girls,"Mr. Knightowl,Kozme'",115.0,04:39
You Dont Know,Ms Banks,102.0,03:29
Doo Wop,Ms. Lauryn Hill,100.0,05:20
WD-40,Muscadine Bloodline,117.0,03:02
Joyful Joyful,Musical Mania,111.0,04:21
Throw Your Hood Up,"Mustard,Dom Kennedy,Royce,RJ",100.0,04:38
Memoir,My Epic,110.0,06:37
Hypnotic Tango,My Mine,119.0,06:09
Whatchu Want,"NELZ,Koko",100.0,03:16
Why Stress,NSG,100.0,03:37
I Think Youre,NYNE,104.0,03:07
Oh My,Natalie Prass,111.0,03:15
Baby I Lost My Way But Im Going Home,Nathaniel Rateliff & The Night Sweats,110.0,04:07
Be There,Nathaniel Rateliff & The Night Sweats,110.0,04:07
Boiled Over,Nathaniel Rateliff & The Night Sweats,110.0,04:07
I Need Never Get Old,Nathaniel Rateliff & The Night Sweats,110.0,04:07
Just to Talk to You,Nathaniel Rateliff & The Night Sweats,110.0,04:07
Out on the Weekend Version 2,Nathaniel Rateliff & The Night Sweats,110.0,04:07
Shoe Boot,Nathaniel Rateliff & The Night Sweats,110.0,04:07
Lady Luck,Nazareth,112.0,04:09
LA NIGHTS,Ne-Yo,100.0,03:54
Happy Birthday Sweet Sixteen,Neil Diamond,116.0,03:39
Paris Sun,Nelly Furtado,111.0,03:29
The Blue Marble and the New Soul,Nevermore,113.0,04:37
Tonights Your Night,New Edition,106.0,03:34
Splash,Next,114.0,05:06
Be Better,"Nextlife,Lila McKenna",100.0,03:23
Redeemer,Nicole C. Mullen,106.0,04:54
Move You,Night Tales,118.0,03:47
Win,"Nissim Black,Menachem Weinstein",113.0,03:43
A Lot Like Me,Nitty Gritty Dirt Band,111.0,04:36
Young Hearts,NoMBe,119.0,03:38
Wait 2.0,"NoMBe,Skott",105.0,03:03
Like a Child,Northeast Party House,100.0,03:36
Each Other,"Notaker,Eric Lumiere",103.0,03:19
Faith,ODIE,117.0,03:09
Secret Service,OHGEESY,102.0,03:12
What Theyll Say,"Oddisee,Mumu Fresh,Gary Clark Jr.",100.0,04:31
My Life,Oingo Boingo,114.0,04:36
Stay,Oingo Boingo,119.0,03:37
The Best Of Me,"Olivia Newton-John,David Foster",116.0,04:06
Empty,Olivia O'Brien,119.0,03:28
Your Lips,Olu Dara,118.0,04:00
Involved,Omarion,107.0,03:03
Cry Wolf,"OnCue,Dntel",109.0,04:09
Fear,OneRepublic,110.0,03:46
Promise,Orchestral Manoeuvres In The Dark,108.0,04:51
You Made Me Smile,"Oslo Ibrahim,Romantic Echoes",105.0,04:46
Behold a Lady,Outkast,108.0,04:37
Whats Ya Fantasy,"Outlawz,Daz Dillinger",103.0,05:34
Kiss Me Babe It's Christmas Time,Owl City,106.0,03:49
Optimist We Are Not For Them,P.O.S,112.0,03:19
Mi Gna Dont Go Away,"PERE,Rei",112.0,03:24
Groovy Chick,Packy,113.0,03:36
Lesson Learned,Pagoda,110.0,03:23
Younger,Palace,107.0,03:25
Fearing Faces,Pale,116.0,03:13
Loyal,Paloma Faith,108.0,03:40
Darker Thoughts,Paradise Lost,114.0,05:46
Bemyself,Parcels,113.0,04:28
IknowhowIfeel,Parcels,115.0,05:27
Somethinggreater Single Version,Parcels,110.0,03:29
good-morning Hide,Parcels,108.0,04:26
Jealousy,Paris Hilton,116.0,03:40
This Disorder,Party Tyme,114.0,03:05
Two of Us,Party Tyme,112.0,03:26
Essence Remix,Party Tyme Karaoke,104.0,04:30
Dance the Night Away,"Passion & Pain, Ecstasy",116.0,04:59
Constantines Dream,Patti Smith,103.0,10:19
Whirl Away,Patti Smith,108.0,05:01
How Long,Paul Carrack,118.0,03:50
Village,Paul Weller,102.0,03:19
Date with IKEA,Pavement,108.0,03:26
Buckle Up,Pearl Jam,103.0,03:36
The Last Place God Made,Peter Cetera,105.0,04:14
Handauflegen,Peter Gabriel,100.0,06:07
Lay Your Hands On Me,Peter Gabriel,100.0,06:09
Water Leak,"Philthy Rich,Lil Uzi Vert,Sauce Walka,Off Set",109.0,03:16
Alumni Blues,Phish,112.0,04:11
Maniac,Phoebe Green,110.0,03:30
Feel,Phora,118.0,03:15
Softly Spoken,Phum Viphurit,101.0,04:26
Sasquatch,Pickin' On Series,114.0,03:10
Death - Pierce Me,Pierce Brothers,104.0,03:45
What Do You Want from Me,Pink Floyd,104.0,04:21
Balls,Pink Guy,112.0,03:16
What I Wouldnt Give,Pink Industry,101.0,03:41
Phoenix,"Pixel Mixers,Myuik,Nemo Fairlight,Scott Luxenberg,Late to the Game Music,Phoenix Down RPG,oboejdub,Travis Salim,Hyper Light Drummer,iCrescendo,Mike Matarazzo,Shea's Violin,Brendan Agnew,Nicole Chang,Chromatic Apparatus,Warp Whistles Music,optimizasean,Sean R. Hanson,SableProvidence,Dewey Newt,Brendan Vavra,KestrelGirl,bratkat",114.0,04:47
Playing God,Playkid,119.0,05:06
Goons Lurkin,Plies,111.0,03:51
Know What Im Saying,Plies,116.0,04:18
Rewind,Poets of the Fall,110.0,04:21
Forever,Pom Pom Squad,100.0,03:10
Til Kingdom Come,Pop Evil,115.0,05:39
Interweb,Poppy,114.0,03:49
Way Out of Here,Porcupine Tree,112.0,07:37
Shawty Independent,"Pouya,Shakewell,Germ",112.0,03:27
Backseat,Prelow,102.0,03:45
The Family And The Fishing Net,Primus,112.0,06:25
Scarlet Pussy,Prince,104.0,04:18
When Will We B Paid?,Prince,115.0,05:47
Youre My Love,Prince,110.0,04:23
Lucky One,Prince Royce,116.0,03:57
Dangerous,"Prince Royce,Kid Ink",115.0,03:50
Ill Wait For You,Prince Woods,102.0,03:23
A Month From Now,Prof,110.0,03:41
Treat You Right,"Prof,Dizzy Wright",100.0,03:24
I DONT CARE,Quadeca,111.0,03:19
Still Burning,Queen,109.0,04:18
Nuff' Of The Ruff' Stuff',Queen Latifah,105.0,03:50
Turn You On,Queen Latifah,105.0,04:21
Chasing Blue Sky,Queensrÿche,107.0,03:41
Obitchuary,Qveen Herby,119.0,03:26
World Christmas,R. Kelly,101.0,04:02
Clean Living,RJD2,103.0,04:29
On God,"RJMrLA,Ty Dolla $ign",105.0,03:02
Real Feelings,RONDÉ,101.0,03:12
Life In a Box,Raleigh Ritchie,118.0,04:23
Cuckoo,"Raleigh Ritchie,Little Simz",100.0,04:12
Mad About Bars,Ramz,103.0,03:24
Secret,"Raveena,Vince Staples",111.0,03:22
Shouldnt End This Way,Reality Club,107.0,04:36
Tell Your Girlfriend,Rebecca Levy,104.0,03:33
Red Velvet - Kingdom Come English Translation,Red Velvet,106.0,03:45
Red Velvet - Mosquito English Translation,Red Velvet,106.0,03:45
Red Velvet - Rookie English Translation,Red Velvet,106.0,03:45
SEULGI Red Velvet - Always English Translation,Red Velvet,106.0,03:45
We Were All Wounded at Wounded Knee,Redbone,112.0,03:29
For The Love Of You,Regine Velasquez,100.0,05:35
Not Today,"Relit,C+,D Nasty",115.0,03:43
Love of My Life,"Remedee,Not3s,Young Adz",113.0,03:03
Most Anticipated Freestyle,Remy Ma,100.0,03:39
OOOUUU Remix,Remy Ma,100.0,03:39
Where My Bitches At,Remy Ma,100.0,03:39
Comeback girl,Republic Of Loose,100.0,03:58
Silphium,Richard Dawson,110.0,06:38
The Last Time,Rihanna,112.0,04:53
First Time Feeling,Ripe,101.0,03:29
Lately,"Rival,Conor Byrne",118.0,03:09
Wicked Little Town,"Riverdale Cast,Alvin Sanders,Camila Mendes,Casey Cott,Charles Melton,Cole Sprouse,Drew Ray Tanner,Jordan Connor,KJ Apa,Lili Reinhart,Madelaine Petsch,Marisol Nichols,Mark Consuelos,Martin Cummins,Mädchen Amick,Skeet Ulrich,Trinity Likins,Vanessa Morgan",112.0,03:27
God Dont Like Ugly,"Roberta Flack,Donny Hathaway",108.0,04:37
Lonely,Robin Banks,108.0,03:39
Crave You,Robinson,119.0,03:51
Foolish Behaviour,Rod Stewart,104.0,05:33
THE WOK Roddy Ricch - The Box Asian Parody,Roddy Ricch,117.0,03:16
Any Day Now,Ronnie Milsap,103.0,03:42
I Wouldnt Have Missed It for the World,Ronnie Milsap,114.0,03:37
Firefly,Rossa,107.0,03:44
All I Want,"Russ,Davido",117.0,04:07
Start Again,Ryan Dolan,108.0,03:43
The Other Side,Ryan Oakes,115.0,04:06
Good To You,Ryland James,110.0,03:09
Incapable Extended Mix,Róisín Murphy,114.0,08:25
Lightskin Remix,"S Loud,TE dness,Youngs Teflon",108.0,04:33
Sunsets Pt. 2,SG Lewis,100.0,03:36
Act 4: Forgiveness Words Of A Sinner,SHANE WALKER,117.0,03:33
Dont Give Up,SIX60,110.0,03:21
ITZY - Dont Give a What English Translation,SIX60,110.0,03:21
Million,"SMNM,Compulsive",108.0,05:11
Nil,SOHN,110.0,03:37
Careless Over You,Sabi Sansu,110.0,03:03
Alien Acoustic,Sabrina Carpenter,107.0,03:06
Space Song Slowed and Reverb,"Sad Girl Slo Music,Reverb + Slo,SloVerb",110.0,07:16
Samsara,Sadistik,110.0,03:16
Just Friends,Saint Frm LA,100.0,04:14
Looking Glass,Salmonella Dub,105.0,06:47
Expression,Salt-N-Pepa,108.0,03:56
I Like to Party,Salt-N-Pepa,101.0,04:40
Sex Sex Sex,"Sam Trocki,Neon Hitch",100.0,03:14
GOT7 - WAVE English Translation,Sam V,110.0,03:52
Circles on the Water,Samantha Jade,115.0,03:39
Naina Dont Lie,Samsaya,108.0,04:42
You and I,Sandra,110.0,06:00
Chameleon,Sandra N.,102.0,03:06
Evil Ways,Santana,117.0,03:58
Stay,"Sao Vicente,Shelly Sony",112.0,03:54
Wet Dreams,Saya,100.0,03:43
Xn @ Night,Scarlxrd,100.0,03:37
Whats Going On,Scotty Sire,105.0,03:18
Mandy,Scribz Riley,100.0,03:05
Soy Boy,Scuba Dvala,112.0,03:34
Look on Your Face,"Sean Garrett,Lil Yachty",118.0,04:10
Nobody but Us,Sebastian Javier,117.0,03:21
Never Get Used To,Seinabo Sey,115.0,03:37
Sovereign,Sevin,119.0,03:51
Jeff Gordon,Shaboozey,104.0,03:31
Winning Streak,Shaboozey,119.0,03:18
Dream Song 3 A Stimulant for an Old Beast,Shawnee Berrier,117.0,04:19
Hold,Shoffy,100.0,03:43
Glad Im Not a Kennedy,Shona Laing,112.0,03:27
Up to You,"Show Dem Camp,Funbi",102.0,04:24
The Corner,Siani,102.0,04:26
UNEARTH,Sidewalks and Skeletons,110.0,03:37
Raw,Sigrid,110.0,03:18
All About You,Silentó,105.0,03:29
Love You Down,Silk,109.0,04:13
Meeting In My Bedroom,Silk,112.0,05:06
Hinky Dinky 'Double D' Farm,Singlish - Building Language the Fun Way!,105.0,03:46
Rather Be With You,Sinéad Harnett,110.0,03:19
Glorious days,Sko/Torp,110.0,05:27
Thinking of You,"Slaughter Beach, Dog",110.0,04:50
Cranium,Slothrust,115.0,04:50
I Want It All Back,Smooth Jazz All Stars,114.0,04:37
Drop,Smoovie Baby,100.0,04:07
Back Up Ho,Snoop Dogg,106.0,04:21
Say Bitch,Snow Tha Product,105.0,03:19
Us,"Social Club Misfits,Willow Stephens",115.0,03:33
Bitch I Said It,Sody,112.0,03:11
Batshit,Sofi Tukker,115.0,03:23
Broken Hearted Lovers,Somme,100.0,03:01
Hits of Sunshine For Allen Ginsberg,Sonic Youth,103.0,11:05
Wrong,Soran,102.0,03:31
Fascinating,"Soul II Soul,Caron Wheeler",101.0,03:49
Fairplay,"Soul II Soul,Rose Windross",101.0,03:58
Los Screwed,South Park Mexican,118.0,03:42
Free,"Soweto's Finest,Blaklez",114.0,05:56
Black Fingernails,Sowhatimdead,116.0,03:04
Dolores,Spanish Love Songs,113.0,03:10
Daddy Don't Live In That New York City No More,Steely Dan,112.0,03:14
FMm,Steely Dan,110.0,05:06
Here At The Western World,Steely Dan,109.0,04:01
Peg,Steely Dan,117.0,03:57
Things I Do,Steely Dan,118.0,05:02
Things I Miss The Most,Steely Dan,116.0,03:58
Things I Miss the Most,Steely Dan,116.0,03:58
Run,Stephen Fretwell,119.0,04:32
Share the Love,Stephen Sharer,105.0,04:20
Mercy,Steve Jones,116.0,05:03
Hypnotizing Eyes,Stevedreez,118.0,03:28
All I Do,Stevie Wonder,117.0,05:06
I Just Called To Say I Love You,Stevie Wonder,114.0,04:22
Sir Duke,Stevie Wonder,107.0,03:52
Stranger on the Shore of Love,Stevie Wonder,112.0,05:00
Out the Door,Stick Figure,100.0,04:34
Dreamlands,Still Corners,110.0,04:24
The Book of Numbers,Sting,105.0,03:18
Oklahoma Breakdown,Stoney LaRue,104.0,04:45
Who Knows What Love Is?,Strawberry Switchblade,112.0,03:47
If U Stay Ready Remix,Suga Free,100.0,05:00
Lost,"Sully,Prince G",118.0,03:31
Oh Dear,Summer Salt,103.0,03:32
Bottom of Your Face,Summer Thieves,115.0,03:39
Corporate Nightmare Song,Summer Thieves,115.0,03:39
Permission,Summer Thieves,115.0,03:39
Follow Me - Faith,Sunday Service Choir,114.0,07:01
Babaji,Supertramp,116.0,04:50
The Void,Swallow The Sun,117.0,05:39
Set Me Free,Sweet & Irie,118.0,06:23
Thrive,Switchfoot,114.0,05:12
MESSY RING,Sybyr,115.0,03:16
Walter Carlos,T'Zar - Teuira Williams,105.0,03:26
Nuthin,"T-Pain,E-40,Detail",100.0,03:25
Always,THE DLX,110.0,03:15
H.,TOOL,100.0,06:07
Righteous Woman,TORRES,119.0,03:50
Crushin on U,"TWRP,White Hot Guilt",101.0,04:10
True,TYuS,105.0,03:20
247 Polar Nite,Ta-Ra,119.0,03:51
Body Language,"Tabitha Nauser,SonaOne",112.0,04:13
Miss United States Berman Brothers Mix,Tahuna Breaks,108.0,04:27
Haitian Love Songs,Tapunui Motions,105.0,05:43
Hey Stephen,Taylor Swift,116.0,04:14
Treacherous,Taylor Swift,110.0,04:02
After 4,Teejay,100.0,03:16
Cowabunga,Teenage Mutant Ninja Turtles,107.0,04:12
58 BPM,"Tensnake,Fiora",116.0,04:57
Fight and Fuck,Terror Jr,108.0,03:17
The Common Touch,The Airborne Toxic Event,111.0,05:07
Naked,The Attire,100.0,03:14
Sins,The Beautiful Monument,100.0,04:21
Blitzkreig Bop,The Beautiful South,108.0,03:35
Rotterdam or Anywhere,The Beautiful South,108.0,03:35
Suck Harder,The Beautiful South,108.0,03:35
Exes On The Weekend,The Big Hash,105.0,03:02
Heartbreaker,The Cardigans,110.0,03:42
HEARD ABOUT US,The Carters,117.0,03:10
Party Started,The Cat Empire,104.0,03:46
A Few More Rednecks,The Charlie Daniels Band,100.0,03:42
Store Room,The Cheap Soap,117.0,05:05
A Caged Bird/Imitations of Life,"The Cinematic Orchestra,Roots Manuva",119.0,06:55
Please Dont Step on My Rainbow,The Cleaners From Venus,104.0,03:54
The Gods of Science,"The Coup,Bhi Bhiman",100.0,03:06
Caleb Trask,The Crane Wives,116.0,04:37
Take Me to War,The Crane Wives,107.0,03:41
Yes Yes We Are Magicians,The Crookes,104.0,03:10
How Do The Fools Survive?,The Doobie Brothers,103.0,05:17
Not to Touch the Earth Take 1,The Doors,114.0,03:59
Blind Alley,The Emotions,106.0,03:04
Ghetto Heaven,The Family Stand,104.0,04:54
Old Piano,The Franklin Electric,106.0,04:00
C.I.A Man,The Fugs,112.0,03:28
Wish 4 You,"The Good Perry,Mariah the Scientist",118.0,03:22
No Rules,The Hollies,101.0,03:05
Sugar,The Horrible Crowes,112.0,04:53
Dance On Through,The Human Beinz,110.0,03:07
Just Like This,The Isley Brothers,119.0,04:18
I Like You You Like Me,The Karaoke Channel,102.0,03:07
Just a Lifetime,The Legendary Pink Dots,104.0,07:46
Faded,"The Libras,Ambrosia Parsley",103.0,03:28
Obladi Oblada,The Liverpool Band,113.0,03:10
In The Middle,The Mamas,100.0,03:03
Los Angeles,The Midnight,116.0,06:29
We,"The National,Bon Iver",100.0,05:03
The Photograph,The Night Game,116.0,03:54
If Nobody Moves Nobody Will Get Hurt The Extinction,The Paper Chase,100.0,05:53
Lullaby of London,The Pogues,113.0,03:31
Yellow Sun,The Raconteurs,111.0,03:20
Rah Rah,The Rah Band,106.0,07:40
Sinister Exaggerator,The Residents,116.0,03:28
Downtown Suzie,The Rolling Stones,117.0,03:52
I Dont Owe You Anything,The Smiths,113.0,04:04
Reel Around The Fountain,The Smiths,110.0,05:59
Resin,The Supervillains,101.0,03:16
Its Gettin Hot,The Team,103.0,03:39
I Could Never Love Another After Loving You,The Temptations,102.0,03:34
Billy Jean,The Thrillers,117.0,04:56
The Luxury,The Tragically Hip,116.0,03:40
Gloria,The Trials of Cato,105.0,04:52
Hoping For Snow,The Vamps,118.0,03:39
Sad Song,The Vamps,103.0,03:18
Turnt,"The-Dream,Beyoncé,2 Chainz",115.0,03:46
Changin,TheSecondSex,115.0,03:24
Clair De Lune,Thelma Plum,115.0,04:10
My Heart is Dead,Theo Katzman,106.0,03:15
Stand up in it,Theodis Ealey,113.0,06:15
I Scare Myself,Thomas Dolby,109.0,05:36
Chances,Thouxanbanfauni,118.0,03:30
Disarmed,Thrice,118.0,04:49
See You There,TiDUS,114.0,04:32
Ready 2 Go,Tiffany Gouché,113.0,03:10
Promises Made,"Tiffany,George Tobin,John Kerns",108.0,04:55
Exit Wounds,Tim Barry,117.0,04:22
Forget About Us,Tim McGraw,110.0,04:08
Time,"Timbaland,She Wants Revenge",119.0,03:57
Im Specialized in You,Time Bandits,116.0,03:51
O Remix,"Tiwa Savage,Omarion",104.0,03:26
Flesh  Bone,Tobin,110.0,04:05
My Angel Baby,Toby Beau,104.0,03:32
Favorite Song,"TobyMac,Jamie Grace",103.0,03:56
Crawling Back to You,Tom Petty,115.0,05:05
Climb That Hill,Tom Petty and the Heartbreakers,100.0,03:55
U Get Me High,Tom Petty and the Heartbreakers,101.0,04:11
ETIGAFY,Tom Rosenthal,110.0,03:05
Forget It,Tom T. Hall,110.0,03:02
Kentucky In The Morning,Tom T. Hall,110.0,03:02
Story Of Your Life Is In Your Face,Tom T. Hall,110.0,03:02
Drive,Tommy Genesis,112.0,03:34
Just Be a Man About It,Toni Braxton,109.0,04:48
Little Walter,Tony! Toni! Toné!,107.0,04:53
Reminiscing,Toosii,113.0,03:28
Abnormally Attracted To Sin,Tori Amos,117.0,05:32
Seasons,Tori Harper,119.0,04:04
High Living,Toro y Moi,117.0,04:19
Accidents Happen,Tory Lanez,105.0,03:46
Bodmon Remix,Tory Lanez,107.0,03:57
Closer,Tory Lanez,107.0,03:57
Come Back to Me,Tory Lanez,105.0,03:46
Convertible Burt,Tory Lanez,105.0,03:46
Drive You Home,Tory Lanez,105.0,03:46
Driver,Tory Lanez,105.0,03:46
Grandmas Crib,Tory Lanez,107.0,03:57
Know Whats Up / The Take,Tory Lanez,105.0,03:46
Out Of Center,Tory Lanez,105.0,03:46
Say It Tory Lanez Remix,Tory Lanez,107.0,03:57
Sextasy,Tory Lanez,105.0,03:46
TOAST,Tory Lanez,107.0,03:57
The Color Violet,Tory Lanez,105.0,03:46
Velvet Voices,Townes Van Zandt,115.0,03:15
Try Me,Trae Tha Truth,110.0,04:21
The Low Spark of High Heeled Boys,Traffic,108.0,11:41
Pretty Head,Transviolet,114.0,03:09
Birds in the Trap Short Film,Travis Scott,119.0,03:33
City Going Crazy,Tre Capital,110.0,04:11
Still Water,Trevor Hall,118.0,03:48
Missin You,Trey Songz,100.0,03:34
Mr. Steal Your Girl,Trey Songz,110.0,04:35
Your Name,Tricky,100.0,03:36
Lord,Trin-I-Tee 5:7,100.0,04:44
Still Unashamed,"Trip Lee,Tedashii",112.0,04:34
Rain,"Trippie Redd,Lil Wayne,Hoodybaby",115.0,03:47
Id Rather Go Blind,Trixie Whitley,119.0,04:24
Breaking Free Jesse Bloch  Jesse James Bootleg,"Troy,Gabriella Montez,Disney",108.0,03:27
Myth,Tsar B,102.0,03:27
Wait For A Minute,Tune-Yards,111.0,03:53
Boogie 2Nite,Tweet,103.0,04:10
Thank the Gang Remix,"Twelve'len,Guapdad 4000",108.0,03:01
Number,Ty Dolla $ign,109.0,03:22
Back Up,"Ty Dolla $ign,24hrs",100.0,03:13
By Yourself Remix,"Ty Dolla $ign,Bryson Tiller,Jhené Aiko,Mustard",104.0,03:04
Ja Rule  Ashanti,Tyga,110.0,03:20
SWISH,Tyga,105.0,03:14
Bel Air,"Tyga,Quavo",108.0,04:28
Gold Rollie,"Tyler ICU,Tumelo_za,DJ Maphorisa,Nandipha808,Ceeka RSA,Tyrone Dee",113.0,06:31
Act of God,"Tyler Touché,Jason Gaffner,Robotaki",112.0,04:38
On Top Of Me,Tyrese,115.0,05:04
Without My Heart,Tyrese,113.0,04:54
White Girl,U.S.D.A.,115.0,03:55
Heartland,U2,108.0,05:03
Don't Break My Heart,UB40,101.0,03:49
She Caught the Train,UB40,112.0,03:17
Chickenhead,UC Brigante,101.0,03:05
Built For Comfort,UFO,115.0,03:08
Dirty Money,UGK,107.0,03:46
One Last Time,Uncharted Shores,100.0,03:55
Talladega Knights,Unlike Pluto,108.0,03:13
Mimi Gets Mad,Utopia,117.0,03:46
Stone,Vader the Villin,118.0,03:37
Get Back,"Valeria Stoica,Alin Dimitriu",117.0,03:56
Whos to Say,Vanessa Carlton,112.0,04:50
Better Off Now,Vanessa Williams,107.0,04:13
Lie to Me,Vera Blue,100.0,03:46
Hard Act to Follow,Verse Simmonds,117.0,03:53
In My Feelings Remix,Verse Simmonds,118.0,03:58
Number One Blind,Veruca Salt,104.0,03:44
Obsession 25/7,"Vice,Jon Bellion,KYLE",102.0,04:00
Foreign,"Victory DaOne,Shote Boi Beatz,D3 The Rocstar",100.0,03:13
Peace of Mind,Villain of the Story,105.0,04:41
This New Heartache,Vince Gill,111.0,03:31
Only You,"Vineyard Music,Andy Park",100.0,05:26
Run Outta You,Vintage Trouble,102.0,08:13
Tonight,Violent Femmes,108.0,03:59
A Lot More Me,Violet Chachki,114.0,04:40
Half My Life,Violet Skies,118.0,03:09
History,WAAX,108.0,03:50
Dangerous,Waiian,113.0,04:04
G Shit,Waiian,103.0,03:26
So Mi So,Wande Coal,105.0,04:05
Dont Let No One Get You Down,War,105.0,04:00
Ourselves To Know,Warren Zevon,107.0,03:17
Wild Age,Warren Zevon,112.0,04:19
Boss Up,"Wave Chapelle,Lil Uzi Vert",118.0,03:52
If Only You Were Mine,Wavorly,105.0,04:04
Crown Prince,Waylon Jennings,113.0,04:05
Wee Rule,Wee Papa Girl Rappers,114.0,03:28
Imaginary Diva,Westlife,100.0,03:37
Queen of My Heart Radio Edit,Westlife,109.0,04:19
Dancing in the Dark,Wet Baes,108.0,03:27
Are You Even Real,Weval,107.0,05:11
Count Those Freaks,Whitey,109.0,04:16
Growing Up,Whodini,107.0,05:14
GB Eating GB Whilst Listening to GB,Wilbur Soot,105.0,03:59
Talk to Me Nice,William Singe,111.0,03:16
Breakup Song,Window to the Abbey,108.0,03:05
Know You 708,With Confidence,100.0,03:04
Tell Me,"Wretch 32,Kojo Funds,Jahlani",105.0,03:43
Limbo,"XXXTENTACION,Killstation",111.0,03:14
TEAM Remix,"Xavier Weeks,Luh Kel",100.0,03:09
Ice Wizard Woe,Xavier Wulf,116.0,03:12
TELL YA,Xcep,115.0,03:29
Psychic City Classixx Remix,"YACHT,Classixx",110.0,04:11
I Aint Lyin,YG,103.0,03:17
What To Do,Ye Ali,107.0,03:36
Oh No,Yelawolf,105.0,04:04
Keeps Me Alive,"Yelawolf,Wynonna",104.0,04:39
I Wanna Know,Yella Beezy,117.0,03:49
Ive Been Thinking Too Hard,Yellow Days,100.0,05:35
The Dream,"Yellowjackets,Steve Croes,Paulinho Da Costa,Marilyn Scott,Brenda Russell,Michael Franks",118.0,05:08
White Knuckles,Yes Please,100.0,04:02
Affection,Yo Trane,117.0,03:17
Be Blessed,Yolanda Adams,110.0,05:45
Praise Your Holy Name,Yolanda Adams,114.0,03:43
Pray for Me,You Me At Six,107.0,03:05
Maze,Young Hunting,100.0,03:56
She Wanna Party,"Young Thug,Millie Go Lightly",104.0,04:10
All My Dogs,Young Troy,100.0,03:28
NUTS,Yums,117.0,03:12
Girl Ill Take U Anywhere,Yung Heazy,105.0,04:11
Miami,Yung Lean,105.0,04:23
FAR CRY,Yung Pinch,118.0,03:03
Section,Yxng Bane,116.0,03:07
Call me when you can,Yxng Davi,100.0,03:55
Lucozade,ZAYN,100.0,04:12
Esther Be The One,ZZ Top,119.0,03:30
It's So Hard,ZZ Top,101.0,05:11
Say Sumthin,Zak Abel,115.0,03:46
Dont Let Me Be Yours,Zara Larsson,112.0,03:19
Oui,Zerimar,105.0,03:15
On My Own,Zero 7,118.0,06:25
Antenna,Zion I,102.0,03:58
Play Out,Zola Blood,116.0,04:37
If You Want To,beabadoobee,116.0,03:43
​anxiety,blackbear,111.0,03:32
Be With Me,boy pablo,112.0,04:06
Candle,cavetown offline,100.0,03:32
Into Me.,chromonicci,110.0,03:42
KARD - RED MOON English Translation,hiyoko kurenai,114.0,05:32
Security,iamnotshane,119.0,03:03
Your Drugs,j ember,115.0,03:23
Round Here,mgk,114.0,04:20
Complicated,pre kai ro,112.0,03:03
You Got Issues,"spring gang,Amaranthine",115.0,03:40
Ms. Communication,"theMIND,Da-P,Sun",110.0,03:34
Say It Aint So,toe,100.0,03:42
5 Year Winter,惠子ssica,112.0,03:44
Let the Pun Fit the Crime,"\Weird Al\"" Yankovic""",117.0,03:36
100 Blunt$ DJ Phantazm Remix,$uicideboy$,114.0,03:51
The Christmas Song,*NSYNC,102.0,03:15
Splash 1,13th Floor Elevators,106.0,03:49
Already,1K Phew,115.0,03:15
Dope Peddler,2 Chainz,118.0,03:28
Heaven and Hell Is on Earth,20th Century Steel Band,107.0,05:13
Let the Rhythm Take You,2nd II None,102.0,04:45
Live How I Want,347aidan,119.0,03:23
I Miss You Unplugged,5 Seconds of Summer,106.0,03:21
Youngblood Acoustic,5 Seconds of Summer,115.0,03:40
Ok Youre Right,50 Cent,103.0,03:04
Gotta Leave,702,118.0,05:09
In Your Company,A Loss For Words,114.0,03:43
Nostalgic,A R I Z O N A,100.0,03:02
Luck of Lucien,A Tribe Called Quest,105.0,04:42
Killed Myself When I Was Young,A.A. Bondy,117.0,03:50
Vacation,A.CHAL,103.0,03:05
MILKYWAY,"A1billionaire,Trippie Redd",118.0,03:48
The King Has Lost His Crown,ABBA,115.0,03:32
Under Attack,ABBA,116.0,03:47
Imaginary Friend,ABSRDST,111.0,03:48
No Days Off,"AFN Peso,OHGEESY",100.0,04:03
This Is Not a War,AJJ,109.0,03:17
In Da Club Remix,ANCEN VISUAL,105.0,04:44
I Feel For You,AZ,102.0,03:03
Im So Into You,Aaliyah,100.0,03:25
Lets Make Love,Aaron Hall,118.0,06:30
Where U Been,Abby Jasmine,110.0,03:05
Reflection,Adot,109.0,03:19
The Lone Rhinoceros,Adrian Belew,105.0,03:59
Lets All Get Drunk,Afroman,112.0,05:44
All Gold Party,Aha Gazelle,100.0,04:03
Ready For You,Air Supply,109.0,04:18
Time Passages,Al Stewart,112.0,06:38
I Can't Stop,Alabama,117.0,04:01
There Goes,Alan Jackson,115.0,03:55
It Never Rains in Southern California,Albert Hammond,117.0,03:53
Stepdad,Alex Cameron,111.0,04:15
Never Knew Love Like This,"Alexander O'Neal,Cherrelle",104.0,05:09
Like That,Alextbh,104.0,04:07
Pretty In Pink,Alice Chater,112.0,03:59
Feel Safe,All We Are,113.0,04:27
Nothing to Hide,Allah-Las,100.0,03:40
That Good Ship,"AllttA,20syl,Mr. J. Medeiros",100.0,04:02
Paloma,"Alpha P,DJ Tunez,D3AN",113.0,04:49
Kaleidoscope Love Kaytranada Edition,"AlunaGeorge,KAYTRANADA",115.0,05:48
Can't Fall Asleep To A Lullaby,America,118.0,03:46
Curious,Amerie,105.0,03:24
New Love,Amos Lee,114.0,03:45
Angels,Amy Grant,103.0,04:12
Footballers Wife,Amy Macdonald,100.0,05:05
Powda 4 the Hoes,Andre Nickatina,108.0,04:11
Dont Give Up On Me,Andy Grammer,113.0,03:16
Candy Rain,Andy Mineo,116.0,04:03
Trivia Murder Party: Credit Song,"Andy Poland,Brian Chard,Mike Finney",110.0,04:18
Priceless,Anfa Rose,113.0,03:56
Red Zone Wildin,Anfa Rose,106.0,03:44
My Story,"Anilyst,Youseff FreeForever",118.0,03:49
I Wanna Be,Ann Marie,110.0,03:33
Beware,Ann Peebles,110.0,03:09
2 Cool 2 Care,Anna Burch,118.0,03:49
The Other Side,Anne Murray,118.0,04:08
Legend in My Living Room,Annie Lennox,116.0,03:45
Do Yourself a Favor,Ariel Pink,109.0,03:40
Softly,Arlo Parks,110.0,03:08
Tread Lightly,Armand Hammer,103.0,03:10
Black Mountain Beautiful Love,Arsenal,115.0,05:05
Distance Blank,Art School Girlfriend,116.0,04:24
Kids Again,Artist Vs Poet,113.0,03:36
Miles And Miles Of Texas,Asleep At The Wheel,106.0,03:22
Smokey Blues,Aswad,102.0,03:09
If I Was Santa Claus,"Atmosphere,Slug,Ant",101.0,03:50
Fishing Blues,"Atmosphere,Slug,Ant,The Grouch",105.0,03:40
Slower,Austin Burke,100.0,03:04
What We Done?,Austra,110.0,05:00
Separated Remix,Avant,108.0,04:15
Rent to own,Az is,115.0,03:30
Claustrophobic,Azizi Gibson,105.0,03:25
Lost At Sea Illa Illa 2,"B.I,Bipolar Sunshine,Afgan",101.0,03:25
Reach,"BJ The Chicago Kid,AFROJACK",107.0,03:10
WakingUpCrying,BONES,112.0,03:02
Falling Apart,BROODS,109.0,04:21
Overbored,Babygirl,108.0,03:26
Woah,Baeza,105.0,03:10
Show Me Naomi,Bahamas,102.0,03:50
Dope,"Bali Baby,Cooley",116.0,03:41
Dirty Game,Bankroll Fresh,118.0,04:20
Poppin Shit,Bankroll Fresh,108.0,03:06
Hundreds on Em,"Bankroll Mafia,PeeWee Roscoe,Shad Da God",105.0,04:15
Come Tomorrow,"Barbra Streisand,Barry Gibb",108.0,05:01
Barack Obama Special,Bas,104.0,03:07
Without U,Beach Goons,114.0,04:04
We Are Waves,Beat!Beat!Beat!,119.0,03:14
Thats Not Us,Beatrice Eli,116.0,04:43
Everything You Say,Beatrich,111.0,03:23
Superstar,Beatrich,115.0,03:37
When The Night Feels My Song,Bedouin Soundclash,109.0,03:07
Flesh And Blood,Bee Gees,106.0,04:42
Rooftop,Beissoul & Einius,118.0,03:33
Finally,Bell Biv DeVoe,112.0,04:21
Slow Down,"Berner,Wiz Khalifa",100.0,03:41
Choices,Bernhoft,110.0,03:47
Triple Threat,Betcha Gang,105.0,03:06
Jazz Man,Beth Hart,115.0,03:51
Hang On In There Baby,Bette Midler,109.0,06:03
Big Black Heart,"Better Oblivion Community Center,Conor Oberst,Phoebe Bridgers",102.0,03:26
FIND YOUR WAY BACK MeLo-X Remix,"Beyoncé,Melo-X",119.0,03:36
Maddest Kind Of Love,Big Bad Voodoo Daddy,113.0,05:04
The Ghost Of Smokey Joe,Big Bad Voodoo Daddy,103.0,05:29
Chance,Big Country,108.0,04:25
Pimpin Aint Easy,Big Daddy Kane,100.0,04:13
Rap Summary Lean on Me,Big Daddy Kane,105.0,04:21
Dangerous,"Big Data,Joywave",103.0,04:40
Po it Up,"Big Moe,Z-Ro,Hawk",100.0,04:11
Softdrink,Bilderbuch,100.0,05:00
Too Many Birds,Bill Callahan,113.0,05:27
E.T.,Billie Eilish,105.0,03:30
HI,Billie Eilish,105.0,03:30
Give Up,Birdy,112.0,04:00
10 Missed Calls,"Black Coffee,Jozzy,Pharrell Williams",108.0,03:57
Promise,Black Rebel Motorcycle Club,104.0,04:46
Blacka,Blackalicious,118.0,03:26
Green Light: Now Begin,Blackalicious,101.0,03:12
90s Girl,Blackgirl,102.0,06:55
Anyone Else,Blake Shelton,112.0,04:21
No Cap,Blake and Miles,105.0,03:20
Picking Up Pieces,Blue October,108.0,04:21
The Weatherman,Blue October,115.0,05:31
We Know Where You Go,Blue October,110.0,04:23
Feelings,"BlueBucksClan,Bino Rideaux",100.0,03:31
Heart Of Mine,Bob Dylan,109.0,04:29
Dont Hold Back,Bob Moses,114.0,05:01
Blind Love,Bob Seger,102.0,04:23
Girlfriend,Bobby Brown,101.0,06:16
The Alibama,Boney M.,119.0,03:10
Bongeziwe Mabandla - Ngawe Mama English Translation,Bongeziwe Mabandla,107.0,03:51
Takin' My Time,Bonnie Raitt,119.0,03:43
"Good Man, Good Woman","Bonnie Raitt,Delbert McClinton",107.0,03:33
Nervous,Boogie Down Productions,113.0,04:12
London,"Booka600,Gunna",115.0,03:45
On a Dick,Boosie Badazz,102.0,03:45
Godzilla,"Boss Hogg,Lil'est Godzilla",102.0,03:45
Lets Get Down,"Bow Wow,Birdman",105.0,04:41
Don't Cry,Boy George,100.0,04:07
Just Hold On,Boyz II Men,102.0,04:48
Young Buck,"Braids,DJ Python",115.0,04:29
Step to the Rear,Brand Nubian,100.0,04:00
Twerk It Like Miley Dawin Remix,"Brandon Beal,Christopher,Dawin",104.0,03:18
Forever,Breaking Benjamin,108.0,03:54
Cold World,Brennan Savage,110.0,03:46
Cheat On Me,Bri Bagwell,114.0,03:38
Trap Out the Uber,"Bricc Baby,Chris Brown",110.0,04:26
Move My Body,Bridget Kelly,106.0,03:37
Deep Sea Diver,Briston Maroney,108.0,03:42
Breathe on Me,Britney Spears,112.0,03:43
Bury Me,"Brodinski,Bricc Baby Shitro,Maluca",105.0,03:32
Angelo,Brotherhood of Man,117.0,03:19
Rat Tail File,Brown Bird,115.0,03:08
Devils  Dust,Bruce Springsteen,111.0,04:58
Self Righteous,Bryson Tiller,100.0,04:01
Bleep Freestyle,Bt Jeremy,116.0,03:40
Play Too Nice,Byron Juane,100.0,03:25
Wheres Waldo?,C.M.L.,117.0,06:28
When You Sleep,CAKE,110.0,03:58
Give It Up,CRSB,102.0,03:33
St. Paul,Caitlyn Smith,117.0,03:56
Put Em on a Shirt,"Calboy,Yo Gotti",107.0,04:12
Petrified,Call Me Karizma,114.0,03:06
Back and Forth,Cameo,112.0,06:32
This one time I went to a coffee house because some guy I knew was playing and I just sat there for an hour and didnt talk to anyone and then I came home and wrote this song,Car Seat Headrest,115.0,05:04
Unfinished: Pain Star If heaven is full of people...,Car Seat Headrest,115.0,05:04
War Is Coming If You Want It,Car Seat Headrest,100.0,03:26
Nobody Knows Im Here,"Carlos Cabezas,Jorge García",102.0,04:37
Dear Miss Loretta,"Carly Pearce,Patty Loveless",100.0,03:40
Julien,Carly Rae Jepsen,119.0,03:54
Hold What You've Got,Carly Simon,103.0,04:41
Stress,Casanova,104.0,03:18
Stamina,Cassie,110.0,03:16
Gettin Grown,CeeLo Green,100.0,04:13
Love rehab,"Chaim,Meital De Razon",118.0,07:40
Sexy Black Timberlake,Channel Tres,117.0,03:43
Figure It Out,Chaos Chaos,112.0,03:17
Ten Feet Tall,Charlie Hickey,110.0,03:44
I THINK IM LOST AGAIN,Chase Atlantic,102.0,03:31
Mandocello,Cheap Trick,100.0,04:46
When You Need Someone,Cheap Trick,103.0,05:18
I Only Say Im Sorry When Im Wrong Now,Cheekface,116.0,03:14
Don't Come Around Tonite,Cher,112.0,04:34
Been Around,"Chevy Woods,Wiz Khalifa",108.0,04:50
Bookey,Chip,115.0,03:46
Discover,Chris Brown,116.0,04:25
Say Goodbye Remix,Chris Brown,115.0,04:49
Technology,Chris Brown,116.0,03:28
Get Back,"Chris Echols,3jay",100.0,04:47
Seamless,Chris Grey,114.0,03:09
Crack That Mould,Chris Rea,102.0,04:33
Good News,Chris Rea,117.0,03:55
If Thats What You Want,Chris Rea,110.0,04:03
Adult Swim Pt.2,Chris Travis,111.0,03:03
Call Me,Chris Travis,105.0,03:39
Smoke That Shit,Chris Travis,111.0,03:45
Lullaby,"Chris Webby,Bria Lee",114.0,03:27
Best Sex,Chris and Tina,105.0,05:54
Georgia,Clairo,105.0,04:20
I Forgot,Clara Mae,100.0,03:04
I Miss You DRAM Remix,"Clean Bandit,Julia Michaels,DRAM",105.0,03:25
Hotel Stay,Client Liaison,106.0,04:44
All That Matters,Cliff Richard,110.0,03:51
Never Be Anyone Else But You,Cliff Richard,107.0,04:04
Some People,Cliff Richard,110.0,03:51
A Misunderstood Man,Cliff Richard/The Elements,110.0,04:42
Wherever You Go,Clint Black,117.0,04:12
So Hard,Clément Froissart,115.0,03:04
If I Were You,Collin Raye,117.0,04:05
Back to the Cave,Colonel Suns,105.0,03:37
Moses of the South,Colour Revolt,116.0,05:04
Sweet Love,Commodores,101.0,06:33
Aw Here It Goes Mashup,Coolio,105.0,05:34
Horse Soldier Horse Soldier,Corb Lund,111.0,05:12
Way Back Home,"Cordae,Ty Dolla $ign",117.0,03:19
Tell Me,Corinne Bailey Rae,110.0,04:08
Call me the devil,Corizo,110.0,04:45
Idaho,Cosmo's Midnight,115.0,03:37
Snare,"Cosmo's Midnight,Wild Eyed Boy",110.0,03:21
New Speedway Boogie,Courtney Barnett,108.0,05:20
Sunday Roast,Courtney Barnett,115.0,04:44
500 Horses,Cousin Stizz,106.0,04:10
Everywhere,Cranes,117.0,03:41
Boss Right Now,Creek Boyz,110.0,03:18
Liar Liar,Cris Cab,107.0,03:33
Just Breathe,Crooked Colours,112.0,03:37
My Cocks On Fire,Crowded House,116.0,03:32
Lost,"Cupidon,narou,Kaisha",107.0,03:04
Desire,Current Joys,106.0,03:43
The Good,Cynthia Erivo,108.0,03:29
I Aint Goin Out Like That,Cypress Hill,101.0,04:27
When We Get By,D'Angelo,109.0,05:44
Pure,D-Block Europe,116.0,03:35
Tiff's Back,D. Tiffany,115.0,06:06
Slow Whine,"DJ Kash,Demarco,YFN Lucci",119.0,03:20
Ooo,"DJ Maphorisa,Kabza De Small,Young Stunna,Zingah,Madumane",112.0,07:30
No Guidance Remix,"DJ Noiz,Rellek Brown,Kennyon Brown",100.0,04:07
Dying Fast,DJ Thunder Bass,115.0,04:27
Houdini Crush,DJNESS MUSIC LOVER,116.0,03:26
Mind,"DMW,Davido,Dremo,Mayorkun,Peruzzi",115.0,03:55
Assume the Worst,DRAMA,100.0,05:21
Home,"DRKTMS,Milesikco",118.0,03:19
STICKED UP,"DaBaby,21 Savage",115.0,03:06
Instant Crush,"Daft Punk,Julian Casablancas",110.0,05:37
Believe,Damar Jackson,112.0,03:02
One way wind,Dana Winner,110.0,03:51
Middle Child,Daniel Romano,100.0,03:48
Index,Danielle Licari,116.0,04:02
Call Me on the phone,Dante Elephante,113.0,04:05
Devils Plaything,Danzig,105.0,04:13
Open My Eyes,"Dashboard Confessional,Lindsey Stirling",110.0,03:42
Cheap Sofa,Dave B.,100.0,03:54
Stolen Away on 55th  3rd,Dave Matthews Band,104.0,04:16
Marry Me,"David Banner,Rudy Currence",115.0,04:17
It's In Everyone Of Us,David Pomeranz,118.0,04:20
Fires,David Ramirez,118.0,07:39
Somewhere Along the Way,Dawes,119.0,05:39
The Way You Laugh,Dawes,114.0,03:48
FBI Open Up,Day by Dave,102.0,03:11
Snoopies,"De La Soul,David Byrne",102.0,04:15
Chocolate Girl,Deacon Blue,100.0,03:16
Dirty Dishes,Deer Tick,106.0,03:17
Nervous Breakdown,Deeziimusic,113.0,03:04
Polishing Peanuts,Deluxe,103.0,03:28
T-ara - Roly Poly English Translation,Deluxe Project,116.0,03:30
I Found Love,Deniece Williams,103.0,03:37
Toxic Love,"Deno,Jade Silviia",115.0,03:08
Stay,"Devault,NJOMZA,Bipolar Sunshine",114.0,04:51
I Want You,Devin Vasquez,105.0,03:30
Refuse,Devon Baldwin,115.0,03:45
One of Those Things,Dexys Midnight Runners,100.0,05:57
Its Your Move,Diana Ross,117.0,03:35
A Breath Taking Guy,Diana Ross & The Supremes,107.0,03:31
You Gets No Love (Remix),"Diddy,Faith Evans,112",110.0,05:01
Through The Pain (She Told Me),"Diddy,Mario Winans",104.0,05:28
Its Good to be Here,Digable Planets,103.0,05:06
Kind,Dillon,115.0,03:38
Six Blade Knife,Dire Straits,117.0,04:12
Ticket to Heaven,Dire Straits,117.0,04:24
Time for a Change,Dizzy Wright,103.0,03:46
Personal Lies,Djo,110.0,04:59
Paint Them A Picture,Doja Cat,100.0,03:51
The 76,Dom Kennedy,118.0,04:18
No Wahala,Don Khalifa,107.0,03:17
Sing Me Back Home,Don Williams,110.0,03:58
The Nightfly,Donald Fagen,106.0,05:47
Tomorrows Girls,Donald Fagen,118.0,06:17
U Know Whats Up Rap Remix,"Donell Jones,Lisa \Left Eye\"" Lopes""",103.0,04:03
Can't Get To Sleep At Night,Donna Summer,117.0,04:41
In Another Place And Time,Donna Summer,115.0,03:22
Gentle Boy,Donny Hathaway,114.0,06:53
Stack-a-Lee,Dr. John,119.0,03:29
Part 2: Electric Boogaloo,Dr. Reknaw,112.0,04:09
God Youre So Good Live,Drake,112.0,04:58
Know Yourself,Drake,114.0,04:35
305 To My City,"Drake,Detail",112.0,04:15
A Night Off,"Drake,Lloyd",104.0,03:13
Company,"Drake,Travis Scott",108.0,04:12
Genesis,Dua Lipa,113.0,03:25
Cautionary Tale,Dylan LeBlanc,117.0,03:40
Straight Mobbin,"E-40,Ezale,Vell",100.0,03:16
Gold Digger,EPMD,105.0,05:10
The Big Payback,EPMD,103.0,04:50
No More Cloudy Days,Eagles,115.0,04:03
Amsterdam Sweet Mary Jane,Ed Sheeran,107.0,03:14
What Do I Know?,Ed Sheeran,115.0,03:57
You Break Me,Ed Sheeran,107.0,03:14
Wanna,Eddie Lovette,114.0,03:58
Good Times,Elderbrook,105.0,03:14
1 4 Me,Electric Guest,104.0,03:06
Birthday,Electric Guest,100.0,03:38
90s Girl,Elijah Melo,100.0,03:51
Big City,Eliza Doolittle,115.0,03:19
Dreaming backwards,Ella Vos,108.0,03:33
Real Emotions,"Elliott Trent,Eric Bellinger",119.0,03:51
True Love,Elton John,113.0,05:04
Pidgin English,Elvis Costello & The Attractions,108.0,03:58
Someone Else,Emotional Oranges,102.0,03:15
Stronger Than Me,"Empire Cast,Tisha Campbell,Opal Staples,Melanie McCullough",113.0,03:26
I Worship Devil Shit,Evil Pimp,116.0,05:27
Im Trippin,FBG Duck,105.0,04:53
The Enemy,Fabvl,103.0,03:08
Edge of the World,Faith No More,116.0,04:10
Feel Ugly,"Farhot,Suff Daddy",118.0,04:44
Boondigga,Fat Freddy's Drop,109.0,06:00
Silver Walls,Fat Freddy's Drop,100.0,06:10
Get It Poppin,"Fat Joe,Nelly",101.0,03:25
Going Crazy,Fat Trel,118.0,04:13
Big Emblem Benz,Father,113.0,03:11
Room Temperature,Faye Webster,111.0,04:04
10 Toes,Fenix Flexin,105.0,03:49
PesoFlexin,"Fenix Flexin,Peso Peso",106.0,03:20
Like It Aint Nuttin,Fergie,100.0,03:45
Gangsta Love,Fetty Wap,116.0,03:07
Postcard,First Aid Kit,116.0,03:46
Afterlife,"Flatbush Zombies,Zombie Juice,Erick the Architect",110.0,03:14
Rattlesnake Shake,Fleetwood Mac,101.0,03:29
Mounted Up,Fly Rich Double,117.0,03:36
2006,Foo Fighters,101.0,04:02
Menace,Forever Golden,100.0,03:02
The End And The Beginning,Forgive Durden,100.0,05:52
Nobodys Biz,"Four Fists,P.O.S,Astronautalis",115.0,04:45
Hands to Myself,"Francinne,Jesse Passos",111.0,03:31
Bullies of the Block,Freestyle Fellowship,102.0,04:59
Facing the Sun,Fritz Kalkbrenner,104.0,05:13
Solo,Future,111.0,04:25
L.C.S.,"G-Eazy,Coi Leray,Kaliii",100.0,03:10
Distant,GASHI,115.0,03:40
Medicate,Gabbie Hanna,112.0,03:24
Today,Gabbie Hanna,118.0,03:06
Hurt,Gabrielle Aplin,116.0,04:13
Comin for Datazz,Gang Starr,100.0,04:01
Whos Gonna Take the Weight?,Gang Starr,106.0,03:56
Cherry Lips Go Baby Go,Garbage,116.0,03:12
Bed of Thorns,Gary Numan,106.0,05:24
I Can't Breathe,Gary Numan,100.0,05:45
Love Needs No Disguise,"Gary Numan,Dramatis",119.0,04:38
The True One,Gene Clark,108.0,03:59
Taking It All Too Hard,Genesis,109.0,03:58
Love X Love,George Benson,115.0,04:46
The Ghetto,George Benson,112.0,04:56
Computer Games,George Clinton,108.0,04:47
This Guitar,George Harrison,116.0,04:13
A Heart Like Hers,George Strait,103.0,03:24
Ipswich,Georgi Kay,100.0,03:04
Forever,"Gesaffelstein,The Hacker,Electric Youth",118.0,04:31
Time,Ginette Claudette,116.0,04:33
Try It Out / Poner a Prueba,Gino Soccio,114.0,08:16
It's Time,Glee Cast,106.0,03:43
Tell the-Girl,"Golden Vessel,Emerson Leif",116.0,03:39
Farewell To Annabel,Gordon Lightfoot,106.0,03:33
Thanks for Your Time,Gotye,100.0,04:18
Im Crying Mothers Tears,Grace Jones,115.0,04:34
Country Road,Grand Funk Railroad,103.0,04:22
The Message,"Grandmaster Flash,The Furious Five",101.0,03:14
Duprees Diamond Blues,Grateful Dead,101.0,03:39
Tuesday Letter,Greensky Bluegrass,105.0,03:48
What You Need,Greensky Bluegrass,104.0,06:49
Sweet Child of Mine,Gregorian,114.0,05:47
Drip Talk,"Guap Tarantino,Lil Duke,Lil Gotit",104.0,03:09
Alpha Remix,"Guapdad 4000,Bfb Da Packman",100.0,03:12
Body Horror,Gud,116.0,04:07
Ego,Gungor,110.0,03:36
Break Me Down,"Guordan Banks,Wale,Omelly",118.0,04:31
Dont Wanna,HAIM,107.0,03:21
Satan Luella  I,HMLTD,105.0,06:29
A Fabricated Life,HNNY,117.0,05:12
Tykwer,HVOB,105.0,08:07
Lessons,Ha Ha Tonka,113.0,05:05
Alone,"HappyBirthdayCalvin,BJRNCK",100.0,04:06
Short  Sweet,Hardy Caprio,100.0,03:10
She Knows,"HarrySong,Fireboy DML,Olamide",108.0,03:18
Gas and Matches,Headphones,103.0,03:23
Medieval,Her's,115.0,05:33
"Jesus, Jesus","Hillsong Worship,Integrity's Hosanna! Music,Darlene Zschech",107.0,04:28
Honeymooning,Holy Motors,103.0,03:39
Powerful Man,Hop Along,112.0,03:25
Im Nothing Without You,Horace Nahum,109.0,03:22
No Doubt About It,Hot Chocolate,104.0,04:29
I Like to Fuck,Hot Rod,115.0,03:12
Just How I Feel Pt. 1,Hotel Books,110.0,04:56
I'd Like That,"Houston,Chingy,Nate Dogg,I-20",107.0,03:56
It Was U,How To Dress Well,114.0,03:06
Big Man,Hyperaptive,119.0,03:04
Slide,IDER,117.0,04:09
Blame My Friends The Gang,IDK,113.0,04:02
Grounds,IDLES,101.0,03:08
Say It With Your Body,INNA,100.0,03:02
Afterglow,INXS,105.0,04:08
Wind In The Confessional,"ITSOKTOCRY,hafbros",118.0,03:16
Come Inside Of My Heart,IV Of Spades,113.0,04:06
How I Act Remix,Ice Cube,101.0,03:44
When I Dont Have You,Idarose,100.0,03:07
Looks Could Kill,Illy,110.0,03:54
Im Not So Tough,Ilse DeLange,117.0,04:27
Fairy Tale,Inayah,114.0,04:11
Moment Of Forgiveness,Indigo Girls,100.0,03:11
10000 Armies,"Influence Music,Michael Ketterer",117.0,07:08
Eden,"Inkyz,Drama B",110.0,03:49
Never Had it Made,Insane Clown Posse,101.0,05:45
Psychopathic,Insane Clown Posse,113.0,04:43
Whiskey and Weed,Ira Wolf,100.0,03:27
Tear U Down,"Iris Temple,Xavier Omär",118.0,03:32
Right Now,Isaac Carree,116.0,05:40
SHE,Isac Elliot,117.0,03:33
Streets of Gold,Isaiah Firebrace,116.0,03:45
1985 DJ Premier 1966 Remix,J. Cole,100.0,04:52
Reddit AMA,J. Cole,100.0,04:52
Tribe,J. Cole,100.0,04:52
Opp Block,JJ Esko,100.0,03:14
Like Home,JOY.,110.0,03:23
The Mob Rap Pt. 4,JT Music,100.0,03:45
Bitch Betta Have My Money,Ja Rule,107.0,03:28
Lost,"Jack and White,Brooke White",110.0,03:45
Cut It Away,Jackson Browne,118.0,04:46
Tender Is the Night,Jackson Browne,113.0,04:53
Come Thru Remix,Jacquees,112.0,04:51
Moon Rider,"Jai Wolf,Wrabel",105.0,03:38
On My Way,Jain,100.0,03:24
Naked,Jake Scott,100.0,03:27
The Stump,Jam Baxter,115.0,05:15
Steak Night at the Prairie Rose,"Jam in the Van,Mike and the Moonpies",117.0,04:38
Succulent,James Bambu,118.0,03:09
Im Real,James Brown,106.0,05:32
Yah Mo B There,"James Ingram,Michael McDonald",118.0,04:39
Motors Too Fast,James Reyne,118.0,04:13
Street,Jamie Woon,110.0,03:09
Smoke and Mirrors,Jayn,100.0,04:42
Never Too Faded,Jazz Cartier,106.0,03:34
See You In Hell,Jazz Cartier,115.0,05:51
I human feat. paul randolph,"Jazzanova,Paul Randolph",117.0,05:07
Grape Soda,"Jean Deaux,Kehlani,ROMderful",102.0,04:16
To Be a Ghost...,Jeff Rosenstock,115.0,04:02
Im Honestly Not A Gangster,Jerry Folk,116.0,03:56
Sangria Wine,Jerry Jeff Walker,118.0,04:27
Where You Are,"Jessica Simpson,Nick Lachey",116.0,04:31
Lyin King,Jhené Aiko,119.0,03:33
Wading,Jhené Aiko,112.0,04:36
Breathe In Breathe Out Move On,Jimmy Buffett,113.0,03:17
"Breathe In, Breathe Out, Move On",Jimmy Buffett,113.0,03:17
DRUGS,Jimothy Lacoste,110.0,03:34
Exceptional,JoJo,110.0,03:43
Made For You,Joakim Lundell,105.0,03:34
Save Me,Joan Thiele,101.0,03:46
Cheeks,"Job Jetson,Pizzle",102.0,03:14
Good Feeling,"Jodie Abacus,MXXWLL",110.0,03:14
Dont You Want Me,"Jody Watley,Michael Hutchinson,Francois Kevorkian",112.0,04:13
GIRLS @,"Joey Purp,Chance the Rapper",110.0,03:32
The Fear,Joey Vantes,116.0,03:19
Thats The Good News,John Grant,101.0,04:12
Touchdown,John Maus,100.0,03:41
Slow Down Easy,John Moreland,115.0,04:55
The Good Old Days,John Paul White,118.0,03:47
Price Of Love,John Waite,105.0,04:29
These Days R Mine,Johnny Goth,115.0,03:28
I Wont Beg You Anymore,"Johnny Rain,Alina Baraz",113.0,04:31
I Hear You Now,Jon & Vangelis,115.0,04:48
3 Types,Jon Kennedy,100.0,04:18
War Paint,Jonah Marais,116.0,03:20
Come to Me,Joohyun Park,105.0,03:30
More Than Me,Jordan Cahill,107.0,03:11
ATM,"Jose Guapo,MPA Duke",111.0,04:11
New Orleans,"Jr., Harry Connick",108.0,03:40
With You,"Juls,Eugy Official,Maleek Berry,Stonebwoy",101.0,04:43
U Make Me Sweat,Jungle Brothers,111.0,04:01
Dangerous Love,Justice Carradine,105.0,03:11
U Smile Acoustic,Justin Bieber,112.0,03:16
Eyes Open,Justin Stone,116.0,03:22
Sorry,Justin Stone,110.0,03:02
Step Out The Lamb,"K CAMP,Wiz Khalifa",100.0,04:14
Top 10,"K CAMP,Yella Beezy",115.0,03:37
Man I Used to Be,K-OS,104.0,05:04
Giving Up on Love,K. Michelle,116.0,03:24
Tell Me,K.I.D.D,110.0,03:48
CHANCES,"KAYTRANADA,Shay Lia",106.0,03:38
Dopamine,KHXOS,108.0,03:56
I Miss You,KIITA,110.0,03:29
Mind If I Stay,Kadebostany,117.0,04:24
No Hope,"Kafka Tamura,Winterkind",116.0,04:12
Bump in the Night,Kage,106.0,04:00
Walls,Kaleem Taylor,110.0,03:01
We Pumpin,Kali Muscle,111.0,04:38
One Love,"Kamaiyah,Netta Brielle,BIG MONEY GANG",102.0,03:12
Pocket Watching,"Kamo Mphela,Tyler ICU,Khalil Harrison,Baby S.O.N",113.0,04:40
Oh So Youre Off I See,Kane Strang,114.0,04:01
Ambitious,Kanye West,110.0,03:35
Strange Love,"Karen O,Danger Mouse",102.0,03:19
Aozora no KNIFE Kitty-N,Katchafire,101.0,04:57
Jealous,"Kehlani,Lexii Alijai",116.0,03:38
Give Me What I Want,Keith Sweat,117.0,05:17
First Impressions,Kele,117.0,03:56
Successful Ready Version,Kendrick Lamar,101.0,04:34
Untitled 8 The Tonight Show,Kendrick Lamar,101.0,04:34
"You Win, I Win, We Lose",Kenny Chesney,107.0,03:24
Midsummer Nights,Kenny Rogers,118.0,03:50
Song for Insane Times,Kevin Ayers,112.0,04:01
Youre Still Dreaming,Kevin Flum,103.0,03:30
All Day,"Kevin Hart,Lil Yachty,PnB Rock",103.0,03:36
Blurry,Keyshia Cole,117.0,04:15
Country Music,Keyshia Cole,117.0,04:15
Demolition 1  2,Keyshia Cole,117.0,04:15
Hotline Bling Remix,Keyshia Cole,117.0,04:15
Loyal Freestyle,Keyshia Cole,117.0,04:15
True Love Interlude,Keyshia Cole,117.0,04:15
8TEEN,Khalid,105.0,03:48
So We Wont Forget,Khruangbin,101.0,04:58
Enjoyment,KiDi,118.0,03:14
Next Question,Kid 'N Play,108.0,05:19
Phantom of the Dance Floor,Kiesza,117.0,03:51
Usher Me,Killa Knox,114.0,07:56
123 dayz up,"Kim Petras,SOPHIE",108.0,03:33
Crazy Love,King George,104.0,04:14
Pistol Whipped,King George,104.0,04:14
Keep Breathing,King Iso,101.0,04:11
Windows Down,"King Lil G,Drummer Boy",112.0,03:30
Riches,"Kingdom Culture Worship,Abigail Smith",100.0,04:43
Drowning,Kings,102.0,03:31
I Still Do,KirbLaGoop,119.0,03:46
The Whole Of The Moon,Kirin J Callinan,108.0,05:20
He Will Supply,Kirk Franklin,106.0,04:26
Sense,Kllo,116.0,03:54
Closer,Klyne,114.0,03:32
Lady-Logic,Kommode,119.0,05:01
Love Like This,"Koni,SVRCINA",108.0,03:47
Dear Professor,Kora,110.0,04:27
Demented,Kora,110.0,04:27
Minas Seduction,Kora,110.0,04:27
Rosa Maria,Kora,113.0,05:16
Skankenstein,Kora,113.0,05:16
The Coldest Goodbye,Kora,113.0,05:16
The Lie of Luck,Kora,113.0,05:16
Whos That Guy,Kora,110.0,04:27
How Would You Feel,Krezip,116.0,03:42
Third World Warrior,"Kris Kristofferson,The Borderlords",112.0,03:07
Lil Boys in da Hood,Kris Kross,103.0,03:03
Fool That I Am,Kula Shaker,112.0,03:55
Agnaye swaahaa,Kultiration,118.0,05:21
Oh Well,Kurt Travis,112.0,03:29
Basketball,Kurtis Blow,104.0,06:26
Back In Time,Kyla,105.0,03:58
With You,"Kyle Lucas,Julius",108.0,03:53
Like a Drug,Kylie Minogue,116.0,03:17
Through the Years,Kylie Minogue,112.0,04:19
Run Away,L.A.X,103.0,03:08
La La La,"LAY,Lauv",118.0,03:08
Hold On,LION BABE,101.0,03:14
Why Do You Think They Call it Dope?,LL COOL J,118.0,03:50
Something Real,"LU2VYK,TRØVES",118.0,03:15
I Wanna Be Your Lover,La Bionda,116.0,03:13
Like Water,Ladi6,102.0,03:10
Submissive,"Ladi6,Leigh Fisher,Sensible J,Silent Jay",110.0,03:11
Bloody Mary The Horrors Remix,"Lady Gaga,The Horrors",100.0,05:18
Forever Autumn,Lake Of Tears,116.0,05:55
The Hustle,Lambchop,111.0,05:28
Land of Dreams,Langhorne Slim,113.0,03:09
Youre a Star,Latasha Lee,102.0,03:17
Something to Believe In,Laura Marano,104.0,03:29
Lovely,"Lauren Babic,Seraphim",115.0,03:01
Pressure,Lauren Cimorelli,100.0,03:09
Catch Me IF I Fall,Lavmore,110.0,03:39
We Walk,"Lawrence Arabia,Tiny Ruins",115.0,03:03
Mulita,Leikeli47,109.0,03:15
Cast,Lemon Demon,110.0,04:10
Bubble,Lennon Stella,118.0,03:45
Little Girls Eyes,Lenny Kravitz,119.0,07:44
Lately,Lera Lynn,106.0,03:57
Paralyzed,"Like Mike,Ricky Hil",114.0,04:14
Keep on Pushing,Lil Jairmy,117.0,03:17
Pay What You Weigh,Lil Keed,110.0,03:03
Snake,Lil Keed,110.0,03:03
16 Lines Original Version,Lil Peep,106.0,04:04
Save That Shit Original Version,Lil Peep,106.0,03:51
Trigger Finger,"Lil Wayne,Soulja Boy",100.0,04:32
Heart Like a Wheel,Linda Ronstadt,105.0,03:44
So Intense,Lisa Fischer,116.0,05:19
Neopolitan Dreams,Lisa Mitchell,114.0,03:13
Easier Day,Little Green Cars,119.0,04:12
Flying,Living Colour,105.0,04:24
Man Enough,Lloyd Cole,118.0,04:03
Appreciation Day,"Lloyd,Khujo Goodie",118.0,03:59
Slow Wine Bass Line Extended Version,"Lloyd,Teddy Riley",119.0,05:43
Tried to Make You My Own,Lo Moon,118.0,05:33
DeLorean,Logic,100.0,04:28
Sanity,Lola Amour,100.0,03:43
Love Is War Rock Ver. English Cover,Lollia,105.0,03:34
Boarding Pass,Lomez Brown,110.0,03:42
Remember Love,Lomez Brown,110.0,03:42
Sweet Impossible Love,Lomez Brown,110.0,03:42
What Your Girl Like,Lomez Brown,110.0,03:42
Xtraloveable,Lomez Brown,110.0,03:42
Red Light,"London Jae,Zuse",100.0,03:20
A Beautiful Mess,"Londrelle,Naomi the Goddess",103.0,04:32
Hangin On A String Contemplating,Loose Ends,103.0,06:01
Out Of My Head,Loote,109.0,03:34
Perfect Places Whethan Remix,Lorde,104.0,03:41
Homemade Dynamite Remix,"Lorde,Khalid,Post Malone,SZA",107.0,03:34
Copenhagen,Lucinda Williams,105.0,04:30
Love is the Best Revenge,Lucy Spraggan,104.0,03:34
Doin This,Luke Combs,115.0,04:14
Superstar,Lydia Murdock,118.0,03:48
Act a Fool,Lyrica Anderson,110.0,03:22
Who Is She,Lyrica Anderson,110.0,03:26
Through Water,Låpsley,108.0,03:01
Dangerous,"M. Pokora,Sebastian,Timbaland",116.0,04:43
In My Mind,"M86,Susie Q",115.0,03:06
Lost My Way,MAX,101.0,03:23
Better,Maggie Rogers,108.0,03:34
The Space Between,Majid Jordan,101.0,04:45
One Day,Major Murphy,103.0,03:49
TrackHawk,Major Nine,103.0,03:07
Own It,Maleek Berry,107.0,03:01
Pulling Me Back,Maleek Berry,114.0,03:09
Walk in the Club,Malu Trevejo,104.0,03:06
Fearless,Mandy Gonzalez,112.0,03:10
Don't Be Denied,Map Of Wyoming,114.0,05:03
Let Go Easy,Maria Lynn,100.0,03:08
Spread Thin,Mariah the Scientist,110.0,03:22
Burning Up,Marianas Trench,118.0,04:05
Ghost Dance,Marianne Faithfull,108.0,03:44
Abraham Martin And John (acoustic),Marillion,106.0,04:03
Cruci-Fiction In Space,Marilyn Manson,100.0,04:56
Drowning,Mario,113.0,03:38
Compulsion,Martin Gore,118.0,05:27
Another Day,Mary Black,113.0,03:54
Nobody Lives Without Love,Mary Black,117.0,05:08
Big Girls,Masego,114.0,03:08
Spying Glass,Massive Attack,102.0,05:20
I Against I,"Massive Attack,Mos Def",100.0,05:41
October Sun,Matt Berry,106.0,05:24
What A Time To Be Alive,Matt Pless,115.0,03:19
I Dont Speak the Language,Matthew Wilder,110.0,03:04
OFF,Maxwell,113.0,04:38
Out of Pocket,Mayer Hawthorne,105.0,03:22
Before I Let Go,"Maze,Frankie Beverly",103.0,03:56
Look at California,"Maze,Frankie Beverly",103.0,08:36
She Hangs Brightly,Mazzy Star,106.0,03:16
Glide,McClenney,117.0,05:53
Pearl,McClenney,103.0,03:48
You Will Be Mine,"Me And That Man,Matt Heafy",110.0,03:52
Don't Leave Your Mark On Me,Meat Loaf,109.0,04:08
Crying in the Car,Megan Thee Stallion,102.0,03:12
Toxic The Voice Performance,Melanie Martinez,118.0,03:49
Fools Paradise,Meli'sa Morgan,100.0,05:00
I Want to Come Over,Melissa Etheridge,114.0,05:24
What You Think of That,"Memphis Bleek,JAY-Z",103.0,04:40
You Can Dance If You Want To,Men At Work,107.0,03:42
Your Love Is Like A Flower,"Micah Dailey-White,Headband Henny,Mickey Doo",101.0,03:32
It's The Falling In Love,Michael Jackson,106.0,03:47
MJ,Michael Jackson,114.0,03:40
Cold Little Heart,Michael Kiwanuka,110.0,03:30
Lasan,Michael Kiwanuka,110.0,03:30
Gloria,Michael W. Smith,111.0,05:01
Way You Write,Michelle Gurevich,106.0,04:22
Gold Chains,Mick Middleton,107.0,03:30
Sunrise Tells The Story,Midland,110.0,03:27
Copy Me,Migos,115.0,04:40
To The Moon,Miguel,118.0,03:23
Oh No,Mike Froh,110.0,03:20
But Why,Mike Ryan,116.0,03:22
Someone To Love,"Mike WiLL Made-It,2 Chainz,Cap 1,Skooly",116.0,05:02
January,Millie Turner,100.0,03:06
Shes a Bitch,Missy Elliott,111.0,04:00
Spelling Bee,Missy Elliott,103.0,03:33
Super Sic Wit It,"Mistah F.A.B.,E-40,Turf Talk",100.0,03:30
Another Woman,Moby,111.0,03:56
We Are All Made of Stars,Moby,112.0,04:33
Trump Is on Your Side,"Moby,Heartland Choir",113.0,03:08
Don't Give Up,Modern Talking,112.0,03:19
You're My Heart - You're My Soul,Modern Talking,117.0,05:34
Never Give Up on Love,"Moeazy,KADI",110.0,03:46
I Want You But I Dont Need You,Momus,100.0,04:47
Dont Ask Why,"Moon Boots,Kyiki",103.0,04:58
Knockabout World,Morrissey,106.0,03:25
BEAT IT UP Mortimer Goth Diss,Mortimer,116.0,05:09
Doo Wop Freestyle,Ms. Lauryn Hill,100.0,05:20
His Eye Is On The Sparrow,Ms. Lauryn Hill,100.0,05:20
New President,Mt. Joy,116.0,03:56
Green Light District,"Mustard,Migos",101.0,03:12
Highly Suspicious,My Morning Jacket,119.0,03:04
Together,Mystery Skulls,105.0,04:09
Wild Youngster,"NEZ,ScHoolboy Q",109.0,03:26
Little Bit,"NOVO,Merezz,TimmyTheNomad",112.0,03:45
Natural Disaster,NSG,100.0,03:15
Samba,NSG,100.0,03:03
Seconds,"Nadine Lustre,CARELESS",100.0,03:53
Who Are You,"Nas,David Ranier",113.0,03:44
You Owe Me feat Ginuwine,"Nas,Ginuwine",110.0,04:47
Loco,"Nasty C,Cassper Nyovest",105.0,04:06
Dont Do It,"Nasty C,Tellaman",113.0,04:16
King of the World,Natalie Grant,118.0,03:36
Pocket Full Of Memories,Nathan Haines,110.0,04:38
A Little Honey,Nathaniel Rateliff & The Night Sweats,110.0,04:07
Babe I Know,Nathaniel Rateliff & The Night Sweats,110.0,04:07
Face Down In The Moment,Nathaniel Rateliff & The Night Sweats,110.0,04:07
Ive Been Failing,Nathaniel Rateliff & The Night Sweats,110.0,04:07
Say It Louder,Nathaniel Rateliff & The Night Sweats,110.0,04:07
The Future,Nathaniel Rateliff & The Night Sweats,110.0,04:07
Trying So Hard Not to Know,Nathaniel Rateliff & The Night Sweats,110.0,04:07
What If I,Nathaniel Rateliff & The Night Sweats,110.0,04:07
Home on Time,"Nedarb,Wicca Phase Springs Eternal",116.0,04:16
Desiree,Neil Diamond,118.0,03:17
Don't Be Cruel,Neil Diamond,107.0,03:46
No More,Neil Young,115.0,06:06
Playa,"Nelly,Mobb Deep,Missy Elliott",100.0,03:56
Funky Funky Xmas,New Kids On The Block,106.0,05:06
You Got It,New Kids On The Block,112.0,04:09
Atmosphere,New Order,116.0,04:12
Choices,Nic Hanson,100.0,03:32
Dream Girl,"Nick Cannon,Jerimih,Fat Money,Quavo",108.0,04:10
Slow Motion,Nick Gray,110.0,03:32
Friends,Night Tales,118.0,04:34
My Love,NightCove_thefox,100.0,03:55
Smoke On,Nightmares On Wax,115.0,05:48
Satellite,Nine Inch Nails,113.0,05:02
Guess Who It Is,"Nipsey Hussle,Belly,Dom Kennedy",108.0,06:01
Sunset,Nitin Sawhney,100.0,04:45
Grandpa Was A Carpenter,Nitty Gritty Dirt Band,107.0,03:23
Last Time I Lie,No Resolve,114.0,03:42
Grown Up,No Wyld,100.0,03:32
Miami,Noah North,115.0,03:07
Too Smooth,"Notaker,Grey MTTR",112.0,03:08
I Dont Speak Human,OMNIA,108.0,04:36
Down,Oh Wonder,102.0,03:03
Coffee Boi,Okey Dokey,108.0,03:03
At your service,Olamide,105.0,03:12
All I Got,Oliver Tree,105.0,03:38
Bad Girlfriend,Olivia Holt,115.0,03:14
Today,"Omar Apollo,Teo Halm",102.0,03:14
Im Tryna,Omarion,113.0,04:22
Open Up,Omarion,102.0,03:40
Steam,Omarion,107.0,03:36
Rollin,"One Acen,Hardy Caprio",104.0,03:10
Rain on Me,Only Fire,105.0,03:16
Faded,Opia,103.0,03:25
Rip It Up,Orange Juice,103.0,05:20
Lucifer In Love,Ordo Rosarius Equilibrio,100.0,05:00
Missed Calls,"Original God,Foreign Forest",118.0,03:15
Feelin Good,Otf Nunu,108.0,03:18
Use Me,PLAZA,115.0,03:58
A Flower,Paolo Nutini,105.0,03:41
Forever,Papa Roach,108.0,04:06
Hideout,Parcels,108.0,04:26
Rap Charlamagne,Pardison Fontaine,110.0,04:39
Way,Paris Lain,105.0,03:39
I Cant Breathe,Parker McCollum,114.0,04:17
Louboutins,Party Tyme,105.0,03:42
Rated X,Pat Benatar,114.0,03:17
From The Back,"Pat Lok,Sam Fischer",116.0,03:07
Goldfish,Pat Ryan,115.0,03:39
Patagonia,Patawawa,119.0,03:25
Glory,"Patina Miller,The Players",118.0,05:54
I Owe It All To You,Paul McCartney,112.0,04:51
Sumn Like A Pimp,Paul Wall,109.0,06:29
Harness Your Hopes,Pavement,108.0,03:26
Summer Babe 7 Version,Pavement,108.0,03:26
Bu$hleaguer,Pearl Jam,101.0,03:57
Everyday  Everynight,Pee Wee Gaskins,100.0,03:14
Pretty Things,Pell,111.0,03:44
If You Leave Me Now,Peter Cetera,101.0,04:22
Lost and Found,Peter Hammill,105.0,07:33
Against All Odds,Phil Collins,116.0,03:26
Her Mystery,Phillip Phillips,103.0,03:39
Funky Squaredance,Phoenix,114.0,09:39
Chi-Town,Phor,115.0,04:06
Everybody Knows,Phora,114.0,04:04
Why?,Picasso Madonna,100.0,03:12
Kissing in Cars,Pierce The Veil,113.0,04:17
So Gangster,Pigeon John,100.0,03:37
What Do You Want From Me,Pink Floyd,104.0,04:21
As Time Was Passing By,Pional,113.0,04:27
The Way That You Like,"Pional,Empress Of",114.0,03:45
Is She Weird?,Pixies,110.0,03:01
This Time Im in It for Love,Player,104.0,04:25
Somethin 4 You Raggedy Hos,Poison Clan,105.0,04:14
Hang With Me,"PoppyH,504icygrl,Lil IceBerg",100.0,04:05
Be Apart,Porches,110.0,03:05
Lightbulb Sun,Porcupine Tree,100.0,05:31
Phase II,Porcupine Tree,102.0,17:30
Peer Pressure,Pretty Ricky,116.0,03:34
Check the Record,Prince,116.0,03:28
I Wanna Be Your Lover,Prince,115.0,05:47
Soft and Wet,Prince,115.0,03:05
Typical Reasons Swing My Way,Prince Markie Dee And The Soul Convention,103.0,04:27
I Loved Being My Mothers Son,Purple Mountains,108.0,04:20
WHISPER,QQ,112.0,03:22
Take Me To Heart,Quarterflash,114.0,03:32
Another One Bites the Dust,Queen,110.0,03:34
Between You and Me,Queen,110.0,03:34
It's Alright,"Queen Latifah,Faith Evans",102.0,03:45
Another One Bites the Dust Remix,"Queen,Wyclef Jean,Pras Michel",106.0,04:20
Good Advices,R.E.M.,114.0,03:30
Piece of Shit,RATKING,105.0,04:30
Lose Sleep,"REMI,Sensible J,Jordan Rakei",101.0,03:38
FALLEN SOULJAS,"RJAE,Quando Rondo",113.0,03:02
Eyes on Me,Radio Company,115.0,03:28
Quarter To,Radio Company,115.0,03:58
Paperbag Writer,Radiohead,103.0,03:58
Rose Garden,Rae Morris,118.0,03:56
Whoville,Rafael Witt,100.0,03:13
The River,"Raleigh Ritchie,Chris Loco",113.0,03:56
The Mud Remix,"Ramirez,Jeff Mack$,ShyTrip Tha Ghost,Dretti Franks",106.0,05:10
Diamante,Randy Crawford/Zucchero,111.0,04:41
Send My Body,Randy Travis,107.0,03:02
Chic Like You,"Raphael Saadiq,Allie Baba",101.0,04:01
Mystery,Raveena,118.0,04:00
Bad for Me,Raven Felix,100.0,03:31
Feeling Like Love,"Ray J,Kid Ink",100.0,03:28
Ten Toes Down,Ray Vaughn,106.0,03:51
Hit Or Nah Original Version,"Rayven Justice,French Montana",101.0,03:29
Holding Pattern,Real Estate,103.0,03:46
2112,Reality Club,119.0,05:56
For Lack of a Better Word,Reality Club,114.0,04:50
Fade Away,Rebelution,110.0,03:29
Red Velvet - BAMBOLEO English Translation,Red Velvet,106.0,03:45
Red Velvet - In  Out English Translation,Red Velvet,106.0,03:45
Red Velvet - Mr. E English Translation,Red Velvet,106.0,03:45
Red Velvet - Remember Forever English Translation,Red Velvet,106.0,03:45
I Would Die For You,Regine Velasquez,101.0,05:09
Collapsible Lung,Relient K,108.0,03:20
Soundgasm,Rema,100.0,03:24
Started From The Bottom Remix,Remy Ma,100.0,03:39
Fiji,Rexx Life Raj,117.0,03:07
Phoenix,Rhye,108.0,04:34
Cooksonia,Richard Dawson,110.0,06:38
Jogging,Richard Dawson,110.0,06:38
Methuselah,Richard Dawson,110.0,06:38
Pitcher,Richard Dawson,110.0,06:38
Sow In Tears,"Richard Smallwood,Vision",110.0,06:05
Cold Blooded,Rick James,118.0,05:59
Eastbound,Riley Pearce,112.0,03:01
Gone 2015,"Robert Glasper,Pharoahe Monch",100.0,05:30
Living In New York City,Robin Thicke,110.0,03:25
Should Have Known,Robyn,106.0,03:58
Welcome to Hazbin,Rockit Music,101.0,03:19
Infatuation,Rod Stewart,107.0,05:14
Sunset Strip,Roger Waters,116.0,04:45
The Other Me,Roman Rouge,105.0,03:16
October,Rothstein,119.0,03:29
Cool J,Roy Woods,100.0,03:22
TIME,"Roy Woods,24hrs",104.0,03:23
Breathe,"Rudimental,Lianne La Havas",110.0,04:58
Ay Papi,"Run–D.M.C.,Fat Joe",105.0,03:15
Were the Gang Stalkers,Rusty Cage,101.0,03:03
Full Moon,"Rusty Egan,Anne Clark",118.0,08:40
I Need You Now,S7 Karaoke Band,108.0,03:55
Selfish,SAINt JHN,102.0,03:54
Get Down,"SIX,Genesis Lynea",103.0,04:13
Dont Give It Up,SIX60,110.0,03:21
I Dont Give A Fuck,SIX60,110.0,03:21
Believe in It,SNAP!,108.0,05:08
Ooops Up,SNAP!,103.0,06:42
NO SLEEP,SNOW CULTURE,105.0,03:24
Hello Sunshine,"STS,Yelawolf",112.0,05:32
Catch Flights Not Feelings,"SWIDT,JARNA",107.0,03:17
Blak Puddn,SWV,102.0,03:48
Garden Say It Like Dat,SZA,111.0,03:28
Ur,SZA,114.0,03:55
If I Had A Dollar,"Saba,Benjamin Earl Turner",119.0,03:13
Me in Her,Sabrina Claudio,115.0,03:06
Smooth Operator,Sade,119.0,04:18
Cotards Syndrome,Sadistik,110.0,05:15
Blackest Hand,Saint Mesa,114.0,05:42
Next Time That I See You,Salmonella Dub,105.0,06:47
Will V-Day Be Me-Day Too?,Salmonella Dub,105.0,06:47
The Story,Samuel Storm,116.0,03:25
Delicate,"Sananda Maitreya,Des'ree",113.0,04:16
Ill Never Be Maria Magdalena,Sandra,104.0,03:59
I'm The One Who Loves You,Santana,113.0,03:19
Bitter,Santino Le Saint,116.0,04:50
The Motherfucking Pterodactyl,Sarah Donner,110.0,03:14
Sweet Surrender,Sarah McLachlan,113.0,04:00
Lost My Way,Saturnus,118.0,04:48
Plastik,Say Yes Dog,119.0,03:18
Side Ting,Saya,106.0,03:44
Blank Face,"ScHoolboy Q,Kanye West",113.0,05:13
Bless Up,"Scarfo Da Plug,Coca Vango",110.0,04:39
Some Niggas,Schoolly D,102.0,04:35
Where The River Flows,"Scorpions,Ina Müller",110.0,03:53
Im Alive,Seal,104.0,04:01
Black Sheep Nirvana,Sean Leon,116.0,05:12
Da God,"Sean Price,Buckshot,Sadat X",112.0,03:04
2 Strong,Sega Bodega,103.0,03:39
Got Any Rivers / Carry You,Selah,108.0,04:22
Selena Gomez - Buscando Amor English Translation,Selena Gomez,116.0,03:01
Woof,Sen Morimoto,111.0,03:12
Jumpin Waves,"Sergiio,Ajanee",115.0,04:13
England Skies,"Shake Shake Go,Anaa",112.0,03:49
Because I Love You,Shakin' Stevens,102.0,03:17
Just Want to See You,Shakka,118.0,06:58
Over And Over,Shalamar,107.0,04:36
Long Way Home,Shaman's Harvest,103.0,04:15
Like I Used To,Sharon Van Etten,100.0,04:22
Definition of Fine,Shatterproof,116.0,03:48
Act So Sus,Shawn Christmas,110.0,03:14
The Weak End,Shawn James,115.0,05:32
Voodoo,"Shay Lia,Buddy",105.0,03:16
We,Shoffy,100.0,03:35
The Movies,Shona Laing,112.0,03:27
Hurricane,"Shortyo,Cooli Booli",117.0,03:21
Independent Ladies,"Show Dem Camp,Ajebutter22",104.0,03:36
Better Than Most Loves,"Shwayze,The Cataracs",115.0,03:51
Go There,SiR,108.0,03:16
Taken for Granted,Sia,100.0,04:35
Story of a Heart,Singer's Best,104.0,05:28
Rock and Roll,Singer's Edge Karaoke,101.0,03:59
All That You Are,Sinéad Harnett,118.0,03:37
Native language,Sio,113.0,06:05
Incomplete,Sisqo,119.0,04:34
Pitfalls,"Sistek,Tudor,Amy J Pryce",106.0,03:19
Harmony,Sitting on Stacy,118.0,03:45
Saturn,Skillet,101.0,05:09
Smothered Hope,Skinny Puppy,118.0,05:14
My Brother Had Dope Before He Left,Skooly,114.0,03:58
Lack of Emotion,Skott,110.0,03:07
Tracys Flaw,Skunk Anansie,103.0,04:30
New Kind Of Love,Skylar Grey,100.0,03:17
She Still Matters,Skylar Grey,115.0,03:41
Watching You,Slave,111.0,04:42
Memories,Slick Rick,100.0,04:05
In My Minds Desert,Slomosa,106.0,04:52
Twisted Cupid,Slow Train Soul,116.0,05:16
Long Duck Dong,Smoov-E,100.0,03:53
Peggy Sue,"Sniper Gang,Kodak Black,Petey Pablo",100.0,03:32
Pick a Choice,"Sniper Gang,Petho Burr,Kodak Black",118.0,04:03
R U A Freak,Snoop Dogg,115.0,03:45
Benadryl,Sofi Tukker,115.0,03:16
Whiskey and Wine,Sons Of The East,115.0,04:15
Ruin Your Night,Sorcha Richardson,109.0,03:08
Tenner,Spector,109.0,04:50
Big Bottom,Spinal Tap,113.0,03:32
Gone To The Dogs,Squeeze,111.0,03:54
Its Been Awhile Acoustic,Staind,114.0,04:30
Where I Wanna Be,"Star Cast,Luke James",102.0,03:21
Hares on the Mountain,Steeleye Span,112.0,04:35
Here at the Western World,Steely Dan,109.0,04:02
For Life Take You Out Treat You Right,Stephen Day,100.0,03:16
Blood of Christ,Steve Jett,117.0,04:01
Lost In Your Eyes,Steve Miller Band,103.0,03:47
Hot Boy,Steven Malcolm,100.0,03:26
I Still Miss Someone Blue Eyes,Stevie Nicks,109.0,04:08
Kind of Woman,Stevie Nicks,108.0,03:12
If She Breaks Your Heart,Stevie Wonder,100.0,05:03
Get It,"Stevie Wonder,Michael Jackson",118.0,04:32
Shes The Devil,Stitches,108.0,03:35
No Relation Gypsy Woman Remix,"Stolen Gin,ADLR,Different Hits",112.0,03:20
Escape,Sudan Archives,110.0,04:00
With My Whole Heart,Sufjan Stevens,100.0,05:14
Inside Out,"Suga Free,AMG,DJ Quik",115.0,03:11
Little Chimmy,Summer Salt,100.0,03:55
I Feel Love,Summer Soul,110.0,04:31
Communication,Summerella,118.0,03:04
See No More,Swans,111.0,05:30
Moanin for You,"Swing Republic,The Mills Brothers",109.0,04:52
Did You Mean It,Sydney Renae,110.0,03:06
Blue Lullaby,Szjerdene,110.0,04:36
2 Fine,"T-Pain,Ty Dolla $ign",104.0,06:15
Rule 1,TG Millian,100.0,03:50
Next,"THEMXXNLIGHT,Carti Bankx",119.0,03:50
Hands Up,TLC,102.0,03:48
Come Back Home,"TOBi,VanJess",104.0,03:42
Could This Be Love,TOTO,101.0,05:14
Its Gotta Be Now,Tahuna Breaks,108.0,04:27
He,Talking Heads,100.0,05:02
Swamp,Talking Heads,117.0,05:13
Swamp - Live,Talking Heads,117.0,04:30
Odyssey,Talos,118.0,04:47
Only One,Tammy Rivera,112.0,03:21
Friend Goals,"Tank and The Bangas,Duckwrth,Christian Scott aTunde Adjuah",112.0,03:27
Pieces,Tanlines,118.0,03:53
Teardrops On My Guitar Alternate Demo,Taylor Swift,100.0,03:23
Dont Confess,Tegan and Sara,115.0,04:32
More For Me,Tegan and Sara,100.0,03:44
So Jealous,Tegan and Sara,105.0,03:37
Wrists,Tegan and Sara,105.0,03:37
Born into the Sunset,Temples,119.0,07:12
Roll Up,"Terrace Martin,Wiz Khalifa,OverDoz.",116.0,04:58
Dream Machine,Tesla Boy,118.0,04:49
Tiger,"Thaiboy Digital,Yung Lean",112.0,05:25
A Change of Heart,The 1975,105.0,04:43
The Gifthorse,The Amity Affliction,100.0,03:22
Bragging Party,The Amps,111.0,04:33
Before,The Animals,106.0,03:47
Playa,The Bahama Soul Club,110.0,04:30
Ill Set You Free,The Bangles,118.0,04:29
The Lure Of The Sea,The Beautiful South,104.0,03:57
Throw His Song Away,The Beautiful South,108.0,03:35
Jump Rope Gazers,The Beths,100.0,05:12
Ringtone,The Big Hash,113.0,04:14
Heavy Is the Crown,"The Big Hash,YoungstaCPT,Blxckie",111.0,04:49
Under Your Spell,The Birthday Massacre,100.0,04:31
Daddys Car,The Cardigans,118.0,03:35
Pages Of Your Name,The Cautious,111.0,04:57
Honest,The Chainsmokers,100.0,03:28
More,"The Citrus Clouds,Bartoven",100.0,03:02
STYGGO,The Dandy Warhols,113.0,04:18
South City Midnight Lady,The Doobie Brothers,113.0,05:29
True Faith,The Flux,110.0,04:32
All the Way Gone,"The Game,Mario,Wale",111.0,04:07
Going in Circles,The Gap Band,118.0,04:34
Point of No Reply,The Horrors,117.0,04:59
The Word Before Last,The Human League,107.0,04:04
Amen,The Impressions,118.0,03:31
Roll Burbank Funk,"The Internet,KAYTRANADA",112.0,04:03
Ocean,The Iqon,110.0,03:16
How Can I Lose,"The Jokerr,Masetti",116.0,03:56
Isn't He A Strange One,The Judds,115.0,03:26
This Is an Adventure,The Lighthouse And The Whaler,104.0,03:19
Ava House,The Menzingers,116.0,03:40
Because The Night,"The Midnight,Nikki Flores",118.0,03:36
Cherry Tree,The National,105.0,04:10
93 Til,The Neighbourhood,114.0,04:04
Sons and Daughters,The Neville Brothers,101.0,05:00
Camping,The Obsessives,115.0,04:15
Vans,The Pack,102.0,04:15
In Recognition,The Proclaimers,119.0,03:03
Order Through Chaos,"The Psycho Realm,Sick Jacken,Big Duke",101.0,04:56
Daylight/Moonlight,The Red Pears,113.0,04:09
Sittin on a Fence,The Rolling Stones,102.0,03:02
Believe,The Smashing Pumpkins,109.0,03:13
Back To The Old House,The Smiths,104.0,03:06
Cowgirls Saddle,The Sounds Of Garth Brooks,111.0,03:51
Tongue Behind My Teeth,The Staves,107.0,03:27
2nd Chance,The Streets,110.0,03:12
Plastic Man,The Temptations,112.0,05:58
A Reason To Stay,The Tide,100.0,03:14
Smiling Faces Sometimes,The Undisputed Truth,105.0,03:18
The Freshmen,The Verve Pipe,100.0,04:29
One Headlight,The Wallflowers,108.0,05:12
The Hills,The Weeknd,113.0,04:02
Keep On Lovin Me,The Whispers,111.0,05:48
The Acid Queen,The Who,119.0,03:34
Half Caste,Thin Lizzy,109.0,03:37
Try Jah Love,Third World,112.0,06:49
Still I Rise,Thutmose,110.0,03:38
Why You Wanna Break My Heart,Tia Carrere,117.0,03:32
Dark and Lonely Night,Tiger Army,119.0,04:10
Dying Inside To Hold You,Timmy Thomas,101.0,03:39
Touch Pass,Tinashe,101.0,04:43
Lets Pretend,Tindersticks,117.0,03:21
Piss Aaron,Todd Rundgren,103.0,03:26
Y.A.S.,Todrick Hall,102.0,03:13
Built to Last,Tom Petty and the Heartbreakers,111.0,03:58
Casa Dega,Tom Petty and the Heartbreakers,117.0,03:35
Stop Your Fussin,Toni Childs,118.0,04:40
Bad Boy,Toni Romiti,105.0,03:56
Gangstas  Strippers,Too $hort,102.0,03:36
Walking Again,Toosii,103.0,03:46
2Late,Toro y Moi,111.0,04:29
Still Sound,Toro y Moi,111.0,04:29
Accordian,Tory Lanez,107.0,03:57
Aston Martin Music,Tory Lanez,107.0,03:57
Danny Glover Freestyle,Tory Lanez,107.0,03:57
Dry Your Is,Tory Lanez,107.0,03:57
Fucking Awesome,Tory Lanez,105.0,03:46
SWAVE MAN,Tory Lanez,105.0,03:46
Say It,Tory Lanez,107.0,03:57
Say It Tory Lanez Cover,Tory Lanez,107.0,03:57
TAlk tO Me Remix,Tory Lanez,105.0,03:46
You Got It Worse...,Tory Lanez,107.0,03:57
Pink Dolphin Sunset,"Tory Lanez,Tee",112.0,03:32
Fighting Words,"Trae Tha Truth,T.I.,Juicy J",111.0,09:37
Walking Down The Hill,Travis,109.0,03:54
Curvin Everybody,Travis Garland,117.0,03:28
Sideshow,"Traxamillion,Mistah F.A.B.,Too $hort",105.0,03:19
Sleepless Nights,"Trey Songz,Davido",112.0,04:16
No More,"Trina,K. Michelle",115.0,03:42
Im SwizZzle Bitch Rack City Remix,Tyga,105.0,03:14
Master Suite,Tyga,116.0,03:31
Ugly People Be Quiet Remix,Tyga,100.0,03:30
Girls  Guitars,"Tyga,Kirko Bangz",116.0,03:22
THE WHO?,"Tyler, The Creator,A$AP Rocky",115.0,03:25
Nothing On You,Tyrese,113.0,04:54
Picture Perfect,Tyrese,113.0,04:54
Stateless,U2,105.0,04:07
Dont Shoot Me Down,UB40,101.0,03:49
Come Back To Me Baby,US5,113.0,03:53
Foolin Around,USHER,113.0,04:11
Foolin' Around,USHER,113.0,04:11
Lingerie,USHER,114.0,04:13
Monstar,USHER,116.0,05:01
Whats Your Name,"USHER,will.i.am",116.0,03:58
Built to Break,USS (Ubiquitous Synergy Seeker),116.0,03:48
Moon In Water,Underworld,115.0,05:42
Even Now,"United Pursuit,Will Reagan",116.0,04:35
Gone,"Vague Detail,Kaleem Taylor,The Code",103.0,04:10
You Dont Understand,Van Morrison,114.0,06:17
Slow Down,"VanJess,Lucky Daye",113.0,03:47
Red Eye,Vance Joy,116.0,05:03
Best For You,Verse Simmonds,100.0,03:47
Love Love Love,ViVii,115.0,04:07
Wings,"Viking Barbie,Keta Loren",110.0,03:38
Losing Your Love,Vince Gill,102.0,04:45
Loco,"Vince Staples,Kilo Kish",100.0,04:18
Disintegrate Me,Viniloversus,104.0,03:12
So Many Stars,Viniloversus,106.0,03:44
Nobody Told Me,Vintage Trouble,107.0,04:36
Do You Really Want to Hurt Me?,Violent Femmes,107.0,04:50
Before,Vkanon,105.0,03:52
Worldboss Dons,"Vybz Kartel,Lisa Mercedez,Redboom",102.0,03:22
Switch It Up,WSTRN,102.0,03:41
Dance Hall Days,Wang Chung,103.0,04:00
To Live And Die In La,Wang Chung,107.0,04:53
To Live and Die in L.A.,Wang Chung,107.0,04:53
Searching For A Heart,Warren Zevon,110.0,04:16
Ghostin,Wesley Joseph,117.0,03:17
Chronic Schizophrenia,Wesley Willis,114.0,03:07
Changed for the Better,Weval,109.0,05:46
Fuck You Bitch,Wheeler Walker Jr.,119.0,03:22
Don't Wanna Know Why,Whiskeytown,119.0,03:59
Life Line,"White Punk,TMTTMF",106.0,03:55
The Squid Song,Wilbur Soot,105.0,03:59
Quiet Amplifier,Wilco,119.0,05:49
Think It Over,Wild Child,108.0,03:54
There Is a Ledger,Wild Pink,115.0,03:34
I Miss You,William Prince,108.0,03:05
Every Feeling,"Win and Woo,Ian Gott",104.0,03:34
Ali D,Winston Surfshirt,110.0,03:32
Strange,Wire,102.0,03:59
Leaving You,Wolf Alice,118.0,03:18
Damn,Woop,115.0,04:39
All White/Interlude,"Wretch 32,Nafe Smallz,K-Trap",115.0,04:12
Protective Custody,Wu-Tang Clan,102.0,04:38
The M. G. M.,"Wu-Tang Clan,RZA,Method Man,Inspectah Deck,Raekwon,U-God,Ol' Dirty Bastard,Ghostface Killah,GZA",102.0,04:51
Conceal Me,Xavier Rudd,105.0,03:54
Soften the Blow,Xavier Rudd,100.0,05:11
1s,"Xavier Wulf,Ecco,Bladee",112.0,03:35
No Photos,Xavy Rusan,111.0,04:20
Do Not Disturb,"YG,Kamaiyah,G-Eazy",104.0,03:05
TOO BRAZY,"YG,Mozzy",100.0,03:30
Kairos The Trip,YGTUT,110.0,03:38
Mamma Im Sorry,YNW Melly,110.0,03:51
Bompton,"YS,1takejay,OHGEESY",104.0,03:40
Way back,Yeat,114.0,03:13
Capri Calling,"Yello,Billy Mackenzie",109.0,03:01
Grey Goose,Ying Yang Twins,112.0,05:31
Superstar in Norway,Ylvis,115.0,03:19
Night People,You Me At Six,104.0,04:31
No Bitch,Young Curt,100.0,03:13
Instagram Thot,Young Sam,100.0,03:09
Insomnia,Yung Pinch,110.0,03:06
Wish You Well,Yung Trip,103.0,03:16
Grapefruit,Yuno,100.0,04:43
Searching,Z by Z,119.0,04:44
Dont Push Me,ZZang KARAOKE,109.0,03:19
Real Gimme Somethin Thats Real,Zach Deputy,102.0,05:50
Remember Me,Zack Hemsey,100.0,05:07
Bills,Zack Knight,110.0,03:21
It Doesnt Really Matter,Zapp,118.0,05:28
Groove Thang,Zhané,102.0,03:55
Rebellious Style,"Zippy Kid,Ruslan Troknyuk",106.0,06:11
BackPage,Zoee Poppy,117.0,03:53
Lady,Zonke,108.0,03:55
You should know,"Zubi,Ashref",102.0,03:17
Little Red Riding Hood,aeseaes,108.0,03:08
All of This,"blink-182,Robert Smith",118.0,04:40
Til You Say,glue70,107.0,03:55
NOT HUMAN,ionnalee,119.0,05:17
Mixtape,jens,106.0,03:16
You Are My Own,maurice mayfield,110.0,03:13
Get Over It,"nothing,nowhere.",105.0,03:04
Just A Little Longer,shy martin,105.0,03:26
Love Lost,"swaerealugly,daytonthegoat",112.0,03:26
I Cant Go for That,the bird and the bee,114.0,03:36
I Feel Like Dying,"tobi lou,T-Pain",111.0,03:14
FIYAH,will.i.am,116.0,04:00
Youre Pitiful,"\Weird Al\"" Yankovic""",117.0,03:36
Dance With Me,112,102.0,03:51
Horse Head,16 Horsepower,112.0,03:01
Use of Time,311,102.0,04:24
The Jack,AC/DC,112.0,05:52
People II 2: Still Peoplin,AJJ,110.0,03:09
Hush,Afroman,100.0,04:39
Listen to Your Heart,Alicia Keys,102.0,03:46
Gimme the Wheel,"Alina Baraz,Smino",102.0,03:37
4 Alarm Fire,Allan Rayman,113.0,03:11
Strawberry Kisses,Amber-Simone,100.0,03:50
Between,Ames,110.0,03:31
Underwater,Ana Zimmer,115.0,03:05
On Oath,Andy Stott,115.0,08:08
Dark Hearts,Annie,115.0,04:10
My Friends Are Robots,Arrested Youth,100.0,03:08
Hes In Control,Austins Bridge,114.0,05:20
Lost  Confused,Autumn!,115.0,03:20
Sinking Ship,Balthazar,116.0,03:10
Im Betta,Bell Biv DeVoe,112.0,04:21
Beautiful,Ben Rector,105.0,03:59
Dreaming My Life Away,Best Coast,106.0,03:21
Dripping,Blonde Redhead,114.0,03:40
Joey,Bob Dylan,117.0,11:05
Shame on the Moon,Bob Seger,106.0,04:55
A Mile Away,"Breakbot,Irfane",101.0,03:44
Clumsy,Britney Spears,104.0,03:03
One Time,"CHVSE,King Malone",115.0,03:47
Trenches,CalenRaps,109.0,03:25
Just One Dance,Caro Emerald,110.0,04:00
Im a Dirty Attic,Cate Le Bon,101.0,03:06
Would You Believe,"Catz 'n Dogz,Jono McCleery",119.0,04:30
Colour My Heart,Charlotte OC,118.0,04:39
Text,"Chief Keef,C. Mula",107.0,03:48
Leo Season,Chynna,110.0,03:12
Not Coming Down,Cleopold,111.0,03:36
I Wake Up Crying,Cliff Richard,110.0,03:51
Love On (Non Album B-Side),Cliff Richard,110.0,03:51
Pressure,"Cordae,Gunna",116.0,03:02
It's Only Natural,Crowded House,116.0,03:32
You Know I'm Not Crazy,Culture Club,103.0,03:36
Oh Honey,"Cunninlynguists,Farah Elle",110.0,03:22
Mallwalking,Cymbals Eat Guitars,100.0,04:38
Beast In The Night,D'african,101.0,03:30
Blood in the Tears,Demon Hunter,106.0,05:16
Deuce Dot Com,Deuce,109.0,03:23
Come Back Around,Dirty Heads,112.0,03:13
Macho Madness,Don Trip,115.0,03:03
My Baby Understands,Donna Summer,103.0,03:58
Passionfruit,Drake,112.0,04:58
Wu-Tang Forever,Drake,100.0,03:37
Tick Tock,EO,103.0,03:25
Hybrid,Egypxn,114.0,03:41
Anymore,Ella Mai,107.0,03:55
Just Hold Me,Ely Waves,118.0,03:24
Motion,Emotional Oranges,106.0,03:56
Taller Than Me,Evan Blum,112.0,03:41
Love Like This Remix,Faith Evans,101.0,04:35
Dear Neighbor,"Flapo,Jenni Potts,Pham",109.0,04:12
Keep On Going,Fleetwood Mac,107.0,04:04
Something Different,Francesco Yates,117.0,04:13
Bleed Like Me,Garbage,110.0,04:01
Emotion,Gary Numan,112.0,04:04
"Hold Me, Thrill Me, Kiss Me",Gloria Estefan,109.0,03:22
For a Little While,Good Morning,108.0,04:09
Youre the One for Me,"Great Good Fine Ok,Digital Farm Animals",107.0,04:29
Shake N Fries,"Gucci Mane,Ludacris",106.0,03:37
Cash is Money,HOMESHAKE,101.0,03:02
Watch Me While I Bloom,Hayley Williams,115.0,03:44
Joy Demo,Hippo Campus,105.0,03:14
The Club,Hit The Button Karaoke,115.0,03:43
Theres An End,Holly Golightly,118.0,03:33
The Last Stampede,Ian Noe,107.0,04:29
Lifetime,Inc.,115.0,04:34
Start Again,Isak Danielson,113.0,03:35
Zombie,Jade Novah,105.0,03:48
Distraction,Jake Miller,104.0,03:27
Be More Chill Pt. 2,"Jason Tam,Be More Chill Original Broadway Ensemble",114.0,04:24
90059,"Jay Rock,Black Hippy",115.0,04:43
Help Myself,"Jay Wile,Patrick Pryor",100.0,03:20
Opera,Jazz Cartier,110.0,03:30
Nothing But a Breeze,Jesse Winchester,115.0,04:34
Ladies in Drag Foreword by Fred Schneider,Jinkx Monsoon,116.0,04:43
Readers Wives,John Cooper Clarke,116.0,03:12
Got My Heart Set On You,John Denver,113.0,03:51
No Brakes,John Waite,105.0,04:29
Sunshine,Jonathan Coulton,113.0,04:38
Wicked,Jordan Stephens,119.0,03:17
Im Sorry,Joyner Lucas,110.0,05:49
Apart,KAZKA,118.0,03:06
Arkaic vs. Sensa,Katchafire,101.0,04:57
Pearl,Katy Perry,116.0,04:07
By the Time This Night Is Over,"Kenny G,Peabo Bryson",104.0,04:45
Keep The Fire,Kenny Loggins,113.0,04:35
Change Up,Kenny Turnup,110.0,03:55
Lay Your Head Down,Keren Ann,102.0,04:43
Money Phone,Keyshia Cole,117.0,04:15
Switching Sides,"KiingRod,Lil Noonie,Kbgocrazy",100.0,04:11
Keep On Rollin,King George,100.0,03:55
Tony,King Louie,115.0,03:53
Mary,Kora,110.0,04:27
Romantic,"Korede Bello,Tiwa Savage",104.0,03:45
Easy Way Out,LEISURE,105.0,03:52
My Trains,Lemon Demon,110.0,04:04
Angel,Leprous,109.0,04:53
Murder Me,Life After Youth,114.0,03:05
Flexin Maury Povich,Lil B,119.0,04:27
Karate Kid,"Lil Gotit,Uno Freaky",119.0,03:09
The Best I Ever Had,Limi,100.0,03:19
Peace,Lissie,114.0,03:39
Clair de Lune,Little Green Cars,119.0,04:27
Created Player,Lomez Brown,110.0,03:42
Lover And Friend,Lomez Brown,110.0,03:42
Green Light,London Jae,100.0,03:36
Team,Lorde,100.0,03:13
Keep it Underground,Lords Of The Underground,101.0,04:07
They Said You Needed Me,Luther Vandross,110.0,03:50
Shes Soft and Wet,MC Hammer,116.0,03:25
Tell Me,"MC Magic,Kid Brown,True Breed",101.0,03:50
Run Up Afrosmash Remix,"Major Lazer,PARTYNEXTDOOR,Nicki Minaj,Yung L,Skales,Chopstix",117.0,03:25
KISS ME THRU THE PHONE,Mariah Carey,119.0,04:21
Daffodils,"Mark Ronson,Kevin Parker",109.0,04:58
Shoulda Coulda Woulda,"Mattybraps,Ashlund Jade",112.0,03:40
Love Is The Power,Michael Bolton,104.0,05:34
Rock With You,Michael Jackson,114.0,03:40
Beds are Burning - Tck Tck Tck,Midnight Oil,119.0,04:15
Fweaky,Miley Cyrus,103.0,03:47
Niko Its Your Cousin,Miracle Of Sound,110.0,03:19
Lounge Closing Time,Modest Mouse,116.0,07:03
Dont Get Me Wrong,"Muni Long,Jacob Latimore",115.0,03:47
Down By The Henry Moore,Murray McLauchlan,119.0,04:36
I Love You But Ive Chosen Me - Part I: Bicker Man,NO CIGAR,101.0,04:16
My Country,Nahko And Medicine For The People,106.0,03:23
Howlin,Naomi Wild,118.0,04:04
Carmelita's Eyes,Neil Diamond,100.0,04:02
Someday,Neil Young,110.0,05:42
Doubts Even Here,New Order,100.0,04:19
Been Lovin You,Nicky Davey,102.0,03:51
I Go Chop Your Dollar,Nkem Owoh,102.0,05:10
Ghost,Noah Cyrus,104.0,03:05
Around Me,ONUKA,115.0,03:46
No Going Back,Openside,101.0,04:11
More Than You Know,Out Of Eden,104.0,04:09
Millennium,"PLVTINUM,Tarro",110.0,03:16
Once I Had a Sweetheart,Pentangle,118.0,04:38
Hi 5,"Peter CottonTale,Eryn Allen Kane,Grace Weber,Sing Harlem",105.0,04:34
Holdin on Together,Phoenix,102.0,03:27
Red Room,Pia Mia,103.0,03:01
Ill Be Missing You,ProSound Karaoke Band,109.0,03:40
Know How It Feel,RJMrLA,101.0,03:23
Chic,"Raphael Saadiq,Teedra Moses",100.0,03:40
Red Velvet - Butterflies English Translation,Red Velvet,106.0,03:45
Red Velvet - Good Bad Ugly English Translation,Red Velvet,106.0,03:45
Dying To Be Me,Remy Ma,100.0,03:39
Everything Good,Richard Marx,107.0,03:18
Heaven,Richie Campbell,100.0,03:51
Roddie Ricch - The Box GAYMIX GAY PARODY,Roddy Ricch,117.0,03:16
Rocket,Royal Deluxe,112.0,03:32
BU2B2,Rush Garcia,105.0,04:18
Lets Be Bad SMASH Cast Version,"SMASH Cast,Megan Hilty",110.0,03:02
Get Up Everybody,"Salt-N-Pepa,Spinderella",102.0,03:39
Fall Back,"Sevyn Streeter,Dominic Scott",118.0,03:03
Satans Hands,Sexy Girls,115.0,05:09
Ramallah,Shkoon,109.0,07:22
Live Szn,"Smiley,Mksolive,Ryda,Homie",115.0,03:12
Skin,Soccer Mommy,100.0,04:01
I Turn My Camera On,Spoon,100.0,03:32
Juice,Stackztootrill,102.0,05:32
Precious Thing,Step In My Groove,108.0,05:02
Future Friends Brian Robert Jones Choir Remix,"Superfruit,Brian Robert Jones",111.0,03:33
Under the Sun,Sy Ari Da Kid,105.0,04:16
Its Calm,"Sy Ari Da Kid,Birdman",115.0,03:57
Like Nothing Ever Happened,Sylvia,115.0,03:41
Im Sprung 2,"T-Pain,Youngbloodz,Trick Daddy",100.0,04:19
Shut Eye Demo,TJ & Huri,116.0,03:39
Live For Today,TOTO,112.0,04:01
Turn Back,TOTO,106.0,03:57
Love is Contagious,Taja Sevelle,111.0,04:37
Take Me To The River,Talking Heads,100.0,05:02
Take Me to the River,Talking Heads,100.0,05:02
Sound of Heaven,"Tasha Layton,Chris McClarney",102.0,04:25
Time of the Season,The Ben Taylor Band,105.0,04:21
Mind Eraser,The Black Keys,105.0,03:14
Lonely Moon,The Cat Empire,107.0,03:48
A Mess to Be Made,The Format,110.0,03:27
Walking In The Rain,The Hit Co.,108.0,03:18
Suffer Little Children,The Smiths,100.0,05:30
Little Acorns,The White Stripes,115.0,04:09
Money in the Ghetto,Too $hort,103.0,05:43
Spin Around,Tory Lanez,105.0,03:46
Udfc,Trey Schafer,105.0,03:20
Boss,"Trey Songz,Chisanity",114.0,03:26
WINTER LUV LUV 4,Trilla Kid,100.0,04:12
Too Soon,Tuka,105.0,03:07
Straight Into Your Arms,Vance Joy,100.0,03:37
On My Way,Vedo,109.0,03:11
The Way That You Love Me,Vera Blue,103.0,03:36
Real Or Not,Warren Zeiders,112.0,03:38
Caterpillars Of the Commonwealth,Will Connolly,111.0,04:47
Let Me Love You,William Singe,100.0,03:19
The Tree I Climb,"Yellow Days,Nick Walters",116.0,03:40
Little Bit of Truth,You Me At Six,115.0,05:31
Miss It,Yung Bleu,105.0,04:05
Fire  Fury,"Yung Simmie,Rell",114.0,03:43
Horizon,Zulu Wow,117.0,03:36
SOME BODY,ionnalee,110.0,04:20
